POS,player,matches,innings,not_out,runs,highest_score,bat_avg,balls_faced,bat_sr,centuries,fifties,fours,sixes,season,source
1,Shaun Marsh,11,11,2,616.0,115,68.44,441.0,139.68,1.0,5.0,59.0,26.0,2008,most_runs
2,Gautam Gambhir,14,14,1,534.0,86,41.07,379.0,140.89,0.0,5.0,68.0,8.0,2008,most_runs
3,Sanath Jayasuriya,14,14,2,518.0,114*,43.16,309.0,167.63,1.0,2.0,58.0,31.0,2008,most_runs
4,Shane Watson,15,15,5,472.0,76*,47.2,311.0,151.76,0.0,4.0,47.0,19.0,2008,most_runs
5,Graeme Smith,11,11,2,441.0,91,49.0,362.0,121.82,0.0,3.0,54.0,8.0,2008,most_runs
6,Adam Gilchrist,14,14,1,436.0,109*,33.53,318.0,137.1,1.0,3.0,51.0,19.0,2008,most_runs
7,Yusuf Pathan,16,15,1,435.0,68,31.07,243.0,179.01,0.0,4.0,43.0,25.0,2008,most_runs
8,Suresh Raina,16,14,3,421.0,55*,38.27,296.0,142.22,0.0,3.0,35.0,18.0,2008,most_runs
9,MS Dhoni,16,14,4,414.0,65,41.4,310.0,133.54,0.0,2.0,38.0,15.0,2008,most_runs
10,Virender Sehwag,14,14,2,406.0,94*,33.83,220.0,184.54,0.0,3.0,46.0,21.0,2008,most_runs
11,Rohit Sharma,13,12,1,404.0,76*,36.72,273.0,147.98,0.0,4.0,38.0,19.0,2008,most_runs
12,Rahul Dravid,14,14,1,371.0,75*,28.53,298.0,124.49,0.0,2.0,35.0,11.0,2008,most_runs
13,Sourav Ganguly,13,13,1,349.0,91,29.08,307.0,113.68,0.0,3.0,33.0,15.0,2008,most_runs
14,Shikhar Dhawan,14,14,5,340.0,68*,37.77,295.0,115.25,0.0,4.0,35.0,8.0,2008,most_runs
15,Robin Uthappa,14,14,5,320.0,48,35.55,279.0,114.69,0.0,0.0,34.0,9.0,2008,most_runs
16,Kumar Sangakkara,10,9,0,320.0,94,35.55,198.0,161.61,0.0,4.0,41.0,8.0,2008,most_runs
17,David Hussey,13,13,2,319.0,71,29.0,259.0,123.16,0.0,2.0,19.0,17.0,2008,most_runs
18,Swapnil Asnodkar,9,9,0,311.0,60,34.55,233.0,133.47,0.0,2.0,43.0,6.0,2008,most_runs
19,Parthiv Patel,13,13,2,302.0,54,27.45,297.0,101.68,0.0,2.0,42.0,3.0,2008,most_runs
20,Yuvraj Singh,15,14,1,299.0,57,23.0,184.0,162.5,0.0,1.0,24.0,19.0,2008,most_runs
21,Venugopal Rao,11,10,2,288.0,71*,36.0,210.0,137.14,0.0,2.0,22.0,15.0,2008,most_runs
22,Albie Morkel,13,10,3,241.0,71,34.42,163.0,147.85,0.0,1.0,18.0,14.0,2008,most_runs
23,Mark Boucher,10,10,3,225.0,50*,32.14,177.0,127.11,0.0,1.0,24.0,6.0,2008,most_runs
24,James Hopes,11,11,0,221.0,71,20.09,148.0,149.32,0.0,2.0,27.0,8.0,2008,most_runs
25,Abhishek Nayar,14,10,2,206.0,45*,25.75,138.0,149.27,0.0,0.0,16.0,9.0,2008,most_runs
26,Jacques Kallis,11,11,0,199.0,54,18.09,183.0,108.74,0.0,1.0,23.0,4.0,2008,most_runs
27,Stephen Fleming,10,10,1,196.0,45,21.77,164.0,119.51,0.0,0.0,27.0,3.0,2008,most_runs
28,Salman Butt,7,7,0,193.0,73,27.57,161.0,119.87,0.0,1.0,30.0,2.0,2008,most_runs
29,Subramaniam Badrinath,16,11,5,192.0,64,32.0,130.0,147.69,0.0,2.0,21.0,8.0,2008,most_runs
30,Matthew Hayden,4,4,1,189.0,81,63.0,131.0,144.27,0.0,2.0,24.0,6.0,2008,most_runs
31,Brendon McCullum,4,4,1,188.0,158*,62.66,92.0,204.34,1.0,0.0,13.0,15.0,2008,most_runs
32,Sachin Tendulkar,7,7,1,188.0,65,31.33,177.0,106.21,0.0,1.0,26.0,2.0,2008,most_runs
33,Mahela Jayawardena,13,12,5,179.0,45*,25.57,131.0,136.64,0.0,0.0,15.0,7.0,2008,most_runs
34,Dwayne Bravo,9,7,1,178.0,64*,29.66,134.0,132.83,0.0,1.0,19.0,5.0,2008,most_runs
35,Mohammad Kaif,16,14,3,176.0,34*,16.0,171.0,102.92,0.0,0.0,14.0,6.0,2008,most_runs
36,Michael Hussey,4,3,1,168.0,116*,84.0,100.0,168.0,1.0,0.0,12.0,11.0,2008,most_runs
37,Herschelle Gibbs,9,9,0,167.0,47,18.55,153.0,109.15,0.0,0.0,17.0,8.0,2008,most_runs
38,Virat Kohli,13,12,1,165.0,38,15.0,157.0,105.09,0.0,0.0,18.0,4.0,2008,most_runs
39,Laxmi Ratan Shukla,13,12,4,163.0,42,20.37,122.0,133.6,0.0,0.0,17.0,5.0,2008,most_runs
40,Andrew Symonds,4,3,1,161.0,117*,80.5,105.0,153.33,1.0,0.0,15.0,9.0,2008,most_runs
41,Wriddhiman Saha,12,10,5,159.0,59*,31.8,119.0,133.61,0.0,1.0,12.0,7.0,2008,most_runs
42,VVS Laxman,6,6,1,155.0,52,31.0,132.0,117.42,0.0,1.0,22.0,1.0,2008,most_runs
43,Luke Pomersbach,5,5,4,152.0,79*,152.0,99.0,153.53,0.0,1.0,13.0,9.0,2008,most_runs
44,Ross Taylor,4,4,0,149.0,53,37.25,81.0,183.95,0.0,1.0,13.0,10.0,2008,most_runs
45,Shaun Pollock,13,8,0,147.0,33,18.37,111.0,132.43,0.0,0.0,12.0,8.0,2008,most_runs
46,Vidyut Sivaramakrishnan,9,8,0,145.0,54,18.12,109.0,133.02,0.0,1.0,21.0,3.0,2008,most_runs
47,Dinesh Karthik,13,8,2,145.0,56*,24.16,107.0,135.51,0.0,1.0,13.0,4.0,2008,most_runs
48,Ravindra Jadeja,14,9,2,135.0,36*,19.28,103.0,131.06,0.0,0.0,11.0,6.0,2008,most_runs
49,Irfan Pathan,14,10,4,131.0,40,21.83,116.0,112.93,0.0,0.0,9.0,6.0,2008,most_runs
50,Kamran Akmal,6,6,1,128.0,53*,25.6,78.0,164.1,0.0,1.0,13.0,8.0,2008,most_runs
51,MF Maharoof,10,8,2,125.0,39,20.83,79.0,158.22,0.0,0.0,10.0,7.0,2008,most_runs
52,Misbah-ul-Haq,8,8,1,117.0,47*,16.71,81.0,144.44,0.0,0.0,10.0,6.0,2008,most_runs
53,Wasim Jaffer,6,6,0,115.0,50,19.16,104.0,110.57,0.0,1.0,12.0,3.0,2008,most_runs
54,Cameron White,8,8,1,114.0,31*,16.28,102.0,111.76,0.0,0.0,8.0,4.0,2008,most_runs
55,Scott Styris,8,8,2,112.0,36*,18.66,123.0,91.05,0.0,0.0,9.0,2.0,2008,most_runs
56,Praveen Kumar,13,12,2,112.0,34,11.2,98.0,114.28,0.0,0.0,10.0,6.0,2008,most_runs
57,Dwaraka Ravi Teja,7,6,0,109.0,40,18.16,82.0,132.92,0.0,0.0,10.0,5.0,2008,most_runs
58,Manoj Tiwary,9,7,3,104.0,39,26.0,85.0,122.35,0.0,0.0,16.0,0.0,2008,most_runs
59,Tillakaratne Dilshan,7,7,1,104.0,33,17.33,79.0,131.64,0.0,0.0,14.0,3.0,2008,most_runs
60,Debabrata Das,6,6,0,103.0,31,17.16,94.0,109.57,0.0,0.0,9.0,5.0,2008,most_runs
61,Niraj Patel,5,4,2,103.0,57,51.5,81.0,127.16,0.0,1.0,13.0,1.0,2008,most_runs
62,Simon Katich,2,2,1,96.0,75,96.0,69.0,139.13,0.0,1.0,11.0,2.0,2008,most_runs
63,AB de Villiers,6,6,1,95.0,26*,19.0,98.0,96.93,0.0,0.0,5.0,1.0,2008,most_runs
64,Piyush Chawla,15,7,3,90.0,24*,22.5,59.0,152.54,0.0,0.0,10.0,3.0,2008,most_runs
65,Shreevats Goswami,4,3,0,82.0,52,27.33,85.0,96.47,0.0,1.0,9.0,1.0,2008,most_runs
66,Shahid Afridi,10,9,1,81.0,33,10.12,46.0,176.08,0.0,0.0,7.0,6.0,2008,most_runs
67,Karan Goel,7,6,0,76.0,26,12.66,78.0,97.43,0.0,0.0,7.0,4.0,2008,most_runs
68,Ramnaresh Sarwan,4,4,0,73.0,31,18.25,75.0,97.33,0.0,0.0,6.0,1.0,2008,most_runs
69,Shane Warne,15,7,2,70.0,22*,14.0,59.0,118.64,0.0,0.0,7.0,2.0,2008,most_runs
70,Ajit Agarkar,9,6,1,54.0,20,10.8,46.0,117.39,0.0,0.0,5.0,2.0,2008,most_runs
71,Shoaib Malik,7,5,1,52.0,24,13.0,47.0,110.63,0.0,0.0,5.0,0.0,2008,most_runs
72,Arjun Yadav,8,6,1,49.0,16,9.8,39.0,125.64,0.0,0.0,5.0,2.0,2008,most_runs
73,Sanjay Bangar,11,7,1,47.0,17*,7.83,49.0,95.91,0.0,0.0,1.0,3.0,2008,most_runs
74,Balachandra Akhil,7,7,4,46.0,27*,15.33,31.0,148.38,0.0,0.0,4.0,3.0,2008,most_runs
75,Dwayne Smith,4,3,0,45.0,20,15.0,40.0,112.5,0.0,0.0,5.0,1.0,2008,most_runs
76,Aakash Chopra,5,5,0,42.0,24,8.4,52.0,80.76,0.0,0.0,5.0,0.0,2008,most_runs
77,LPC Silva,3,3,1,40.0,23*,20.0,26.0,153.84,0.0,0.0,5.0,1.0,2008,most_runs
78,Ricky Ponting,4,4,0,39.0,20,9.75,53.0,73.58,0.0,0.0,2.0,1.0,2008,most_runs
79,Umar Gul,6,4,1,39.0,24,13.0,19.0,205.26,0.0,0.0,1.0,5.0,2008,most_runs
80,Dominic Thornely,6,4,2,39.0,30,19.5,53.0,73.58,0.0,0.0,2.0,2.0,2008,most_runs
81,Amit Mishra,6,3,0,37.0,31,12.33,42.0,88.09,0.0,0.0,3.0,0.0,2008,most_runs
82,Sohail Tanvir,11,5,2,36.0,13,12.0,29.0,124.13,0.0,0.0,3.0,1.0,2008,most_runs
83,Manpreet Gony,16,5,4,35.0,15*,35.0,23.0,152.17,0.0,0.0,2.0,3.0,2008,most_runs
84,Luke Ronchi,4,4,0,34.0,13,8.5,32.0,106.25,0.0,0.0,6.0,1.0,2008,most_runs
85,Mahesh Rawat,11,7,3,34.0,23*,8.5,39.0,87.17,0.0,0.0,3.0,1.0,2008,most_runs
86,Rajat Bhatia,9,3,1,34.0,17,17.0,28.0,121.42,0.0,0.0,2.0,2.0,2008,most_runs
87,Zaheer Khan,11,8,4,34.0,17*,8.5,43.0,79.06,0.0,0.0,4.0,0.0,2008,most_runs
88,Pinal Shah,5,4,0,34.0,19,8.5,35.0,97.14,0.0,0.0,4.0,0.0,2008,most_runs
89,Dinesh Salunkhe,6,3,1,33.0,26*,16.5,24.0,137.5,0.0,0.0,5.0,0.0,2008,most_runs
90,Tatenda Taibu,3,3,0,31.0,15,10.33,26.0,119.23,0.0,0.0,3.0,0.0,2008,most_runs
91,Harbhajan Singh,3,3,1,30.0,28,15.0,17.0,176.47,0.0,0.0,1.0,3.0,2008,most_runs
92,Murali Kartik,6,3,0,30.0,17,10.0,27.0,111.11,0.0,0.0,3.0,0.0,2008,most_runs
93,Ramesh Powar,5,1,1,28.0,28*,0.0,21.0,133.33,0.0,0.0,4.0,1.0,2008,most_runs
94,RP Singh,14,9,5,27.0,10,6.75,24.0,112.5,0.0,0.0,2.0,1.0,2008,most_runs
95,Saurabh Tiwary,3,2,0,26.0,17,13.0,20.0,130.0,0.0,0.0,3.0,1.0,2008,most_runs
96,Wilkin Mota,4,2,1,26.0,25,26.0,27.0,96.29,0.0,0.0,2.0,0.0,2008,most_runs
97,Shivnarine Chanderpaul,3,3,0,25.0,16,8.33,31.0,80.64,0.0,0.0,4.0,0.0,2008,most_runs
98,Vinay Kumar,8,4,1,25.0,23,8.33,22.0,113.63,0.0,0.0,2.0,1.0,2008,most_runs
99,Musavir Khote,4,3,1,24.0,9,12.0,22.0,109.09,0.0,0.0,2.0,1.0,2008,most_runs
100,Jagadeesh Arunkumar,3,3,0,23.0,22,7.66,23.0,100.0,0.0,0.0,5.0,0.0,2008,most_runs
101,Chaminda Vaas,5,4,1,21.0,12*,7.0,18.0,116.66,0.0,0.0,0.0,1.0,2008,most_runs
102,Bharat Chipli,3,3,0,20.0,10,6.66,28.0,71.42,0.0,0.0,3.0,0.0,2008,most_runs
103,Mohammad Hafeez,8,3,1,20.0,13,10.0,22.0,90.9,0.0,0.0,2.0,1.0,2008,most_runs
104,Darren Lehmann,2,2,0,18.0,17,9.0,18.0,100.0,0.0,0.0,3.0,0.0,2008,most_runs
105,Siddharth Chitnis,3,2,0,18.0,15,9.0,10.0,180.0,0.0,0.0,1.0,1.0,2008,most_runs
106,Jacob Oram,4,3,2,18.0,13,18.0,12.0,150.0,0.0,0.0,1.0,1.0,2008,most_runs
107,Brett Lee,4,3,2,17.0,16*,17.0,13.0,130.76,0.0,0.0,2.0,1.0,2008,most_runs
108,Chamara Kapugedera,5,3,0,16.0,8,5.33,23.0,69.56,0.0,0.0,0.0,0.0,2008,most_runs
109,Joginder Sharma,8,3,1,16.0,16,8.0,11.0,145.45,0.0,0.0,1.0,1.0,2008,most_runs
110,Yo Mahesh,11,5,3,15.0,6*,7.5,27.0,55.55,0.0,0.0,0.0,0.0,2008,most_runs
111,Devraj Patil,2,2,0,13.0,9,6.5,13.0,100.0,0.0,0.0,1.0,0.0,2008,most_runs
112,Anil Kumble,10,5,3,13.0,8,6.5,17.0,76.47,0.0,0.0,1.0,0.0,2008,most_runs
113,Brad Hodge,3,3,0,12.0,10,4.0,17.0,70.58,0.0,0.0,2.0,0.0,2008,most_runs
114,Ishant Sharma,13,6,5,11.0,4*,11.0,11.0,100.0,0.0,0.0,1.0,0.0,2008,most_runs
115,Nuwan Zoysa,3,2,1,11.0,10*,11.0,9.0,122.22,0.0,0.0,1.0,0.0,2008,most_runs
116,Makhaya Ntini,9,2,1,11.0,11,11.0,18.0,61.11,0.0,0.0,2.0,0.0,2008,most_runs
117,Taruwar Kohli,2,2,0,10.0,7,5.0,15.0,66.66,0.0,0.0,0.0,1.0,2008,most_runs
118,Dimitri Mascarenhas,1,1,0,9.0,9,9.0,8.0,112.5,0.0,0.0,0.0,1.0,2008,most_runs
119,Ashley Noffke,1,1,0,9.0,9,9.0,10.0,90.0,0.0,0.0,1.0,0.0,2008,most_runs
120,Tanmay Srivastava,5,2,1,8.0,7,8.0,10.0,80.0,0.0,0.0,0.0,0.0,2008,most_runs
121,Rohan Raje,6,3,3,8.0,6*,0.0,9.0,88.88,0.0,0.0,1.0,0.0,2008,most_runs
122,Sunil Joshi,4,2,0,6.0,3,3.0,14.0,42.85,0.0,0.0,0.0,0.0,2008,most_runs
123,Pankaj Singh,5,2,2,5.0,4*,0.0,8.0,62.5,0.0,0.0,0.0,0.0,2008,most_runs
124,Siddharth Trivedi,15,3,2,5.0,3*,5.0,12.0,41.66,0.0,0.0,0.0,0.0,2008,most_runs
125,Sunny Sohal,2,2,0,4.0,4,2.0,8.0,50.0,0.0,0.0,0.0,0.0,2008,most_runs
126,Ajinkya Rahane,2,2,0,4.0,4,2.0,17.0,23.52,0.0,0.0,1.0,0.0,2008,most_runs
127,Vikram Singh,13,2,0,4.0,4,2.0,3.0,133.33,0.0,0.0,1.0,0.0,2008,most_runs
128,Glenn McGrath,14,3,2,4.0,4*,4.0,5.0,80.0,0.0,0.0,1.0,0.0,2008,most_runs
129,Younis Khan,1,1,0,3.0,3,3.0,7.0,42.85,0.0,0.0,0.0,0.0,2008,most_runs
130,Doddapaneni Kalyankrishna,3,1,0,3.0,3,3.0,8.0,37.5,0.0,0.0,0.0,0.0,2008,most_runs
131,Mohammad Asif,8,2,0,3.0,3,1.5,6.0,50.0,0.0,0.0,0.0,0.0,2008,most_runs
132,Ashish Nehra,14,4,3,3.0,2*,3.0,13.0,23.07,0.0,0.0,0.0,0.0,2008,most_runs
133,Manish Pandey,3,2,0,3.0,3,1.5,9.0,33.33,0.0,0.0,0.0,0.0,2008,most_runs
134,Ashok Dinda,13,3,2,2.0,1*,2.0,4.0,50.0,0.0,0.0,0.0,0.0,2008,most_runs
135,Pragyan Ojha,13,4,2,2.0,1*,1.0,4.0,50.0,0.0,0.0,0.0,0.0,2008,most_runs
136,Pradeep Sangwan,7,2,0,2.0,2,1.0,5.0,40.0,0.0,0.0,0.0,0.0,2008,most_runs
137,Shoaib Akhtar,3,1,0,2.0,2,2.0,7.0,28.57,0.0,0.0,0.0,0.0,2008,most_runs
138,Halhadar Das,1,1,0,2.0,2,2.0,5.0,40.0,0.0,0.0,0.0,0.0,2008,most_runs
139,Vikrant Yeligati,2,1,0,2.0,2,2.0,2.0,100.0,0.0,0.0,0.0,0.0,2008,most_runs
140,Dilhara Fernando,5,1,1,2.0,2*,0.0,1.0,200.0,0.0,0.0,0.0,0.0,2008,most_runs
141,Dhawal Kulkarni,10,1,1,2.0,2*,0.0,16.0,12.5,0.0,0.0,0.0,0.0,2008,most_runs
142,Dale Steyn,10,2,1,2.0,1*,2.0,5.0,40.0,0.0,0.0,0.0,0.0,2008,most_runs
143,Paidikalva Vijaykumar,9,2,2,1.0,1*,0.0,1.0,100.0,0.0,0.0,0.0,0.0,2008,most_runs
144,Srikkanth Anirudha,1,1,0,1.0,1,1.0,7.0,14.28,0.0,0.0,0.0,0.0,2008,most_runs
145,PM Sarvesh Kumar,2,1,1,1.0,1*,0.0,2.0,50.0,0.0,0.0,0.0,0.0,2008,most_runs
146,Iqbal Abdulla,1,1,1,1.0,1*,0.0,2.0,50.0,0.0,0.0,0.0,0.0,2008,most_runs
147,Munaf Patel,15,2,2,0.0,0*,0.0,1.0,0.0,0.0,0.0,0.0,0.0,2008,most_runs
148,Abdur Razzak,1,1,1,0.0,0*,0.0,2.0,0.0,0.0,0.0,0.0,0.0,2008,most_runs
149,Lakshmipathy Balaji,9,1,0,0.0,0*,0.0,4.0,0.0,0.0,0.0,0.0,0.0,2008,most_runs
150,Abhinav Mukund,2,1,0,0.0,0*,0.0,1.0,0.0,0.0,0.0,0.0,0.0,2008,most_runs
1,Matthew Hayden,12,12,1,572.0,89,52.0,395.0,144.81,0.0,5.0,60.0,22.0,2009,most_runs
2,Adam Gilchrist,16,16,0,495.0,85,30.93,325.0,152.3,0.0,3.0,54.0,29.0,2009,most_runs
3,Suresh Raina,14,14,0,434.0,98,31.0,308.0,140.9,0.0,2.0,37.0,21.0,2009,most_runs
4,JP Duminy,13,12,3,372.0,62,41.33,325.0,114.46,0.0,5.0,26.0,11.0,2009,most_runs
5,Herschelle Gibbs,14,14,3,371.0,69*,33.72,331.0,112.08,0.0,4.0,32.0,12.0,2009,most_runs
6,Brad Hodge,12,12,3,365.0,73,40.55,310.0,117.74,0.0,3.0,34.0,9.0,2009,most_runs
7,Sachin Tendulkar,13,13,2,364.0,68,33.09,303.0,120.13,0.0,2.0,39.0,10.0,2009,most_runs
8,Rohit Sharma,16,16,3,362.0,52,27.84,315.0,114.92,0.0,1.0,22.0,18.0,2009,most_runs
9,Jacques Kallis,15,15,2,361.0,69*,27.76,332.0,108.73,0.0,3.0,37.0,8.0,2009,most_runs
10,Yuvraj Singh,14,14,2,340.0,58*,28.33,294.0,115.64,0.0,2.0,25.0,16.0,2009,most_runs
11,MS Dhoni,14,13,5,332.0,58*,41.5,261.0,127.2,0.0,2.0,22.0,9.0,2009,most_runs
12,Kumar Sangakkara,14,13,2,332.0,60,30.18,324.0,102.46,0.0,2.0,29.0,5.0,2009,most_runs
13,Ravindra Jadeja,13,13,2,295.0,42,26.81,266.0,110.9,0.0,0.0,21.0,6.0,2009,most_runs
14,Brendon McCullum,13,13,1,285.0,84*,23.75,239.0,119.24,0.0,2.0,27.0,12.0,2009,most_runs
15,Ross Taylor,11,11,2,280.0,81*,31.11,208.0,134.61,0.0,1.0,20.0,15.0,2009,most_runs
16,Rahul Dravid,13,12,0,271.0,66,22.58,234.0,115.81,0.0,1.0,28.0,3.0,2009,most_runs
17,Andrew Symonds,8,8,1,249.0,60*,35.57,166.0,150.0,0.0,1.0,15.0,11.0,2009,most_runs
18,Virat Kohli,16,13,2,246.0,50,22.36,219.0,112.32,0.0,1.0,22.0,8.0,2009,most_runs
19,Yusuf Pathan,13,13,1,243.0,62*,20.25,183.0,132.78,0.0,1.0,24.0,12.0,2009,most_runs
20,Tirumalasetti Suman,12,12,2,237.0,41*,23.7,190.0,124.73,0.0,0.0,18.0,8.0,2009,most_runs
21,Sanath Jayasuriya,12,12,0,221.0,52,18.41,192.0,115.1,0.0,2.0,23.0,7.0,2009,most_runs
22,Mahela Jayawardena,10,10,4,219.0,52*,36.5,165.0,132.72,0.0,1.0,17.0,7.0,2009,most_runs
23,Dwayne Bravo,11,10,2,218.0,70*,27.25,203.0,107.38,0.0,2.0,15.0,8.0,2009,most_runs
24,Dwayne Smith,8,8,0,215.0,49,26.87,132.0,162.87,0.0,0.0,12.0,15.0,2009,most_runs
25,Graeme Smith,12,12,1,212.0,77,19.27,216.0,98.14,0.0,1.0,27.0,1.0,2009,most_runs
26,Irfan Pathan,14,12,2,196.0,39,19.6,158.0,124.05,0.0,0.0,17.0,6.0,2009,most_runs
27,Abhishek Nayar,13,11,2,193.0,35,21.44,152.0,126.97,0.0,0.0,14.0,7.0,2009,most_runs
28,Sourav Ganguly,13,11,0,189.0,46,17.18,207.0,91.3,0.0,0.0,13.0,6.0,2009,most_runs
29,Subramaniam Badrinath,14,11,2,177.0,59*,19.66,164.0,107.92,0.0,1.0,20.0,4.0,2009,most_runs
30,Robin Uthappa,15,13,2,175.0,66*,15.9,170.0,102.94,0.0,1.0,18.0,3.0,2009,most_runs
31,Chris Gayle,7,7,1,171.0,44*,28.5,143.0,119.58,0.0,0.0,15.0,10.0,2009,most_runs
32,Naman Ojha,8,8,1,168.0,68,24.0,144.0,116.66,0.0,2.0,11.0,11.0,2009,most_runs
33,Manish Pandey,5,4,2,168.0,114*,84.0,118.0,142.37,1.0,0.0,17.0,4.0,2009,most_runs
34,Mark Boucher,12,9,4,150.0,48*,30.0,116.0,129.31,0.0,0.0,8.0,6.0,2009,most_runs
35,Simon Katich,9,9,0,145.0,50,16.11,117.0,123.93,0.0,1.0,15.0,6.0,2009,most_runs
36,Ajinkya Rahane,8,7,1,144.0,62*,24.0,123.0,117.07,0.0,2.0,12.0,3.0,2009,most_runs
37,Parthiv Patel,9,9,0,142.0,36,15.77,126.0,112.69,0.0,0.0,19.0,2.0,2009,most_runs
38,Ravi Bopara,5,5,0,138.0,84,27.6,119.0,115.96,0.0,1.0,8.0,7.0,2009,most_runs
39,Venugopal Rao,16,13,2,124.0,32,11.27,114.0,108.77,0.0,0.0,6.0,3.0,2009,most_runs
40,Karan Goel,9,9,1,124.0,38,15.5,133.0,93.23,0.0,0.0,9.0,4.0,2009,most_runs
41,Roelof van der Merwe,10,8,0,122.0,35,15.25,98.0,124.48,0.0,0.0,8.0,8.0,2009,most_runs
42,Sunny Sohal,8,8,0,115.0,43,14.37,93.0,123.65,0.0,0.0,9.0,8.0,2009,most_runs
43,Shane Warne,13,11,3,108.0,34*,13.5,116.0,93.1,0.0,0.0,6.0,4.0,2009,most_runs
44,Rob Quiney,7,7,0,103.0,51,14.71,102.0,100.98,0.0,1.0,12.0,3.0,2009,most_runs
45,David Hussey,4,4,0,98.0,43,24.5,59.0,166.1,0.0,0.0,7.0,6.0,2009,most_runs
46,Swapnil Asnodkar,8,8,0,98.0,44,12.25,93.0,105.37,0.0,0.0,11.0,4.0,2009,most_runs
47,Albie Morkel,12,10,6,97.0,21*,24.25,70.0,138.57,0.0,0.0,8.0,4.0,2009,most_runs
48,Kevin Pietersen,6,6,0,93.0,37,15.5,85.0,109.41,0.0,0.0,8.0,2.0,2009,most_runs
49,Jacob Oram,11,8,2,88.0,41*,14.66,93.0,94.62,0.0,0.0,5.0,4.0,2009,most_runs
50,Harbhajan Singh,13,10,2,84.0,20,10.5,53.0,158.49,0.0,0.0,6.0,5.0,2009,most_runs
51,Laxmi Ratan Shukla,9,6,1,83.0,48*,16.6,85.0,97.64,0.0,0.0,5.0,3.0,2009,most_runs
52,Lee Carseldine,5,5,1,81.0,39,20.25,68.0,119.11,0.0,0.0,11.0,0.0,2009,most_runs
53,Abhishek Raut,9,7,3,78.0,36*,19.5,61.0,127.86,0.0,0.0,5.0,3.0,2009,most_runs
54,Wriddhiman Saha,8,7,4,72.0,25*,24.0,41.0,175.6,0.0,0.0,3.0,4.0,2009,most_runs
55,Azhar Bilakhia,6,6,2,67.0,22,16.75,81.0,82.71,0.0,0.0,5.0,0.0,2009,most_runs
56,Ajit Agarkar,11,7,5,66.0,39,33.0,57.0,115.78,0.0,0.0,3.0,3.0,2009,most_runs
57,Dwaraka Ravi Teja,9,6,3,65.0,27,21.66,70.0,92.85,0.0,0.0,7.0,0.0,2009,most_runs
58,Praveen Kumar,13,8,3,65.0,14*,13.0,46.0,141.3,0.0,0.0,1.0,6.0,2009,most_runs
59,Andrew Flintoff,3,3,1,62.0,24,31.0,53.0,116.98,0.0,0.0,5.0,2.0,2009,most_runs
60,Murali Vijay,4,4,0,60.0,31,15.0,67.0,89.55,0.0,0.0,4.0,2.0,2009,most_runs
61,Jesse Ryder,5,5,0,56.0,32,11.2,49.0,114.28,0.0,0.0,9.0,0.0,2009,most_runs
62,Shreevats Goswami,2,2,0,53.0,43,26.5,60.0,88.33,0.0,0.0,6.0,0.0,2009,most_runs
63,Pinal Shah,9,5,2,53.0,29,17.66,51.0,103.92,0.0,0.0,4.0,2.0,2009,most_runs
64,Vinay Kumar,11,8,3,47.0,12,9.4,44.0,106.81,0.0,0.0,4.0,1.0,2009,most_runs
65,Yashpal Singh,8,4,0,47.0,20,11.75,66.0,71.21,0.0,0.0,5.0,0.0,2009,most_runs
66,Johan Botha,3,3,1,47.0,37,23.5,40.0,117.5,0.0,0.0,5.0,0.0,2009,most_runs
67,George Bailey,3,2,0,45.0,30,22.5,39.0,115.38,0.0,0.0,7.0,0.0,2009,most_runs
68,Luke Pomersbach,4,4,0,41.0,26,10.25,49.0,83.67,0.0,0.0,3.0,1.0,2009,most_runs
69,Shikhar Dhawan,5,4,0,40.0,22,10.0,45.0,88.88,0.0,0.0,3.0,0.0,2009,most_runs
70,Shikhar Dhawan,5,4,0,40.0,22,10.0,45.0,88.88,0.0,0.0,3.0,0.0,2009,most_runs
71,Dimitri Mascarenhas,5,4,0,39.0,27,9.75,39.0,100.0,0.0,0.0,4.0,0.0,2009,most_runs
72,Moises Henriques,4,3,1,38.0,30*,19.0,40.0,95.0,0.0,0.0,2.0,1.0,2009,most_runs
73,Munaf Patel,11,5,2,33.0,23*,11.0,26.0,126.92,0.0,0.0,5.0,0.0,2009,most_runs
74,Piyush Chawla,14,10,5,31.0,8*,6.2,36.0,86.11,0.0,0.0,3.0,0.0,2009,most_runs
75,Chaminda Vaas,2,2,1,30.0,20,30.0,21.0,142.85,0.0,0.0,1.0,1.0,2009,most_runs
76,Wilkin Mota,8,6,1,30.0,12,6.0,48.0,62.5,0.0,0.0,0.0,0.0,2009,most_runs
77,Brett Lee,5,4,2,28.0,14*,14.0,34.0,82.35,0.0,0.0,2.0,1.0,2009,most_runs
78,Amit Mishra,11,5,2,26.0,13*,8.66,20.0,130.0,0.0,0.0,2.0,2.0,2009,most_runs
79,Ramesh Powar,9,4,3,23.0,10,23.0,22.0,104.54,0.0,0.0,2.0,0.0,2009,most_runs
80,Murali Kartik,10,2,2,21.0,11*,0.0,20.0,105.0,0.0,0.0,0.0,0.0,2009,most_runs
81,Ryan Harris,8,5,4,21.0,9*,21.0,18.0,116.66,0.0,0.0,0.0,0.0,2009,most_runs
82,Joginder Sharma,4,2,1,20.0,16*,20.0,18.0,111.11,0.0,0.0,0.0,1.0,2009,most_runs
83,Shadab Jakati,9,2,1,20.0,13,20.0,15.0,133.33,0.0,0.0,3.0,0.0,2009,most_runs
84,Rajesh Bishnoi,3,3,0,19.0,18,6.33,17.0,111.76,0.0,0.0,1.0,2.0,2009,most_runs
85,VVS Laxman,5,5,0,19.0,10,3.8,33.0,57.57,0.0,0.0,1.0,1.0,2009,most_runs
86,Niraj Patel,4,2,0,18.0,14,9.0,38.0,47.36,0.0,0.0,1.0,0.0,2009,most_runs
87,Balachandra Akhil,6,3,1,17.0,9,8.5,15.0,113.33,0.0,0.0,1.0,1.0,2009,most_runs
88,Angelo Mathews,1,1,0,16.0,16,16.0,13.0,123.07,0.0,0.0,2.0,0.0,2009,most_runs
89,Mahesh Rawat,5,3,3,16.0,8*,0.0,19.0,84.21,0.0,0.0,1.0,0.0,2009,most_runs
90,Ishant Sharma,11,3,1,16.0,9,8.0,13.0,123.07,0.0,0.0,1.0,1.0,2009,most_runs
91,Ishant Sharma,11,3,1,16.0,9,8.0,13.0,123.07,0.0,0.0,1.0,1.0,2009,most_runs
92,Anil Kumble,16,7,6,16.0,7*,16.0,19.0,84.21,0.0,0.0,2.0,0.0,2009,most_runs
93,Wasim Jaffer,2,2,0,15.0,8,7.5,17.0,88.23,0.0,0.0,2.0,0.0,2009,most_runs
94,Graham Napier,1,1,0,15.0,15,15.0,16.0,93.75,0.0,0.0,1.0,0.0,2009,most_runs
95,Scott Styris,2,1,0,14.0,14,14.0,8.0,175.0,0.0,0.0,0.0,1.0,2009,most_runs
96,Saurabh Tiwary,4,3,2,13.0,6*,13.0,12.0,108.33,0.0,0.0,0.0,0.0,2009,most_runs
97,Manpreet Gony,7,3,1,13.0,7,6.5,7.0,185.71,0.0,0.0,0.0,2.0,2009,most_runs
98,Rohan Raje,4,2,1,12.0,11*,12.0,9.0,133.33,0.0,0.0,0.0,1.0,2009,most_runs
99,Tyron Henderson,2,2,0,11.0,11,5.5,16.0,68.75,0.0,0.0,0.0,1.0,2009,most_runs
100,Aakash Chopra,2,1,0,11.0,11,11.0,19.0,57.89,0.0,0.0,2.0,0.0,2009,most_runs
101,Dillon du Preez,2,1,0,10.0,10,10.0,13.0,76.92,0.0,0.0,0.0,0.0,2009,most_runs
102,Shane Harwood,3,2,2,9.0,6*,0.0,14.0,64.28,0.0,0.0,0.0,0.0,2009,most_runs
103,Siddharth Trivedi,7,3,1,9.0,6*,4.5,18.0,50.0,0.0,0.0,0.0,0.0,2009,most_runs
104,Dhawal Kulkarni,8,4,2,9.0,7*,4.5,17.0,52.94,0.0,0.0,0.0,0.0,2009,most_runs
105,Ravichandran Ashwin,2,1,0,8.0,8,8.0,15.0,53.33,0.0,0.0,1.0,0.0,2009,most_runs
106,Zaheer Khan,6,4,3,8.0,4*,8.0,11.0,72.72,0.0,0.0,0.0,0.0,2009,most_runs
107,Morne Morkel,2,1,0,8.0,8,8.0,8.0,100.0,0.0,0.0,1.0,0.0,2009,most_runs
108,Muttiah Muralitharan,13,4,2,8.0,4,4.0,8.0,100.0,0.0,0.0,1.0,0.0,2009,most_runs
109,RP Singh,16,6,2,8.0,4,2.0,17.0,47.05,0.0,0.0,0.0,0.0,2009,most_runs
110,Arindam Ghosh,2,2,0,7.0,7,3.5,8.0,87.5,0.0,0.0,1.0,0.0,2009,most_runs
111,Shoaib Shaikh,2,1,0,6.0,6,6.0,7.0,85.71,0.0,0.0,1.0,0.0,2009,most_runs
112,Siddharth Chitnis,1,1,0,6.0,6,6.0,8.0,75.0,0.0,0.0,1.0,0.0,2009,most_runs
113,Paul Valthaty,2,2,0,6.0,5,3.0,12.0,50.0,0.0,0.0,1.0,0.0,2009,most_runs
114,Shanthakumaran Sreesanth,7,2,2,5.0,4*,0.0,18.0,27.77,0.0,0.0,1.0,0.0,2009,most_runs
115,Lakshmipathy Balaji,13,4,1,4.0,2*,1.33,10.0,40.0,0.0,0.0,0.0,0.0,2009,most_runs
116,Kamran Khan,5,1,0,3.0,3,3.0,5.0,60.0,0.0,0.0,0.0,0.0,2009,most_runs
117,Thilan Thushara,2,2,1,2.0,1*,2.0,7.0,28.57,0.0,0.0,0.0,0.0,2009,most_runs
118,Mashrafe Mortaza,1,1,1,2.0,2*,0.0,2.0,100.0,0.0,0.0,0.0,0.0,2009,most_runs
119,Ashok Dinda,9,2,0,2.0,2,1.0,3.0,66.66,0.0,0.0,0.0,0.0,2009,most_runs
120,Mohammad Ashraful,1,1,0,2.0,2,2.0,10.0,20.0,0.0,0.0,0.0,0.0,2009,most_runs
121,Pankaj Singh,3,2,1,1.0,1*,1.0,2.0,50.0,0.0,0.0,0.0,0.0,2009,most_runs
122,Shoaib Ahmed,7,3,1,1.0,1*,0.5,6.0,16.66,0.0,0.0,0.0,0.0,2009,most_runs
123,Amit Singh,5,2,1,1.0,1*,1.0,3.0,33.33,0.0,0.0,0.0,0.0,2009,most_runs
124,Pragyan Ojha,15,4,1,1.0,1,0.33,7.0,14.28,0.0,0.0,0.0,0.0,2009,most_runs
125,Taruwar Kohli,2,2,1,1.0,1,1.0,4.0,25.0,0.0,0.0,0.0,0.0,2009,most_runs
126,Ajantha Mendis,4,1,0,0.0,0*,0.0,1.0,0.0,0.0,0.0,0.0,0.0,2009,most_runs
127,Tanmay Srivastava,2,1,1,0.0,0*,0.0,1.0,0.0,0.0,0.0,0.0,0.0,2009,most_runs
128,Chetanya Nanda,3,1,0,0.0,0*,0.0,1.0,0.0,0.0,0.0,0.0,0.0,2009,most_runs
129,Dale Steyn,3,2,1,0.0,0*,0.0,3.0,0.0,0.0,0.0,0.0,0.0,2009,most_runs
130,KP Appanna,5,1,1,0.0,0*,0.0,1.0,0.0,0.0,0.0,0.0,0.0,2009,most_runs
131,Luke Ronchi,1,1,0,0.0,0*,0.0,2.0,0.0,0.0,0.0,0.0,0.0,2009,most_runs
132,Lasith Malinga,13,3,1,0.0,0*,0.0,1.0,0.0,0.0,0.0,0.0,0.0,2009,most_runs
1,Sachin Tendulkar,15,15,2,618.0,89*,47.53,466.0,132.61,0.0,5.0,86.0,3.0,2010,most_runs
2,Jacques Kallis,16,16,4,572.0,89*,47.66,494.0,115.78,0.0,6.0,67.0,9.0,2010,most_runs
3,Suresh Raina,16,16,5,520.0,83*,47.27,364.0,142.85,0.0,4.0,45.0,22.0,2010,most_runs
4,Sourav Ganguly,14,14,1,493.0,88,37.92,419.0,117.66,0.0,4.0,58.0,15.0,2010,most_runs
5,Murali Vijay,15,15,2,458.0,127,35.23,292.0,156.84,1.0,2.0,36.0,26.0,2010,most_runs
6,Mahela Jayawardena,13,13,3,439.0,110*,43.9,298.0,147.31,1.0,1.0,55.0,11.0,2010,most_runs
7,Andrew Symonds,16,16,2,429.0,54,30.64,341.0,125.8,0.0,4.0,35.0,18.0,2010,most_runs
8,Saurabh Tiwary,16,15,1,419.0,61,29.92,309.0,135.59,0.0,3.0,29.0,18.0,2010,most_runs
9,Rohit Sharma,16,16,2,404.0,73,28.85,302.0,133.77,0.0,3.0,36.0,14.0,2010,most_runs
10,Naman Ojha,14,14,2,377.0,94*,31.41,285.0,132.28,0.0,2.0,42.0,15.0,2010,most_runs
11,Robin Uthappa,16,14,2,374.0,68*,31.16,218.0,171.55,0.0,3.0,21.0,27.0,2010,most_runs
12,Kumar Sangakkara,13,12,0,357.0,56,29.75,257.0,138.91,0.0,2.0,47.0,5.0,2010,most_runs
13,Ambati Rayudu,14,14,1,356.0,55*,27.38,246.0,144.71,0.0,2.0,34.0,13.0,2010,most_runs
14,Subramaniam Badrinath,16,15,4,356.0,55*,32.36,303.0,117.49,0.0,2.0,41.0,5.0,2010,most_runs
15,Virender Sehwag,14,14,0,356.0,75,25.42,218.0,163.3,0.0,3.0,47.0,14.0,2010,most_runs
16,Matthew Hayden,16,16,0,346.0,93,21.62,279.0,124.01,0.0,1.0,37.0,16.0,2010,most_runs
17,Yusuf Pathan,14,14,2,333.0,100,27.75,201.0,165.67,1.0,1.0,22.0,24.0,2010,most_runs
18,Tirumalasetti Suman,14,14,5,307.0,78*,34.11,257.0,119.45,0.0,2.0,23.0,12.0,2010,most_runs
19,Virat Kohli,16,13,2,307.0,58,27.9,212.0,144.81,0.0,1.0,26.0,12.0,2010,most_runs
20,Chris Gayle,9,9,0,292.0,88,32.44,184.0,158.69,0.0,2.0,30.0,16.0,2010,most_runs
21,Adam Gilchrist,16,16,0,289.0,54,18.06,185.0,156.21,0.0,1.0,31.0,16.0,2010,most_runs
22,MS Dhoni,13,11,2,287.0,66*,31.88,210.0,136.66,0.0,2.0,26.0,8.0,2010,most_runs
23,David Warner,11,11,1,282.0,107*,28.2,191.0,147.64,1.0,1.0,27.0,14.0,2010,most_runs
24,Michael Lumb,11,11,0,278.0,83,25.27,192.0,144.79,0.0,1.0,45.0,6.0,2010,most_runs
25,Dinesh Karthik,14,14,1,278.0,69,21.38,237.0,117.29,0.0,1.0,26.0,6.0,2010,most_runs
26,Gautam Gambhir,11,10,1,277.0,72,30.77,217.0,127.64,0.0,2.0,32.0,2.0,2010,most_runs
27,Irfan Pathan,14,13,5,276.0,60,34.5,186.0,148.38,0.0,1.0,21.0,10.0,2010,most_runs
28,Kieron Pollard,14,14,2,273.0,45*,22.75,147.0,185.71,0.0,0.0,23.0,17.0,2010,most_runs
29,Herschelle Gibbs,10,10,0,267.0,50,26.7,235.0,113.61,0.0,1.0,26.0,9.0,2010,most_runs
30,Rahul Dravid,16,11,2,256.0,52,28.44,199.0,128.64,0.0,1.0,34.0,3.0,2010,most_runs
31,Yuvraj Singh,14,14,2,255.0,43,21.25,199.0,128.14,0.0,0.0,20.0,14.0,2010,most_runs
32,Manish Pandey,13,13,1,249.0,42*,20.75,226.0,110.17,0.0,0.0,27.0,7.0,2010,most_runs
33,Ravi Bopara,10,9,1,248.0,77,31.0,214.0,115.88,0.0,2.0,25.0,3.0,2010,most_runs
34,Manoj Tiwary,13,11,2,237.0,75*,26.33,186.0,127.41,0.0,2.0,23.0,5.0,2010,most_runs
35,Kevin Pietersen,7,7,3,236.0,66*,59.0,157.0,150.31,0.0,2.0,23.0,8.0,2010,most_runs
36,Angelo Mathews,14,11,4,233.0,65*,33.28,184.0,126.63,0.0,1.0,18.0,8.0,2010,most_runs
37,Manvinder Bisla,10,10,0,218.0,75,21.8,178.0,122.47,0.0,1.0,27.0,6.0,2010,most_runs
38,Paul Collingwood,8,7,2,203.0,75*,40.6,156.0,130.12,0.0,3.0,9.0,13.0,2010,most_runs
39,Albie Morkel,14,11,3,198.0,62,24.75,131.0,151.14,0.0,1.0,10.0,13.0,2010,most_runs
40,Shikhar Dhawan,10,10,0,191.0,56,19.1,170.0,112.35,0.0,2.0,23.0,3.0,2010,most_runs
41,Shane Watson,6,5,0,185.0,60,37.0,114.0,162.28,0.0,2.0,18.0,9.0,2010,most_runs
42,Abhishek Jhunjhunwala,13,11,2,183.0,53*,20.33,166.0,110.24,0.0,1.0,16.0,4.0,2010,most_runs
43,Adam Voges,9,7,3,181.0,45*,45.25,143.0,126.57,0.0,0.0,15.0,3.0,2010,most_runs
44,Mohnish Mishra,11,11,0,166.0,41,15.09,144.0,115.27,0.0,0.0,18.0,6.0,2010,most_runs
45,Faiz Fazal,10,9,1,164.0,45,20.5,154.0,106.49,0.0,0.0,19.0,1.0,2010,most_runs
46,JP Duminy,7,7,2,157.0,42*,31.4,131.0,119.84,0.0,0.0,13.0,5.0,2010,most_runs
47,Mithun Manhas,9,8,4,157.0,32*,39.25,149.0,105.36,0.0,0.0,14.0,0.0,2010,most_runs
48,Shaun Marsh,4,4,1,147.0,88*,49.0,114.0,128.94,0.0,2.0,14.0,6.0,2010,most_runs
49,Cheteshwar Pujara,10,6,2,122.0,45*,30.5,115.0,106.08,0.0,0.0,14.0,3.0,2010,most_runs
50,Owais Shah,5,5,3,115.0,58*,57.5,95.0,121.05,0.0,1.0,7.0,5.0,2010,most_runs
51,Brendon McCullum,5,5,1,114.0,57*,28.5,110.0,103.63,0.0,1.0,14.0,2.0,2010,most_runs
52,Rajagopal Sathish,12,11,4,112.0,24,16.0,96.0,116.66,0.0,0.0,11.0,0.0,2010,most_runs
53,AB de Villiers,7,7,0,111.0,45,15.85,119.0,93.27,0.0,0.0,7.0,0.0,2010,most_runs
54,Paras Dogra,9,8,0,107.0,41,13.37,106.0,100.94,0.0,0.0,4.0,5.0,2010,most_runs
55,Harbhajan Singh,15,7,3,105.0,49*,26.25,63.0,166.66,0.0,0.0,12.0,5.0,2010,most_runs
56,Brad Hodge,4,4,0,99.0,50,24.75,90.0,110.0,0.0,1.0,11.0,1.0,2010,most_runs
57,David Hussey,6,6,2,94.0,31,23.5,86.0,109.3,0.0,0.0,5.0,5.0,2010,most_runs
58,Ross Taylor,7,7,3,88.0,31*,22.0,75.0,117.33,0.0,0.0,2.0,6.0,2010,most_runs
59,Kedar Jadhav,5,5,2,76.0,50*,25.33,56.0,135.71,0.0,1.0,7.0,2.0,2010,most_runs
60,Parthiv Patel,4,4,0,72.0,57,18.0,79.0,91.13,0.0,1.0,6.0,2.0,2010,most_runs
61,Wriddhiman Saha,13,7,4,67.0,22,22.33,53.0,126.41,0.0,0.0,9.0,1.0,2010,most_runs
62,Ryan McLaren,10,7,4,66.0,40,22.0,69.0,95.65,0.0,0.0,7.0,0.0,2010,most_runs
63,Andrew McDonald,4,3,3,65.0,33*,0.0,52.0,125.0,0.0,0.0,3.0,2.0,2010,most_runs
64,VVS Laxman,6,6,1,64.0,22,12.8,60.0,106.66,0.0,0.0,7.0,1.0,2010,most_runs
65,Anirudh Singh,5,4,0,63.0,40,15.75,66.0,95.45,0.0,0.0,6.0,1.0,2010,most_runs
66,Piyush Chawla,14,6,1,62.0,22,12.4,60.0,103.33,0.0,0.0,7.0,0.0,2010,most_runs
67,Dwayne Bravo,10,8,1,61.0,23,8.71,53.0,115.09,0.0,0.0,3.0,4.0,2010,most_runs
68,Abhishek Nayar,3,3,1,58.0,27,29.0,51.0,113.72,0.0,0.0,4.0,2.0,2010,most_runs
69,Abhishek Raut,6,5,3,56.0,32*,28.0,48.0,116.66,0.0,0.0,3.0,3.0,2010,most_runs
70,Aditya Tare,7,4,0,50.0,23,12.5,36.0,138.88,0.0,0.0,5.0,3.0,2010,most_runs
71,Cameron White,7,5,3,48.0,21*,24.0,33.0,145.45,0.0,0.0,3.0,3.0,2010,most_runs
72,Ryan Harris,8,5,1,45.0,15,11.25,39.0,115.38,0.0,0.0,2.0,2.0,2010,most_runs
73,Graeme Smith,2,2,0,44.0,26,22.0,39.0,112.82,0.0,0.0,7.0,0.0,2010,most_runs
74,Tillakaratne Dilshan,6,6,0,44.0,17,7.33,53.0,83.01,0.0,0.0,6.0,0.0,2010,most_runs
75,Adrian Barath,3,3,1,42.0,33,21.0,42.0,100.0,0.0,0.0,5.0,1.0,2010,most_runs
76,Ajit Agarkar,7,4,3,40.0,17,40.0,29.0,137.93,0.0,0.0,4.0,0.0,2010,most_runs
77,Amit Mishra,14,7,3,39.0,12,9.75,51.0,76.47,0.0,0.0,1.0,0.0,2010,most_runs
78,Michael Hussey,3,3,1,37.0,15,18.5,44.0,84.09,0.0,0.0,2.0,0.0,2010,most_runs
79,Laxmi Ratan Shukla,4,2,0,36.0,19,18.0,26.0,138.46,0.0,0.0,3.0,2.0,2010,most_runs
80,Eoin Morgan,6,4,1,35.0,17,11.66,30.0,116.66,0.0,0.0,2.0,1.0,2010,most_runs
81,Bodapati Sumanth,5,4,3,35.0,16,35.0,37.0,94.59,0.0,0.0,3.0,0.0,2010,most_runs
82,Aditya Dole,3,2,0,34.0,30,17.0,22.0,154.54,0.0,0.0,3.0,1.0,2010,most_runs
83,Venugopal Rao,6,5,1,34.0,24,8.5,43.0,79.06,0.0,0.0,3.0,1.0,2010,most_runs
84,Daniel Vettori,3,3,2,33.0,19*,33.0,27.0,122.22,0.0,0.0,4.0,0.0,2010,most_runs
85,Sanath Jayasuriya,4,4,0,33.0,23,8.25,31.0,106.45,0.0,0.0,4.0,1.0,2010,most_runs
86,MF Maharoof,7,4,1,31.0,28,10.33,23.0,134.78,0.0,0.0,2.0,2.0,2010,most_runs
87,Chaminda Vaas,6,5,1,30.0,16,7.5,34.0,88.23,0.0,0.0,1.0,1.0,2010,most_runs
88,Ravichandran Ashwin,12,6,2,30.0,11*,7.5,40.0,75.0,0.0,0.0,2.0,0.0,2010,most_runs
89,Rahul Sharma,6,4,1,29.0,14*,9.66,26.0,111.53,0.0,0.0,3.0,1.0,2010,most_runs
90,Mitchell Marsh,3,2,0,28.0,15,14.0,30.0,93.33,0.0,0.0,1.0,1.0,2010,most_runs
91,Mohammad Kaif,4,3,0,28.0,14,9.33,30.0,93.33,0.0,0.0,2.0,0.0,2010,most_runs
92,Vinay Kumar,14,5,1,27.0,10*,6.75,32.0,84.37,0.0,0.0,1.0,0.0,2010,most_runs
93,Sridharan Sriram,1,1,0,27.0,27,27.0,29.0,93.1,0.0,0.0,3.0,0.0,2010,most_runs
94,Shanthakumaran Sreesanth,6,3,3,27.0,15*,0.0,21.0,128.57,0.0,0.0,5.0,0.0,2010,most_runs
95,JM Kemp,5,2,0,26.0,22,13.0,24.0,108.33,0.0,0.0,1.0,1.0,2010,most_runs
96,Rajat Bhatia,5,3,0,24.0,21,8.0,17.0,141.17,0.0,0.0,1.0,2.0,2010,most_runs
97,Zaheer Khan,14,4,3,24.0,23*,24.0,13.0,184.61,0.0,0.0,3.0,1.0,2010,most_runs
98,Ashish Nehra,4,2,1,23.0,22*,23.0,20.0,115.0,0.0,0.0,2.0,1.0,2010,most_runs
99,Murali Kartik,10,2,0,22.0,21,11.0,22.0,100.0,0.0,0.0,2.0,0.0,2010,most_runs
100,Dwayne Smith,3,3,1,22.0,13*,11.0,25.0,88.0,0.0,0.0,1.0,1.0,2010,most_runs
101,Aaron Finch,1,1,0,21.0,21,21.0,21.0,100.0,0.0,0.0,0.0,1.0,2010,most_runs
102,Siddharth Trivedi,11,4,2,20.0,9,10.0,14.0,142.85,0.0,0.0,3.0,1.0,2010,most_runs
103,Damien Martyn,1,1,0,19.0,19,19.0,24.0,79.16,0.0,0.0,1.0,0.0,2010,most_runs
104,Karan Goel,6,2,1,18.0,17*,18.0,20.0,90.0,0.0,0.0,1.0,1.0,2010,most_runs
105,Lakshmipathy Balaji,7,3,1,18.0,15,9.0,20.0,90.0,0.0,0.0,1.0,1.0,2010,most_runs
106,George Bailey,1,1,0,18.0,18,18.0,27.0,66.66,0.0,0.0,2.0,0.0,2010,most_runs
107,Doug Bollinger,8,2,2,18.0,16*,0.0,17.0,105.88,0.0,0.0,1.0,1.0,2010,most_runs
108,Chandan Madan,1,1,0,15.0,15,15.0,19.0,78.94,0.0,0.0,3.0,0.0,2010,most_runs
109,Sumit Narwal,5,3,1,14.0,12,7.0,12.0,116.66,0.0,0.0,2.0,0.0,2010,most_runs
110,Mark Boucher,5,2,1,13.0,11*,13.0,10.0,130.0,0.0,0.0,0.0,1.0,2010,most_runs
111,Dale Steyn,15,4,0,13.0,8,3.25,17.0,76.47,0.0,0.0,2.0,0.0,2010,most_runs
112,Shaun Tait,8,2,1,12.0,11,12.0,13.0,92.3,0.0,0.0,0.0,1.0,2010,most_runs
113,Dimitri Mascarenhas,2,2,1,12.0,9*,12.0,10.0,120.0,0.0,0.0,0.0,0.0,2010,most_runs
114,Brett Lee,4,3,2,11.0,7*,11.0,9.0,122.22,0.0,0.0,1.0,0.0,2010,most_runs
115,Moises Henriques,1,1,0,11.0,11,11.0,5.0,220.0,0.0,0.0,2.0,0.0,2010,most_runs
116,Kemar Roach,2,1,0,10.0,10,10.0,9.0,111.11,0.0,0.0,1.0,0.0,2010,most_runs
117,Shane Warne,14,7,2,10.0,4,2.0,19.0,52.63,0.0,0.0,0.0,0.0,2010,most_runs
118,Thilan Thushara,4,2,1,10.0,8,10.0,11.0,90.9,0.0,0.0,0.0,0.0,2010,most_runs
119,Pradeep Sangwan,8,2,1,10.0,6*,10.0,14.0,71.42,0.0,0.0,0.0,0.0,2010,most_runs
120,Bipul Sharma,5,2,2,9.0,8*,0.0,7.0,128.57,0.0,0.0,1.0,0.0,2010,most_runs
121,Morne Morkel,2,2,1,9.0,7*,9.0,16.0,56.25,0.0,0.0,1.0,0.0,2010,most_runs
122,RP Singh,12,5,3,9.0,4*,4.5,19.0,47.36,0.0,0.0,0.0,0.0,2010,most_runs
123,Jaskaran Singh,6,4,3,8.0,4*,8.0,11.0,72.72,0.0,0.0,0.0,0.0,2010,most_runs
124,Shreevats Goswami,1,1,0,8.0,8,8.0,10.0,80.0,0.0,0.0,2.0,0.0,2010,most_runs
125,Stuart Binny,1,1,0,8.0,8,8.0,5.0,160.0,0.0,0.0,1.0,0.0,2010,most_runs
126,Vikramjeet Malik,3,1,0,6.0,6,6.0,5.0,120.0,0.0,0.0,1.0,0.0,2010,most_runs
127,Ishant Sharma,7,2,1,6.0,6*,6.0,17.0,35.29,0.0,0.0,0.0,0.0,2010,most_runs
128,Anil Kumble,16,5,5,6.0,2*,0.0,11.0,54.54,0.0,0.0,0.0,0.0,2010,most_runs
129,Swapnil Asnodkar,2,2,0,5.0,5,2.5,4.0,125.0,0.0,0.0,1.0,0.0,2010,most_runs
130,Abhimanyu Mithun,1,1,0,5.0,5,5.0,4.0,125.0,0.0,0.0,1.0,0.0,2010,most_runs
131,Ramesh Powar,7,2,1,5.0,3,5.0,8.0,62.5,0.0,0.0,0.0,0.0,2010,most_runs
132,Amit Uniyal,2,2,1,4.0,4*,4.0,7.0,57.14,0.0,0.0,0.0,0.0,2010,most_runs
133,Reetinder Sodhi,3,1,1,4.0,4*,0.0,2.0,200.0,0.0,0.0,1.0,0.0,2010,most_runs
134,Munaf Patel,4,2,1,4.0,4*,4.0,5.0,80.0,0.0,0.0,0.0,0.0,2010,most_runs
135,Praveen Kumar,12,4,2,4.0,3*,2.0,8.0,50.0,0.0,0.0,0.0,0.0,2010,most_runs
136,Dirk Nannes,9,2,1,4.0,3,4.0,13.0,30.76,0.0,0.0,0.0,0.0,2010,most_runs
137,Arun Karthik,1,1,1,3.0,3*,0.0,5.0,60.0,0.0,0.0,0.0,0.0,2010,most_runs
138,Umesh Yadav,7,1,1,3.0,3*,0.0,4.0,75.0,0.0,0.0,0.0,0.0,2010,most_runs
139,Sudeep Tyagi,6,1,1,3.0,3*,0.0,4.0,75.0,0.0,0.0,0.0,0.0,2010,most_runs
140,Pragyan Ojha,16,6,3,3.0,2,1.0,8.0,37.5,0.0,0.0,0.0,0.0,2010,most_runs
141,KP Appanna,2,2,1,2.0,1*,2.0,3.0,66.66,0.0,0.0,0.0,0.0,2010,most_runs
142,Rohan Gavaskar,2,1,0,2.0,2,2.0,8.0,25.0,0.0,0.0,0.0,0.0,2010,most_runs
143,Juan Theron,7,2,0,2.0,2,1.0,5.0,40.0,0.0,0.0,0.0,0.0,2010,most_runs
144,Manpreet Gony,3,1,0,2.0,2,2.0,6.0,33.33,0.0,0.0,0.0,0.0,2010,most_runs
145,Dilhara Fernando,5,1,1,2.0,2*,0.0,2.0,100.0,0.0,0.0,0.0,0.0,2010,most_runs
146,Azhar Bilakhia,1,1,0,2.0,2,2.0,4.0,50.0,0.0,0.0,0.0,0.0,2010,most_runs
147,Pankaj Singh,2,1,0,1.0,1,1.0,2.0,50.0,0.0,0.0,0.0,0.0,2010,most_runs
148,Shalabh Srivastava,8,2,1,1.0,1*,1.0,2.0,50.0,0.0,0.0,0.0,0.0,2010,most_runs
149,Roelof van der Merwe,1,1,0,1.0,1,1.0,2.0,50.0,0.0,0.0,0.0,0.0,2010,most_runs
150,Shane Bond,8,1,0,1.0,1,1.0,2.0,50.0,0.0,0.0,0.0,0.0,2010,most_runs
1,Chris Gayle,12,12,3,608.0,107,67.55,332.0,183.13,2.0,3.0,57.0,44.0,2011,most_runs
2,Virat Kohli,16,16,4,557.0,71,46.41,460.0,121.08,0.0,4.0,55.0,16.0,2011,most_runs
3,Sachin Tendulkar,16,16,3,553.0,100*,42.53,488.0,113.31,1.0,2.0,67.0,5.0,2011,most_runs
4,Shaun Marsh,14,13,1,504.0,95,42.0,344.0,146.51,0.0,4.0,52.0,20.0,2011,most_runs
5,Michael Hussey,14,14,2,492.0,83*,41.0,414.0,118.84,0.0,4.0,53.0,6.0,2011,most_runs
6,Paul Valthaty,14,14,1,463.0,120*,35.61,338.0,136.98,1.0,2.0,56.0,20.0,2011,most_runs
7,Suresh Raina,16,16,2,438.0,73*,31.28,325.0,134.76,0.0,4.0,36.0,17.0,2011,most_runs
8,Murali Vijay,16,16,0,434.0,95,27.12,339.0,128.02,0.0,3.0,34.0,20.0,2011,most_runs
9,Virender Sehwag,11,11,0,424.0,119,38.54,240.0,176.66,1.0,2.0,51.0,18.0,2011,most_runs
10,Jacques Kallis,15,14,2,424.0,80*,35.33,378.0,112.16,0.0,4.0,46.0,6.0,2011,most_runs
11,Shikhar Dhawan,14,14,2,400.0,95*,33.33,310.0,129.03,0.0,2.0,47.0,7.0,2011,most_runs
12,Subramaniam Badrinath,16,13,6,396.0,71*,56.57,313.0,126.51,0.0,5.0,38.0,9.0,2011,most_runs
13,Ambati Rayudu,16,16,2,395.0,63*,28.21,350.0,112.85,0.0,4.0,44.0,9.0,2011,most_runs
14,MS Dhoni,16,13,4,392.0,70*,43.55,247.0,158.7,0.0,2.0,25.0,23.0,2011,most_runs
15,Adam Gilchrist,14,14,0,383.0,106,27.35,295.0,129.83,1.0,2.0,41.0,18.0,2011,most_runs
16,Gautam Gambhir,15,15,4,378.0,75*,34.36,317.0,119.24,0.0,2.0,44.0,3.0,2011,most_runs
17,Rohit Sharma,16,14,3,372.0,87,33.81,297.0,125.25,0.0,3.0,32.0,13.0,2011,most_runs
18,Manoj Tiwary,15,14,7,359.0,61*,51.28,325.0,110.46,0.0,1.0,26.0,14.0,2011,most_runs
19,Kumar Sangakkara,13,13,0,358.0,65,27.53,293.0,122.18,0.0,1.0,44.0,5.0,2011,most_runs
20,Brendon McCullum,13,13,0,357.0,81,27.46,275.0,129.81,0.0,1.0,35.0,16.0,2011,most_runs
21,Rahul Dravid,12,12,1,343.0,66,31.18,314.0,109.23,0.0,1.0,45.0,2.0,2011,most_runs
22,Yuvraj Singh,14,13,3,343.0,66*,34.3,261.0,131.41,0.0,2.0,24.0,18.0,2011,most_runs
23,Venugopal Rao,14,14,2,336.0,60,28.0,280.0,120.0,0.0,1.0,30.0,13.0,2011,most_runs
24,Shane Watson,11,11,1,330.0,89*,33.0,253.0,130.43,0.0,1.0,31.0,17.0,2011,most_runs
25,David Warner,13,13,0,324.0,77,24.92,276.0,117.39,0.0,3.0,34.0,11.0,2011,most_runs
26,AB de Villiers,16,13,4,312.0,65,34.66,243.0,128.39,0.0,2.0,21.0,14.0,2011,most_runs
27,Mahela Jayawardena,13,13,0,299.0,76,23.0,257.0,116.34,0.0,3.0,35.0,5.0,2011,most_runs
28,Jesse Ryder,13,13,0,292.0,60,22.46,197.0,148.22,0.0,2.0,37.0,11.0,2011,most_runs
29,Brad Hodge,14,14,6,285.0,51*,35.62,236.0,120.76,0.0,1.0,26.0,9.0,2011,most_runs
30,Yusuf Pathan,15,11,1,283.0,47*,28.3,201.0,140.79,0.0,0.0,24.0,13.0,2011,most_runs
31,Ravindra Jadeja,14,12,3,283.0,47,31.44,228.0,124.12,0.0,0.0,20.0,14.0,2011,most_runs
32,Dinesh Karthik,14,13,2,282.0,69,25.63,220.0,128.18,0.0,1.0,32.0,7.0,2011,most_runs
33,Robin Uthappa,14,13,3,264.0,45,26.4,209.0,126.31,0.0,0.0,27.0,10.0,2011,most_runs
34,Sunny Sohal,11,10,0,249.0,62,24.9,191.0,130.36,0.0,2.0,25.0,10.0,2011,most_runs
35,Manish Pandey,10,9,0,246.0,59,27.33,227.0,108.37,0.0,1.0,28.0,6.0,2011,most_runs
36,Johan Botha,10,9,4,230.0,67*,46.0,198.0,116.16,0.0,1.0,20.0,2.0,2011,most_runs
37,Tillakaratne Dilshan,10,10,2,226.0,59*,28.25,180.0,125.55,0.0,2.0,33.0,3.0,2011,most_runs
38,Bharat Chipli,14,13,5,207.0,61*,25.87,170.0,121.76,0.0,1.0,21.0,4.0,2011,most_runs
39,JP Duminy,10,10,0,205.0,55,20.5,174.0,117.81,0.0,1.0,9.0,8.0,2011,most_runs
40,Parthiv Patel,14,13,3,202.0,37*,20.2,183.0,110.38,0.0,0.0,25.0,2.0,2011,most_runs
41,James Hopes,10,8,3,196.0,55,39.2,158.0,124.05,0.0,2.0,22.0,3.0,2011,most_runs
42,Dan Christian,14,13,2,190.0,30,17.27,159.0,119.49,0.0,0.0,9.0,7.0,2011,most_runs
43,Saurabh Tiwary,16,13,5,187.0,42*,23.37,188.0,99.46,0.0,0.0,13.0,5.0,2011,most_runs
44,Dwaraka Ravi Teja,12,9,2,183.0,60,26.14,144.0,127.08,0.0,1.0,17.0,4.0,2011,most_runs
45,Ross Taylor,12,11,6,181.0,47*,36.2,152.0,119.07,0.0,0.0,11.0,7.0,2011,most_runs
46,Ashok Menaria,13,10,1,180.0,34,20.0,152.0,118.42,0.0,0.0,10.0,10.0,2011,most_runs
47,Naman Ojha,14,14,1,160.0,29,12.3,161.0,99.37,0.0,0.0,11.0,11.0,2011,most_runs
48,Irfan Pathan,14,12,4,150.0,44*,18.75,138.0,108.69,0.0,0.0,12.0,6.0,2011,most_runs
49,Kieron Pollard,16,13,3,146.0,28,14.6,133.0,109.77,0.0,0.0,12.0,6.0,2011,most_runs
50,Mayank Agarwal,8,7,0,141.0,41,20.14,120.0,117.5,0.0,0.0,16.0,4.0,2011,most_runs
51,Albie Morkel,15,13,7,138.0,30*,23.0,102.0,135.29,0.0,0.0,8.0,8.0,2011,most_runs
52,Eoin Morgan,12,9,0,137.0,66,15.22,117.0,117.09,0.0,1.0,17.0,3.0,2011,most_runs
53,Andrew Symonds,11,9,5,135.0,44*,33.75,138.0,97.82,0.0,0.0,9.0,3.0,2011,most_runs
54,Ajinkya Rahane,10,7,1,120.0,52,20.0,98.0,122.44,0.0,1.0,12.0,2.0,2011,most_runs
55,Aiden Blizzard,6,6,0,120.0,51,20.0,87.0,137.93,0.0,1.0,21.0,2.0,2011,most_runs
56,Mithun Manhas,10,10,0,114.0,35,11.4,123.0,92.68,0.0,0.0,8.0,4.0,2011,most_runs
57,Yogesh Nagar,11,10,3,111.0,23,15.85,100.0,111.0,0.0,0.0,6.0,6.0,2011,most_runs
58,James Franklin,8,5,3,107.0,45*,53.5,78.0,137.17,0.0,0.0,10.0,2.0,2011,most_runs
59,Ryan ten Doeschate,6,3,1,107.0,70*,53.5,73.0,146.57,0.0,1.0,9.0,5.0,2011,most_runs
60,Cameron White,6,6,2,104.0,31*,26.0,109.0,95.41,0.0,0.0,6.0,2.0,2011,most_runs
61,Harbhajan Singh,15,8,5,103.0,30,34.33,71.0,145.07,0.0,0.0,9.0,6.0,2011,most_runs
62,Davy Jacobs,6,6,0,92.0,32,15.33,88.0,104.54,0.0,0.0,10.0,4.0,2011,most_runs
63,Ryan McLaren,6,4,1,90.0,51*,30.0,96.0,93.75,0.0,1.0,7.0,1.0,2011,most_runs
64,Srikkanth Anirudha,9,5,1,83.0,64,20.75,74.0,112.16,0.0,1.0,6.0,3.0,2011,most_runs
65,Travis Birt,5,5,0,75.0,27,15.0,58.0,129.31,0.0,0.0,9.0,2.0,2011,most_runs
66,Michael Klinger,4,4,0,73.0,29,18.25,77.0,94.8,0.0,0.0,9.0,0.0,2011,most_runs
67,Manvinder Bisla,5,5,0,72.0,27,14.4,89.0,80.89,0.0,0.0,8.0,0.0,2011,most_runs
68,Wriddhiman Saha,7,3,2,68.0,46*,68.0,63.0,107.93,0.0,0.0,2.0,4.0,2011,most_runs
69,Amit Mishra,14,9,5,68.0,25*,17.0,49.0,138.77,0.0,0.0,9.0,1.0,2011,most_runs
70,Mohnish Mishra,6,5,1,67.0,37*,16.75,60.0,111.66,0.0,0.0,5.0,2.0,2011,most_runs
71,Tirumalasetti Suman,8,7,1,65.0,36,10.83,51.0,127.45,0.0,0.0,5.0,5.0,2011,most_runs
72,David Hussey,8,8,2,64.0,21*,10.66,63.0,101.58,0.0,0.0,3.0,3.0,2011,most_runs
73,Abhishek Nayar,10,9,2,61.0,17*,8.71,67.0,91.04,0.0,0.0,9.0,0.0,2011,most_runs
74,Abhishek Raut,7,4,1,60.0,25,20.0,58.0,103.44,0.0,0.0,5.0,1.0,2011,most_runs
75,Luke Pomersbach,5,4,0,51.0,29,12.75,39.0,130.76,0.0,0.0,4.0,2.0,2011,most_runs
76,Mitchell Marsh,5,3,1,50.0,37,25.0,49.0,102.04,0.0,0.0,2.0,3.0,2011,most_runs
77,Sourav Ganguly,4,3,1,50.0,32*,25.0,59.0,84.74,0.0,0.0,3.0,2.0,2011,most_runs
78,Vinay Kumar,13,7,1,50.0,18,8.33,47.0,106.38,0.0,0.0,4.0,1.0,2011,most_runs
79,Amit Paunikar,4,4,0,49.0,20,12.25,57.0,85.96,0.0,0.0,9.0,0.0,2011,most_runs
80,Callum Ferguson,5,4,2,48.0,16,24.0,54.0,88.88,0.0,0.0,6.0,0.0,2011,most_runs
81,Piyush Chawla,12,6,3,48.0,15,16.0,55.0,87.27,0.0,0.0,2.0,2.0,2011,most_runs
82,Mandeep Singh,6,5,1,47.0,15*,11.75,41.0,114.63,0.0,0.0,4.0,1.0,2011,most_runs
83,Aaron Finch,6,6,0,47.0,25,7.83,46.0,102.17,0.0,0.0,3.0,3.0,2011,most_runs
84,Raiphi Gomez,11,8,3,46.0,26*,9.2,50.0,92.0,0.0,0.0,4.0,1.0,2011,most_runs
85,VVS Laxman,3,3,0,44.0,36,14.66,42.0,104.76,0.0,0.0,3.0,2.0,2011,most_runs
86,Sunny Singh,6,5,1,43.0,20,10.75,31.0,138.7,0.0,0.0,6.0,1.0,2011,most_runs
87,Graeme Smith,4,4,0,42.0,24,10.5,51.0,82.35,0.0,0.0,6.0,0.0,2011,most_runs
88,Mohammad Kaif,8,4,1,41.0,15,13.66,33.0,124.24,0.0,0.0,5.0,0.0,2011,most_runs
89,Morne Morkel,11,5,3,40.0,16*,20.0,25.0,160.0,0.0,0.0,3.0,2.0,2011,most_runs
90,Stuart Binny,6,2,1,37.0,30,37.0,31.0,119.35,0.0,0.0,2.0,1.0,2011,most_runs
91,Wayne Parnell,8,5,2,37.0,16,12.33,39.0,94.87,0.0,0.0,2.0,1.0,2011,most_runs
92,Dale Steyn,12,5,1,36.0,13,9.0,35.0,102.85,0.0,0.0,3.0,0.0,2011,most_runs
93,Cheteshwar Pujara,7,3,0,34.0,25,11.33,31.0,109.67,0.0,0.0,4.0,0.0,2011,most_runs
94,Asad Pathan,6,5,1,33.0,14,8.25,16.0,206.25,0.0,0.0,5.0,2.0,2011,most_runs
95,Ryan Harris,13,7,2,31.0,17,6.2,39.0,79.48,0.0,0.0,3.0,0.0,2011,most_runs
96,Shreevats Goswami,5,4,0,29.0,22,7.25,29.0,100.0,0.0,0.0,5.0,0.0,2011,most_runs
97,Shakib Al Hasan,7,3,1,29.0,26,14.5,22.0,131.81,0.0,0.0,4.0,0.0,2011,most_runs
98,Ishank Jaggi,2,2,0,28.0,25,14.0,37.0,75.67,0.0,0.0,3.0,0.0,2011,most_runs
99,Abhimanyu Mithun,12,6,3,27.0,11,9.0,20.0,135.0,0.0,0.0,3.0,1.0,2011,most_runs
100,Praveen Kumar,13,7,4,27.0,15*,9.0,31.0,87.09,0.0,0.0,2.0,1.0,2011,most_runs
101,Owais Shah,3,2,0,26.0,23,13.0,15.0,173.33,0.0,0.0,1.0,2.0,2011,most_runs
102,Nathan McCullum,2,2,1,26.0,15,26.0,22.0,118.18,0.0,0.0,0.0,1.0,2011,most_runs
103,Rajat Bhatia,14,6,3,25.0,11,8.33,22.0,113.63,0.0,0.0,3.0,0.0,2011,most_runs
104,Rajagopal Sathish,9,3,1,25.0,18*,12.5,34.0,73.52,0.0,0.0,1.0,0.0,2011,most_runs
105,Rahul Sharma,14,5,2,24.0,13,8.0,21.0,114.28,0.0,0.0,1.0,2.0,2011,most_runs
106,Thisara Perera,4,2,0,23.0,22,11.5,27.0,85.18,0.0,0.0,4.0,0.0,2011,most_runs
107,Bipul Sharma,4,3,2,23.0,16*,23.0,18.0,127.77,0.0,0.0,1.0,0.0,2011,most_runs
108,Daniel Vettori,13,4,3,23.0,18*,23.0,28.0,82.14,0.0,0.0,1.0,1.0,2011,most_runs
109,Matthew Wade,3,3,0,22.0,11,7.33,33.0,66.66,0.0,0.0,0.0,0.0,2011,most_runs
110,Colin Ingram,3,3,1,21.0,13*,10.5,26.0,80.76,0.0,0.0,2.0,0.0,2011,most_runs
111,Zaheer Khan,15,2,0,21.0,21,10.5,24.0,87.5,0.0,0.0,2.0,0.0,2011,most_runs
112,Y Gnaneswara Rao,2,1,0,19.0,19,19.0,17.0,111.76,0.0,0.0,3.0,0.0,2011,most_runs
113,Faiz Fazal,2,2,0,19.0,16,9.5,19.0,100.0,0.0,0.0,3.0,0.0,2011,most_runs
114,Johan van der Wath,3,3,1,18.0,14*,9.0,16.0,112.5,0.0,0.0,1.0,1.0,2011,most_runs
115,Sachin Rana,2,1,0,18.0,18,18.0,16.0,112.5,0.0,0.0,2.0,0.0,2011,most_runs
116,Kedar Jadhav,6,4,1,18.0,12,6.0,23.0,78.26,0.0,0.0,1.0,0.0,2011,most_runs
117,Brad Haddin,1,1,0,18.0,18,18.0,11.0,163.63,0.0,0.0,2.0,1.0,2011,most_runs
118,Dishant Yagnik,7,4,3,16.0,10*,16.0,22.0,72.72,0.0,0.0,1.0,0.0,2011,most_runs
119,Iqbal Abdulla,15,2,2,15.0,12*,0.0,12.0,125.0,0.0,0.0,1.0,0.0,2011,most_runs
120,Syed Mohammad,5,2,2,15.0,13*,0.0,12.0,125.0,0.0,0.0,2.0,0.0,2011,most_runs
121,Roelof van der Merwe,4,4,4,14.0,8*,0.0,16.0,87.5,0.0,0.0,1.0,0.0,2011,most_runs
122,Harpreet Singh,2,2,1,14.0,13,14.0,20.0,70.0,0.0,0.0,0.0,0.0,2011,most_runs
123,Laxmi Ratan Shukla,1,1,0,14.0,14,14.0,10.0,140.0,0.0,0.0,2.0,0.0,2011,most_runs
124,Sreenath Aravind,13,2,2,13.0,11*,0.0,8.0,162.5,0.0,0.0,2.0,0.0,2011,most_runs
125,Balachandra Akhil,1,1,0,13.0,13,13.0,9.0,144.44,0.0,0.0,0.0,1.0,2011,most_runs
126,Murali Kartik,6,3,2,12.0,11,12.0,15.0,80.0,0.0,0.0,1.0,0.0,2011,most_runs
127,Dwayne Bravo,6,2,1,11.0,6*,11.0,6.0,183.33,0.0,0.0,1.0,1.0,2011,most_runs
128,Ramesh Powar,5,3,2,11.0,8*,11.0,13.0,84.61,0.0,0.0,0.0,0.0,2011,most_runs
129,Shane Warne,13,4,2,10.0,5*,5.0,20.0,50.0,0.0,0.0,1.0,0.0,2011,most_runs
130,Tim Paine,2,2,0,10.0,8,5.0,26.0,38.46,0.0,0.0,0.0,0.0,2011,most_runs
131,Abhishek Jhunjhunwala,3,2,0,10.0,10,5.0,18.0,55.55,0.0,0.0,2.0,0.0,2011,most_runs
132,Shaun Tait,4,2,1,10.0,10*,10.0,10.0,100.0,0.0,0.0,1.0,0.0,2011,most_runs
133,Swapnil Asnodkar,1,1,0,9.0,9,9.0,9.0,100.0,0.0,0.0,1.0,0.0,2011,most_runs
134,Siddharth Chitnis,1,1,0,9.0,9,9.0,9.0,100.0,0.0,0.0,1.0,0.0,2011,most_runs
135,Charl Langeveldt,3,1,0,8.0,8,8.0,8.0,100.0,0.0,0.0,0.0,1.0,2011,most_runs
136,Andrew McDonald,1,1,0,8.0,8,8.0,7.0,114.28,0.0,0.0,0.0,0.0,2011,most_runs
137,Lasith Malinga,16,4,1,8.0,7,2.66,9.0,88.88,0.0,0.0,0.0,1.0,2011,most_runs
138,Arun Karthik,3,2,0,7.0,6,3.5,8.0,87.5,0.0,0.0,1.0,0.0,2011,most_runs
139,Ishan Malhotra,1,1,1,7.0,7*,0.0,4.0,175.0,0.0,0.0,1.0,0.0,2011,most_runs
140,Ajit Agarkar,7,2,1,7.0,7*,7.0,6.0,116.66,0.0,0.0,1.0,0.0,2011,most_runs
141,Mark Boucher,4,3,2,6.0,5,6.0,6.0,100.0,0.0,0.0,0.0,0.0,2011,most_runs
142,Muttiah Muralitharan,5,1,1,5.0,5*,0.0,8.0,62.5,0.0,0.0,0.0,0.0,2011,most_runs
143,Brett Lee,12,4,1,5.0,2*,1.66,9.0,55.55,0.0,0.0,0.0,0.0,2011,most_runs
144,Scott Styris,2,1,1,5.0,5*,0.0,2.0,250.0,0.0,0.0,1.0,0.0,2011,most_runs
145,Pinal Shah,2,1,0,5.0,5,5.0,5.0,100.0,0.0,0.0,1.0,0.0,2011,most_runs
146,Ishant Sharma,12,5,5,4.0,1*,0.0,5.0,80.0,0.0,0.0,0.0,0.0,2011,most_runs
147,Lakshmipathy Balaji,14,2,2,4.0,3*,0.0,2.0,200.0,0.0,0.0,0.0,0.0,2011,most_runs
148,Shalabh Srivastava,6,2,2,4.0,3*,0.0,3.0,133.33,0.0,0.0,0.0,0.0,2011,most_runs
149,Sridharan Sriram,1,1,0,4.0,4,4.0,7.0,57.14,0.0,0.0,0.0,0.0,2011,most_runs
150,Ryan Ninan,2,1,0,3.0,3,3.0,6.0,50.0,0.0,0.0,0.0,0.0,2011,most_runs
1,Chris Gayle,15,14,2,733.0,128*,61.08,456.0,160.74,1.0,7.0,46.0,59.0,2012,most_runs
2,Gautam Gambhir,17,17,2,590.0,93,39.33,411.0,143.55,0.0,6.0,64.0,17.0,2012,most_runs
3,Shikhar Dhawan,15,15,1,569.0,84,40.64,439.0,129.61,0.0,5.0,58.0,18.0,2012,most_runs
4,Ajinkya Rahane,16,16,2,560.0,103*,40.0,433.0,129.33,1.0,3.0,73.0,10.0,2012,most_runs
5,Virender Sehwag,16,16,1,495.0,87*,33.0,307.0,161.23,0.0,5.0,57.0,19.0,2012,most_runs
6,Cameron White,13,13,2,479.0,78,43.54,320.0,149.68,0.0,5.0,41.0,20.0,2012,most_runs
7,Rahul Dravid,16,16,0,462.0,58,28.87,412.0,112.13,0.0,2.0,63.0,4.0,2012,most_runs
8,Suresh Raina,19,18,1,441.0,73,25.94,325.0,135.69,0.0,1.0,36.0,19.0,2012,most_runs
9,Rohit Sharma,17,16,2,433.0,109*,30.92,342.0,126.6,1.0,3.0,39.0,18.0,2012,most_runs
10,Mandeep Singh,16,16,0,432.0,75,27.0,342.0,126.31,0.0,2.0,53.0,7.0,2012,most_runs
11,Jacques Kallis,17,17,1,409.0,79,25.56,384.0,106.51,0.0,2.0,34.0,10.0,2012,most_runs
12,Robin Uthappa,16,16,1,405.0,69,27.0,343.0,118.07,0.0,2.0,38.0,10.0,2012,most_runs
13,Faf du Plessis,13,12,0,398.0,73,33.16,304.0,130.92,0.0,3.0,29.0,17.0,2012,most_runs
14,David Hussey,16,15,3,396.0,68*,33.0,305.0,129.83,0.0,2.0,28.0,17.0,2012,most_runs
15,Dwayne Bravo,19,16,8,371.0,48,46.37,264.0,140.53,0.0,0.0,20.0,20.0,2012,most_runs
16,Virat Kohli,16,15,2,364.0,73*,28.0,326.0,111.65,0.0,2.0,33.0,9.0,2012,most_runs
17,Steve Smith,15,14,5,362.0,47*,40.22,267.0,135.58,0.0,0.0,24.0,14.0,2012,most_runs
18,MS Dhoni,19,17,5,358.0,51*,29.83,278.0,128.77,0.0,1.0,26.0,9.0,2012,most_runs
19,Owais Shah,13,13,4,340.0,76,37.77,256.0,132.81,0.0,3.0,24.0,16.0,2012,most_runs
20,Murali Vijay,14,14,1,336.0,113,25.84,267.0,125.84,1.0,0.0,39.0,10.0,2012,most_runs
21,Shaun Marsh,13,13,2,336.0,68*,30.54,280.0,120.0,0.0,2.0,39.0,7.0,2012,most_runs
22,Mahela Jayawardena,16,15,3,335.0,56*,27.91,298.0,112.41,0.0,3.0,39.0,3.0,2012,most_runs
23,Ambati Rayudu,17,15,6,333.0,81*,37.0,252.0,132.14,0.0,2.0,21.0,14.0,2012,most_runs
24,Sachin Tendulkar,13,13,2,324.0,74,29.45,283.0,114.48,0.0,2.0,39.0,4.0,2012,most_runs
25,AB de Villiers,16,13,5,319.0,64*,39.87,198.0,161.11,0.0,3.0,26.0,15.0,2012,most_runs
26,Kevin Pietersen,8,8,3,305.0,103*,61.0,207.0,147.34,1.0,1.0,22.0,20.0,2012,most_runs
27,Brendon McCullum,12,12,0,289.0,56,24.08,283.0,102.12,0.0,1.0,37.0,3.0,2012,most_runs
28,Tillakaratne Dilshan,10,9,1,285.0,76*,35.62,261.0,109.19,0.0,3.0,33.0,5.0,2012,most_runs
29,Sourav Ganguly,15,15,0,268.0,45,17.86,271.0,98.89,0.0,0.0,30.0,4.0,2012,most_runs
30,Michael Hussey,8,8,0,261.0,56,32.62,236.0,110.59,0.0,2.0,28.0,8.0,2012,most_runs
31,Manoj Tiwary,16,15,5,260.0,59,26.0,246.0,105.69,0.0,1.0,21.0,3.0,2012,most_runs
32,Jesse Ryder,11,11,1,256.0,86,25.6,212.0,120.75,0.0,2.0,23.0,8.0,2012,most_runs
33,David Warner,8,8,1,256.0,109*,36.57,156.0,164.1,1.0,1.0,28.0,14.0,2012,most_runs
34,Naman Ojha,18,16,5,255.0,64*,23.18,224.0,113.83,0.0,1.0,21.0,13.0,2012,most_runs
35,Shane Watson,7,7,1,255.0,90*,42.5,168.0,151.78,0.0,2.0,26.0,14.0,2012,most_runs
36,Brad Hodge,12,12,4,245.0,48*,30.62,175.0,140.0,0.0,0.0,18.0,9.0,2012,most_runs
37,JP Duminy,9,9,6,244.0,74,81.33,190.0,128.42,0.0,2.0,13.0,11.0,2012,most_runs
38,Dinesh Karthik,17,14,1,238.0,44,18.3,213.0,111.73,0.0,0.0,30.0,2.0,2012,most_runs
39,Mayank Agarwal,16,12,1,225.0,64*,20.45,158.0,142.4,0.0,1.0,19.0,15.0,2012,most_runs
40,James Franklin,12,11,2,220.0,79,24.44,223.0,98.65,0.0,1.0,15.0,6.0,2012,most_runs
41,Kieron Pollard,14,11,2,220.0,64,24.44,159.0,138.36,0.0,2.0,15.0,14.0,2012,most_runs
42,Ashok Menaria,15,12,1,220.0,40,20.0,202.0,108.91,0.0,0.0,14.0,8.0,2012,most_runs
43,Manvinder Bisla,7,7,0,213.0,89,30.42,160.0,133.12,0.0,1.0,16.0,10.0,2012,most_runs
44,Kumar Sangakkara,12,12,1,200.0,82,18.18,184.0,108.69,0.0,1.0,21.0,4.0,2012,most_runs
45,Ross Taylor,12,12,2,197.0,55,19.7,171.0,115.2,0.0,1.0,12.0,7.0,2012,most_runs
46,Subramaniam Badrinath,15,9,2,196.0,57,28.0,181.0,108.28,0.0,1.0,23.0,2.0,2012,most_runs
47,Yusuf Pathan,17,16,6,194.0,40*,19.4,169.0,114.79,0.0,0.0,10.0,7.0,2012,most_runs
48,Parthiv Patel,14,13,2,194.0,45,17.63,165.0,117.57,0.0,0.0,19.0,4.0,2012,most_runs
49,Ravindra Jadeja,19,14,2,191.0,48,15.91,151.0,126.49,0.0,0.0,13.0,9.0,2012,most_runs
50,Saurabh Tiwary,15,11,3,191.0,36*,23.87,170.0,112.35,0.0,0.0,9.0,8.0,2012,most_runs
51,Azhar Mahmood,11,10,2,186.0,36,23.25,142.0,130.98,0.0,0.0,16.0,8.0,2012,most_runs
52,Irfan Pathan,17,12,5,176.0,42*,25.14,126.0,139.68,0.0,0.0,14.0,6.0,2012,most_runs
53,Adam Gilchrist,7,7,2,172.0,64*,34.4,143.0,120.27,0.0,1.0,21.0,4.0,2012,most_runs
54,Dwayne Smith,7,6,2,157.0,87*,39.25,98.0,160.2,0.0,1.0,18.0,7.0,2012,most_runs
55,Yogesh Nagar,13,8,3,152.0,43*,30.4,133.0,114.28,0.0,0.0,13.0,3.0,2012,most_runs
56,Dan Christian,7,7,2,145.0,39,29.0,118.0,122.88,0.0,0.0,8.0,6.0,2012,most_runs
57,Manish Pandey,10,9,2,143.0,80*,20.42,112.0,127.67,0.0,1.0,12.0,6.0,2012,most_runs
58,Nitin Saini,10,10,0,140.0,50,14.0,141.0,99.29,0.0,1.0,16.0,0.0,2012,most_runs
59,Venugopal Rao,10,7,1,132.0,36,22.0,126.0,104.76,0.0,0.0,8.0,5.0,2012,most_runs
60,Angelo Mathews,9,8,1,127.0,35,18.14,108.0,117.59,0.0,0.0,5.0,4.0,2012,most_runs
61,Debabrata Das,15,10,7,126.0,35*,42.0,93.0,135.48,0.0,0.0,9.0,6.0,2012,most_runs
62,Marlon Samuels,8,8,1,124.0,46,17.71,123.0,100.81,0.0,0.0,7.0,5.0,2012,most_runs
63,Mithun Manhas,10,7,3,120.0,42*,30.0,96.0,125.0,0.0,0.0,10.0,4.0,2012,most_runs
64,Daniel Harris,4,4,0,111.0,47,27.75,101.0,109.9,0.0,0.0,11.0,5.0,2012,most_runs
65,Harbhajan Singh,17,11,2,108.0,33,12.0,80.0,135.0,0.0,0.0,14.0,3.0,2012,most_runs
66,Albie Morkel,16,12,5,107.0,28,15.28,68.0,157.35,0.0,0.0,5.0,6.0,2012,most_runs
67,Piyush Chawla,16,12,4,106.0,21*,13.25,88.0,120.45,0.0,0.0,9.0,4.0,2012,most_runs
68,David Miller,6,6,3,98.0,34*,32.66,75.0,130.66,0.0,0.0,6.0,4.0,2012,most_runs
69,Michael Clarke,6,6,0,98.0,41,16.33,93.0,105.37,0.0,0.0,12.0,0.0,2012,most_runs
70,Shakib Al Hasan,8,7,1,91.0,42,15.16,74.0,122.97,0.0,0.0,6.0,3.0,2012,most_runs
71,Stuart Binny,8,6,2,90.0,30,22.5,67.0,134.32,0.0,0.0,9.0,3.0,2012,most_runs
72,Anustup Majumdar,4,4,0,87.0,31,21.75,76.0,114.47,0.0,0.0,7.0,2.0,2012,most_runs
73,Gurkeerat Mann Singh,5,4,1,86.0,29*,28.66,52.0,165.38,0.0,0.0,12.0,2.0,2012,most_runs
74,Richard Levi,6,6,0,83.0,50,13.83,73.0,113.69,0.0,1.0,10.0,4.0,2012,most_runs
75,Herschelle Gibbs,3,3,1,81.0,66*,40.5,88.0,92.04,0.0,1.0,8.0,2.0,2012,most_runs
76,Laxmi Ratan Shukla,11,8,2,75.0,26,12.5,57.0,131.57,0.0,0.0,4.0,5.0,2012,most_runs
77,Akshath Reddy,5,3,0,73.0,42,24.33,59.0,123.72,0.0,0.0,6.0,2.0,2012,most_runs
78,Bipul Sharma,5,4,1,72.0,35*,24.0,47.0,153.19,0.0,0.0,6.0,3.0,2012,most_runs
79,Shreevats Goswami,11,6,1,69.0,24,13.8,67.0,102.98,0.0,0.0,4.0,1.0,2012,most_runs
80,Vinay Kumar,15,7,2,68.0,25,13.6,62.0,109.67,0.0,0.0,3.0,2.0,2012,most_runs
81,Siddharth Chitnis,6,4,1,66.0,38,22.0,62.0,106.45,0.0,0.0,7.0,1.0,2012,most_runs
82,Johan Botha,11,7,3,58.0,14*,14.5,54.0,107.4,0.0,0.0,4.0,1.0,2012,most_runs
83,Aaron Finch,2,2,0,55.0,30,27.5,51.0,107.84,0.0,0.0,8.0,0.0,2012,most_runs
84,Lasith Malinga,14,6,0,55.0,17,9.16,53.0,103.77,0.0,0.0,4.0,3.0,2012,most_runs
85,Callum Ferguson,4,4,0,50.0,23,12.5,63.0,79.36,0.0,0.0,3.0,0.0,2012,most_runs
86,Andrew McDonald,4,3,1,47.0,30,23.5,35.0,134.28,0.0,0.0,6.0,2.0,2012,most_runs
87,Andre Russell,4,2,0,47.0,31,23.5,26.0,180.76,0.0,0.0,3.0,3.0,2012,most_runs
88,Abhishek Nayar,4,4,1,45.0,24,15.0,49.0,91.83,0.0,0.0,2.0,1.0,2012,most_runs
89,Brett Lee,10,3,1,42.0,25,21.0,20.0,210.0,0.0,0.0,2.0,4.0,2012,most_runs
90,Bhuvneshwar Kumar,11,9,6,40.0,11*,13.33,40.0,100.0,0.0,0.0,4.0,0.0,2012,most_runs
91,Kevon Cooper,6,4,2,38.0,14,19.0,20.0,190.0,0.0,0.0,3.0,3.0,2012,most_runs
92,Bharat Chipli,5,4,1,37.0,25*,12.33,35.0,105.71,0.0,0.0,3.0,2.0,2012,most_runs
93,Pawan Negi,8,4,2,36.0,14,18.0,29.0,124.13,0.0,0.0,4.0,1.0,2012,most_runs
94,Unmukt Chand,2,2,0,36.0,18,18.0,34.0,105.88,0.0,0.0,2.0,3.0,2012,most_runs
95,Rajat Bhatia,17,6,3,35.0,12,11.66,28.0,125.0,0.0,0.0,4.0,0.0,2012,most_runs
96,Praveen Kumar,16,7,4,35.0,10,11.66,30.0,116.66,0.0,0.0,2.0,1.0,2012,most_runs
97,Ashish Reddy,9,6,2,35.0,10*,8.75,29.0,120.68,0.0,0.0,3.0,1.0,2012,most_runs
98,Robin Peterson,5,5,2,32.0,16*,10.66,30.0,106.66,0.0,0.0,3.0,1.0,2012,most_runs
99,Daniel Vettori,9,6,2,31.0,20,7.75,26.0,119.23,0.0,0.0,3.0,1.0,2012,most_runs
100,Paul Valthaty,6,6,0,30.0,13,5.0,51.0,58.82,0.0,0.0,4.0,0.0,2012,most_runs
101,Murali Kartik,11,4,4,26.0,14*,0.0,21.0,123.8,0.0,0.0,1.0,1.0,2012,most_runs
102,Dishant Yagnik,5,3,2,25.0,10*,25.0,13.0,192.3,0.0,0.0,5.0,0.0,2012,most_runs
103,Abhishek Jhunjhunwala,5,3,1,24.0,19,12.0,26.0,92.3,0.0,0.0,1.0,1.0,2012,most_runs
104,Ryan ten Doeschate,3,3,1,21.0,11,10.5,21.0,100.0,0.0,0.0,1.0,1.0,2012,most_runs
105,Wayne Parnell,6,5,1,19.0,11,4.75,27.0,70.37,0.0,0.0,2.0,0.0,2012,most_runs
106,Alfonso Thomas,4,2,0,19.0,12,9.5,15.0,126.66,0.0,0.0,1.0,1.0,2012,most_runs
107,Srikkanth Anirudha,4,2,2,19.0,18*,0.0,7.0,271.42,0.0,0.0,1.0,2.0,2012,most_runs
108,Dale Steyn,12,6,1,19.0,7,3.8,21.0,90.47,0.0,0.0,0.0,1.0,2012,most_runs
109,Ravichandran Ashwin,19,5,2,18.0,8,6.0,15.0,120.0,0.0,0.0,2.0,0.0,2012,most_runs
110,Ankit Sharma,9,4,1,18.0,15,6.0,13.0,138.46,0.0,0.0,0.0,2.0,2012,most_runs
111,Ryan Harris,5,2,1,18.0,15*,18.0,11.0,163.63,0.0,0.0,1.0,1.0,2012,most_runs
112,Cheteshwar Pujara,3,3,0,17.0,11,5.66,22.0,77.27,0.0,0.0,1.0,1.0,2012,most_runs
113,Amit Mishra,14,5,2,16.0,8*,5.33,20.0,80.0,0.0,0.0,1.0,0.0,2012,most_runs
114,Harmeet Singh Bansal,7,2,1,15.0,14,15.0,7.0,214.28,0.0,0.0,3.0,0.0,2012,most_runs
115,Tirumalasetti Suman,2,2,0,15.0,10,7.5,19.0,78.94,0.0,0.0,1.0,1.0,2012,most_runs
116,Brad Hogg,9,3,1,15.0,13,7.5,16.0,93.75,0.0,0.0,1.0,0.0,2012,most_runs
117,Paras Dogra,3,3,1,15.0,6,7.5,24.0,62.5,0.0,0.0,0.0,0.0,2012,most_runs
118,Ishank Jaggi,3,3,1,15.0,10*,7.5,21.0,71.42,0.0,0.0,0.0,0.0,2012,most_runs
119,Harshal Patel,12,3,1,15.0,10,7.5,15.0,100.0,0.0,0.0,1.0,0.0,2012,most_runs
120,James Faulkner,2,2,1,14.0,11*,14.0,13.0,107.69,0.0,0.0,0.0,0.0,2012,most_runs
121,Dimitri Mascarenhas,4,3,0,14.0,9,4.66,16.0,87.5,0.0,0.0,1.0,0.0,2012,most_runs
122,Mohammad Kaif,1,1,0,14.0,14,14.0,16.0,87.5,0.0,0.0,1.0,0.0,2012,most_runs
123,Sreenath Aravind,1,1,1,14.0,14*,0.0,8.0,175.0,0.0,0.0,3.0,0.0,2012,most_runs
124,Doug Bracewell,1,1,1,12.0,12*,0.0,9.0,133.33,0.0,0.0,1.0,0.0,2012,most_runs
125,Zaheer Khan,16,5,3,12.0,11*,6.0,17.0,70.58,0.0,0.0,1.0,0.0,2012,most_runs
126,Ankeet Chavan,8,2,1,11.0,7*,11.0,8.0,137.5,0.0,0.0,2.0,0.0,2012,most_runs
127,Ashish Nehra,13,2,2,11.0,9*,0.0,12.0,91.66,0.0,0.0,1.0,0.0,2012,most_runs
128,Krishnakant Upadhyay,1,1,1,11.0,11*,0.0,8.0,137.5,0.0,0.0,0.0,1.0,2012,most_runs
129,Dhawal Kulkarni,2,1,1,10.0,10*,0.0,5.0,200.0,0.0,0.0,2.0,0.0,2012,most_runs
130,Sunil Narine,15,2,1,9.0,9*,9.0,7.0,128.57,0.0,0.0,2.0,0.0,2012,most_runs
131,Clint McKay,2,1,0,8.0,8,8.0,15.0,53.33,0.0,0.0,0.0,0.0,2012,most_runs
132,Shadab Jakati,15,2,2,7.0,6*,0.0,12.0,58.33,0.0,0.0,0.0,0.0,2012,most_runs
133,Juan Theron,2,1,1,7.0,7*,0.0,6.0,116.66,0.0,0.0,1.0,0.0,2012,most_runs
134,Glenn Maxwell,2,2,1,6.0,3*,6.0,11.0,54.54,0.0,0.0,0.0,0.0,2012,most_runs
135,Bhargav Bhatt,5,1,1,6.0,6*,0.0,2.0,300.0,0.0,0.0,0.0,1.0,2012,most_runs
136,RP Singh,11,5,3,6.0,3,3.0,12.0,50.0,0.0,0.0,0.0,0.0,2012,most_runs
137,Wriddhiman Saha,4,1,0,6.0,6,6.0,14.0,42.85,0.0,0.0,0.0,0.0,2012,most_runs
138,Asad Pathan,2,2,1,6.0,4,6.0,7.0,85.71,0.0,0.0,0.0,0.0,2012,most_runs
139,Chris Lynn,1,1,0,6.0,6,6.0,9.0,66.66,0.0,0.0,1.0,0.0,2012,most_runs
140,Harpreet Singh,1,1,0,6.0,6,6.0,6.0,100.0,0.0,0.0,0.0,0.0,2012,most_runs
141,Muttiah Muralitharan,10,2,0,6.0,6,3.0,9.0,66.66,0.0,0.0,0.0,0.0,2012,most_runs
142,Pragyan Ojha,9,3,1,5.0,4,2.5,14.0,35.71,0.0,0.0,0.0,0.0,2012,most_runs
143,Siddharth Trivedi,14,1,1,5.0,5*,0.0,6.0,83.33,0.0,0.0,0.0,0.0,2012,most_runs
144,Nuwan Kulasekara,5,1,1,5.0,5*,0.0,3.0,166.66,0.0,0.0,1.0,0.0,2012,most_runs
145,Dwaraka Ravi Teja,2,2,0,4.0,4,2.0,4.0,100.0,0.0,0.0,1.0,0.0,2012,most_runs
146,Thisara Perera,2,2,1,4.0,4*,4.0,9.0,44.44,0.0,0.0,0.0,0.0,2012,most_runs
147,Parvinder Awana,12,2,2,4.0,4*,0.0,5.0,80.0,0.0,0.0,0.0,0.0,2012,most_runs
148,Syed Mohammad,2,1,1,4.0,4*,0.0,1.0,400.0,0.0,0.0,1.0,0.0,2012,most_runs
149,Mohnish Mishra,1,1,0,4.0,4,4.0,4.0,100.0,0.0,0.0,1.0,0.0,2012,most_runs
150,Manpreet Gony,6,1,0,4.0,4,4.0,8.0,50.0,0.0,0.0,0.0,0.0,2012,most_runs
1,Michael Hussey,17,17,3,733.0,95,52.35,566.0,129.5,0.0,6.0,81.0,17.0,2013,most_runs
2,Chris Gayle,16,16,4,708.0,175*,59.0,453.0,156.29,1.0,4.0,57.0,51.0,2013,most_runs
3,Virat Kohli,16,16,2,634.0,99,45.28,457.0,138.73,0.0,6.0,64.0,22.0,2013,most_runs
4,Suresh Raina,18,17,4,548.0,100*,42.15,365.0,150.13,1.0,4.0,50.0,18.0,2013,most_runs
5,Shane Watson,16,16,2,543.0,101,38.78,380.0,142.89,1.0,2.0,59.0,22.0,2013,most_runs
6,Rohit Sharma,19,19,5,538.0,79*,38.42,409.0,131.54,0.0,4.0,35.0,28.0,2013,most_runs
7,Dinesh Karthik,19,19,1,510.0,86,28.33,411.0,124.08,0.0,2.0,54.0,14.0,2013,most_runs
8,Ajinkya Rahane,18,18,4,488.0,68*,34.85,458.0,106.55,0.0,4.0,42.0,11.0,2013,most_runs
9,Rahul Dravid,18,17,1,471.0,65,29.43,425.0,110.82,0.0,4.0,64.0,5.0,2013,most_runs
10,MS Dhoni,18,16,5,461.0,67*,41.9,283.0,162.89,0.0,4.0,32.0,25.0,2013,most_runs
11,Aaron Finch,14,14,0,456.0,67,32.57,336.0,135.71,0.0,4.0,54.0,16.0,2013,most_runs
12,Robin Uthappa,16,16,0,434.0,75,27.12,371.0,116.98,0.0,2.0,42.0,12.0,2013,most_runs
13,Kieron Pollard,18,18,8,420.0,66*,42.0,281.0,149.46,0.0,3.0,27.0,29.0,2013,most_runs
14,Dwayne Smith,13,13,0,418.0,68,32.15,341.0,122.58,0.0,4.0,40.0,19.0,2013,most_runs
15,David Miller,12,12,5,418.0,101*,59.71,254.0,164.56,1.0,3.0,28.0,24.0,2013,most_runs
16,David Warner,16,16,3,410.0,77,31.53,323.0,126.93,0.0,4.0,41.0,14.0,2013,most_runs
17,Gautam Gambhir,16,16,0,406.0,60,25.37,343.0,118.36,0.0,4.0,51.0,5.0,2013,most_runs
18,AB de Villiers,14,14,4,360.0,64,36.0,219.0,164.38,0.0,2.0,34.0,15.0,2013,most_runs
19,Yusuf Pathan,16,16,5,332.0,72,30.18,240.0,138.33,0.0,1.0,30.0,14.0,2013,most_runs
20,Mahela Jayawardena,15,15,0,331.0,66,22.06,313.0,105.75,0.0,2.0,39.0,6.0,2013,most_runs
21,Murali Vijay,15,15,1,312.0,55,22.28,286.0,109.09,0.0,2.0,27.0,8.0,2013,most_runs
22,Jacques Kallis,16,16,1,311.0,41,20.73,322.0,96.58,0.0,0.0,35.0,3.0,2013,most_runs
23,Shikhar Dhawan,10,10,2,311.0,73*,38.87,253.0,122.92,0.0,3.0,37.0,5.0,2013,most_runs
24,Eoin Morgan,14,13,2,307.0,51,27.9,240.0,127.91,0.0,1.0,28.0,13.0,2013,most_runs
25,Shaun Marsh,8,8,0,300.0,77,37.5,249.0,120.48,0.0,3.0,39.0,4.0,2013,most_runs
26,Virender Sehwag,13,13,1,295.0,95*,24.58,233.0,126.6,0.0,1.0,41.0,6.0,2013,most_runs
27,Parthiv Patel,13,13,0,294.0,61,22.61,255.0,115.29,0.0,1.0,37.0,4.0,2013,most_runs
28,Adam Gilchrist,13,13,1,294.0,85*,24.5,229.0,128.38,0.0,1.0,41.0,6.0,2013,most_runs
29,Brad Hodge,17,14,7,293.0,54*,41.85,218.0,134.4,0.0,1.0,27.0,9.0,2013,most_runs
30,Stuart Binny,17,16,7,293.0,41*,32.55,199.0,147.23,0.0,0.0,25.0,12.0,2013,most_runs
31,Sachin Tendulkar,14,14,1,287.0,54,22.07,231.0,124.24,0.0,1.0,38.0,5.0,2013,most_runs
32,Ambati Rayudu,19,17,3,265.0,37,18.92,231.0,114.71,0.0,0.0,22.0,4.0,2013,most_runs
33,Mandeep Singh,16,14,1,260.0,77*,20.0,223.0,116.59,0.0,1.0,36.0,0.0,2013,most_runs
34,Manvinder Bisla,14,14,1,255.0,92,19.61,236.0,108.05,0.0,2.0,36.0,6.0,2013,most_runs
35,Hanuma Vihari,17,17,3,241.0,46,17.21,278.0,86.69,0.0,0.0,17.0,1.0,2013,most_runs
36,Yuvraj Singh,13,13,1,238.0,34,19.83,190.0,125.26,0.0,0.0,14.0,15.0,2013,most_runs
37,David Hussey,12,11,1,235.0,41,23.5,209.0,112.44,0.0,0.0,20.0,6.0,2013,most_runs
38,Thisara Perera,16,14,4,233.0,40,23.3,163.0,142.94,0.0,0.0,12.0,14.0,2013,most_runs
39,Cameron White,13,13,1,209.0,52,17.41,191.0,109.42,0.0,1.0,18.0,7.0,2013,most_runs
40,Sanju Samson,11,10,2,206.0,63,25.75,178.0,115.73,0.0,1.0,19.0,5.0,2013,most_runs
41,Ravindra Jadeja,18,14,6,201.0,38*,25.12,135.0,148.88,0.0,0.0,17.0,6.0,2013,most_runs
42,Azhar Mahmood,11,10,0,196.0,80,19.6,154.0,127.27,0.0,2.0,22.0,5.0,2013,most_runs
43,Ben Rohrer,8,8,2,193.0,64*,32.16,140.0,137.85,0.0,1.0,21.0,5.0,2013,most_runs
44,Darren Sammy,10,9,3,174.0,60,29.0,132.0,131.81,0.0,1.0,11.0,10.0,2013,most_runs
45,Angelo Mathews,11,10,3,172.0,40,24.57,139.0,123.74,0.0,0.0,5.0,10.0,2013,most_runs
46,Moises Henriques,10,9,5,165.0,44,41.25,125.0,132.0,0.0,0.0,20.0,3.0,2013,most_runs
47,Manan Vohra,12,10,2,161.0,43*,20.12,117.0,137.6,0.0,0.0,22.0,2.0,2013,most_runs
48,Steve Smith,7,7,3,159.0,41,39.75,132.0,120.45,0.0,0.0,15.0,4.0,2013,most_runs
49,Unmukt Chand,9,9,0,158.0,41,17.55,158.0,100.0,0.0,0.0,17.0,4.0,2013,most_runs
50,Kedar Jadhav,12,10,3,152.0,31,21.71,124.0,122.58,0.0,0.0,8.0,5.0,2013,most_runs
51,Manoj Tiwary,10,9,1,146.0,33,18.25,140.0,104.28,0.0,0.0,12.0,1.0,2013,most_runs
52,Irfan Pathan,15,13,5,142.0,24,17.75,152.0,93.42,0.0,0.0,9.0,3.0,2013,most_runs
53,Mitchell Marsh,9,8,1,140.0,38,20.0,106.0,132.07,0.0,0.0,6.0,10.0,2013,most_runs
54,Manish Pandey,7,7,1,136.0,66,22.66,137.0,99.27,0.0,1.0,11.0,3.0,2013,most_runs
55,Manpreet Juneja,7,7,0,125.0,49,17.85,128.0,97.65,0.0,0.0,11.0,1.0,2013,most_runs
56,Ashish Reddy,12,10,4,125.0,36*,20.83,89.0,140.44,0.0,0.0,8.0,5.0,2013,most_runs
57,Dishant Yagnik,12,9,1,125.0,34,15.62,96.0,130.2,0.0,0.0,17.0,2.0,2013,most_runs
58,Subramaniam Badrinath,18,8,1,124.0,34,17.71,121.0,102.47,0.0,0.0,11.0,0.0,2013,most_runs
59,Biplap Samantray,8,7,2,123.0,55,24.6,111.0,110.81,0.0,1.0,13.0,2.0,2013,most_runs
60,Aditya Tare,5,5,0,123.0,59,24.6,84.0,146.42,0.0,1.0,14.0,5.0,2013,most_runs
61,Dwayne Bravo,18,12,4,121.0,23*,15.12,106.0,114.15,0.0,0.0,11.0,3.0,2013,most_runs
62,Kumar Sangakkara,9,9,0,120.0,28,13.33,136.0,88.23,0.0,0.0,13.0,0.0,2013,most_runs
63,Harbhajan Singh,19,14,8,116.0,25*,19.33,79.0,146.83,0.0,0.0,12.0,5.0,2013,most_runs
64,Saurabh Tiwary,9,6,2,109.0,52,27.25,106.0,102.83,0.0,1.0,4.0,4.0,2013,most_runs
65,Rajagopal Sathish,9,8,3,109.0,27*,21.8,77.0,141.55,0.0,0.0,9.0,5.0,2013,most_runs
66,Gurkeerat Mann Singh,11,9,1,108.0,31,13.5,95.0,113.68,0.0,0.0,10.0,3.0,2013,most_runs
67,Luke Wright,6,6,1,106.0,44,21.2,60.0,176.66,0.0,0.0,16.0,3.0,2013,most_runs
68,Rajat Bhatia,15,10,4,99.0,26*,16.5,80.0,123.75,0.0,0.0,8.0,3.0,2013,most_runs
69,Cheteshwar Pujara,4,4,0,92.0,51,23.0,99.0,92.92,0.0,1.0,14.0,0.0,2013,most_runs
70,Akshath Reddy,7,7,0,91.0,27,13.0,101.0,90.09,0.0,0.0,9.0,0.0,2013,most_runs
71,Amit Mishra,17,8,2,89.0,30,14.83,96.0,92.7,0.0,0.0,9.0,0.0,2013,most_runs
72,Karn Sharma,13,7,3,85.0,39*,21.25,86.0,98.83,0.0,0.0,6.0,2.0,2013,most_runs
73,Ryan ten Doeschate,4,4,1,85.0,42,28.33,63.0,134.92,0.0,0.0,9.0,2.0,2013,most_runs
74,Tillakaratne Dilshan,5,5,0,76.0,33,15.2,93.0,81.72,0.0,0.0,12.0,0.0,2013,most_runs
75,Debabrata Das,10,6,1,75.0,23,15.0,74.0,101.35,0.0,0.0,5.0,5.0,2013,most_runs
76,Vinay Kumar,16,5,4,70.0,26*,70.0,44.0,159.09,0.0,0.0,6.0,3.0,2013,most_runs
77,Wriddhiman Saha,3,3,0,70.0,39,23.33,56.0,125.0,0.0,0.0,6.0,4.0,2013,most_runs
78,Mayank Agarwal,5,5,0,67.0,29,13.4,62.0,108.06,0.0,0.0,6.0,3.0,2013,most_runs
79,Abhishek Nayar,11,9,3,66.0,25*,11.0,73.0,90.41,0.0,0.0,5.0,0.0,2013,most_runs
80,Piyush Chawla,16,11,5,64.0,23,10.66,57.0,112.28,0.0,0.0,5.0,3.0,2013,most_runs
81,Ross Taylor,5,5,0,63.0,19,12.6,76.0,82.89,0.0,0.0,2.0,1.0,2013,most_runs
82,Luke Pomersbach,3,3,1,58.0,33*,29.0,59.0,98.3,0.0,0.0,5.0,1.0,2013,most_runs
83,Morne Morkel,10,6,1,57.0,23*,11.4,29.0,196.55,0.0,0.0,6.0,3.0,2013,most_runs
84,James Faulkner,16,9,4,57.0,19*,11.4,57.0,100.0,0.0,0.0,5.0,2.0,2013,most_runs
85,Dale Steyn,17,8,6,53.0,18*,26.5,36.0,147.22,0.0,0.0,5.0,2.0,2013,most_runs
86,Ricky Ponting,6,5,0,52.0,28,10.4,75.0,69.33,0.0,0.0,3.0,1.0,2013,most_runs
87,Bhuvneshwar Kumar,16,9,2,52.0,24*,7.42,71.0,73.23,0.0,0.0,3.0,1.0,2013,most_runs
88,Tirumalasetti Suman,7,5,0,52.0,23,10.4,58.0,89.65,0.0,0.0,8.0,0.0,2013,most_runs
89,Praveen Kumar,15,7,1,47.0,24,7.83,39.0,120.51,0.0,0.0,3.0,3.0,2013,most_runs
90,Albie Morkel,8,3,0,46.0,23,15.33,37.0,124.32,0.0,0.0,2.0,3.0,2013,most_runs
91,Manpreet Gony,8,5,1,45.0,42,11.25,25.0,180.0,0.0,0.0,4.0,3.0,2013,most_runs
92,Chidhambaram Gautam,3,3,1,44.0,30,22.0,34.0,129.41,0.0,0.0,4.0,1.0,2013,most_runs
93,Johan Botha,6,6,0,43.0,23,7.16,52.0,82.69,0.0,0.0,5.0,1.0,2013,most_runs
94,Arun Karthik,12,5,2,41.0,19*,13.66,38.0,107.89,0.0,0.0,3.0,1.0,2013,most_runs
95,Mitchell Johnson,17,6,2,39.0,11,9.75,36.0,108.33,0.0,0.0,2.0,2.0,2013,most_runs
96,Kevon Cooper,14,5,1,39.0,26,9.75,22.0,177.27,0.0,0.0,4.0,2.0,2013,most_runs
97,Umesh Yadav,16,8,7,38.0,12*,38.0,38.0,100.0,0.0,0.0,3.0,1.0,2013,most_runs
98,Ravi Rampaul,10,6,2,38.0,23*,9.5,37.0,102.7,0.0,0.0,3.0,1.0,2013,most_runs
99,Glenn Maxwell,3,3,1,36.0,23,18.0,27.0,133.33,0.0,0.0,1.0,4.0,2013,most_runs
100,Ravichandran Ashwin,18,5,1,35.0,11*,8.75,49.0,71.42,0.0,0.0,4.0,0.0,2013,most_runs
101,Kane Richardson,3,2,0,34.0,26,17.0,36.0,94.44,0.0,0.0,2.0,1.0,2013,most_runs
102,Owais Shah,2,2,0,25.0,24,12.5,23.0,108.69,0.0,0.0,2.0,0.0,2013,most_runs
103,Jeevan Mendis,3,3,0,23.0,12,7.66,27.0,85.18,0.0,0.0,0.0,0.0,2013,most_runs
104,Sumit Narwal,2,1,0,23.0,23,23.0,15.0,153.33,0.0,0.0,4.0,0.0,2013,most_runs
105,Roelof van der Merwe,3,2,0,22.0,14,11.0,25.0,88.0,0.0,0.0,2.0,0.0,2013,most_runs
106,Sunil Narine,16,6,3,21.0,13,7.0,19.0,110.52,0.0,0.0,0.0,2.0,2013,most_runs
107,Brett Lee,3,2,1,21.0,16*,21.0,12.0,175.0,0.0,0.0,1.0,2.0,2013,most_runs
108,Rishi Dhawan,6,4,1,21.0,14,7.0,21.0,100.0,0.0,0.0,3.0,0.0,2013,most_runs
109,KL Rahul,5,2,0,20.0,12,10.0,16.0,125.0,0.0,0.0,4.0,0.0,2013,most_runs
110,Abhinav Mukund,1,1,0,19.0,19,19.0,21.0,90.47,0.0,0.0,1.0,0.0,2013,most_runs
111,Bharat Chipli,1,1,0,16.0,16,16.0,18.0,88.88,0.0,0.0,1.0,1.0,2013,most_runs
112,Shahbaz Nadeem,12,6,1,14.0,6,2.8,27.0,51.85,0.0,0.0,1.0,0.0,2013,most_runs
113,Dwaraka Ravi Teja,2,2,1,14.0,10,14.0,17.0,82.35,0.0,0.0,0.0,0.0,2013,most_runs
114,Kushal Janith Perera,2,2,0,14.0,14,7.0,13.0,107.69,0.0,0.0,3.0,0.0,2013,most_runs
115,Chris Morris,16,6,4,14.0,7*,7.0,16.0,87.5,0.0,0.0,0.0,0.0,2013,most_runs
116,Mithun Manhas,3,2,2,13.0,11*,0.0,17.0,76.47,0.0,0.0,1.0,0.0,2013,most_runs
117,Ajit Agarkar,4,2,1,12.0,9*,12.0,16.0,75.0,0.0,0.0,0.0,0.0,2013,most_runs
118,Andre Russell,3,2,0,11.0,7,5.5,14.0,78.57,0.0,0.0,0.0,0.0,2013,most_runs
119,Rahul Sharma,11,6,2,11.0,10*,2.75,17.0,64.7,0.0,0.0,1.0,0.0,2013,most_runs
120,Syed Mohammad,4,2,0,10.0,9,5.0,13.0,76.92,0.0,0.0,1.0,0.0,2013,most_runs
121,Sachithra Senanayake,8,4,3,10.0,7*,10.0,17.0,58.82,0.0,0.0,0.0,0.0,2013,most_runs
122,Thalaivan Sargunam,1,1,0,10.0,10,10.0,17.0,58.82,0.0,0.0,0.0,0.0,2013,most_runs
123,Lakshmipathy Balaji,13,3,2,9.0,9*,9.0,10.0,90.0,0.0,0.0,1.0,0.0,2013,most_runs
124,Naman Ojha,2,2,1,9.0,9,9.0,10.0,90.0,0.0,0.0,1.0,0.0,2013,most_runs
125,Karun Nair,2,2,0,9.0,9,4.5,12.0,75.0,0.0,0.0,0.0,0.0,2013,most_runs
126,Lasith Malinga,17,6,2,9.0,7,2.25,18.0,50.0,0.0,0.0,1.0,0.0,2013,most_runs
127,Nathan Coulter-Nile,1,1,0,9.0,9,9.0,6.0,150.0,0.0,0.0,0.0,1.0,2013,most_runs
128,Ashok Dinda,13,5,3,9.0,6*,4.5,11.0,81.81,0.0,0.0,1.0,0.0,2013,most_runs
129,Iqbal Abdulla,5,2,2,8.0,6*,0.0,14.0,57.14,0.0,0.0,0.0,0.0,2013,most_runs
130,Marlon Samuels,2,2,0,8.0,5,4.0,18.0,44.44,0.0,0.0,1.0,0.0,2013,most_runs
131,Siddarth Kaul,6,2,2,7.0,7*,0.0,9.0,77.77,0.0,0.0,0.0,0.0,2013,most_runs
132,Udit Birla,2,1,0,7.0,7,7.0,14.0,50.0,0.0,0.0,1.0,0.0,2013,most_runs
133,Dan Christian,2,2,0,6.0,4,3.0,15.0,40.0,0.0,0.0,0.0,0.0,2013,most_runs
134,Quinton de Kock,3,3,0,6.0,4,2.0,15.0,40.0,0.0,0.0,1.0,0.0,2013,most_runs
135,Paul Valthaty,1,1,0,6.0,6,6.0,17.0,35.29,0.0,0.0,0.0,0.0,2013,most_runs
136,Brendon McCullum,1,1,0,6.0,6,6.0,7.0,85.71,0.0,0.0,1.0,0.0,2013,most_runs
137,Mohammad Shami,3,1,0,5.0,5,5.0,10.0,50.0,0.0,0.0,0.0,0.0,2013,most_runs
138,Dimitri Mascarenhas,1,1,1,5.0,5*,0.0,5.0,100.0,0.0,0.0,0.0,0.0,2013,most_runs
139,Ali Murtaza,3,1,0,5.0,5,5.0,4.0,125.0,0.0,0.0,1.0,0.0,2013,most_runs
140,Mahesh Rawat,2,2,1,5.0,5,5.0,11.0,45.45,0.0,0.0,0.0,0.0,2013,most_runs
141,Wayne Parnell,4,1,0,5.0,5,5.0,7.0,71.42,0.0,0.0,0.0,0.0,2013,most_runs
142,Parveez Rasool,2,2,1,5.0,4*,5.0,9.0,55.55,0.0,0.0,0.0,0.0,2013,most_runs
143,Paras Dogra,1,1,0,5.0,5,5.0,8.0,62.5,0.0,0.0,0.0,0.0,2013,most_runs
144,Ben Laughlin,2,2,1,4.0,4*,4.0,9.0,44.44,0.0,0.0,0.0,0.0,2013,most_runs
145,Pradeep Sangwan,2,1,1,4.0,4*,0.0,2.0,200.0,0.0,0.0,1.0,0.0,2013,most_runs
146,Ajit Chandila,8,1,1,4.0,4*,0.0,6.0,66.66,0.0,0.0,0.0,0.0,2013,most_runs
147,Raiphi Gomez,2,1,1,4.0,4*,0.0,1.0,400.0,0.0,0.0,1.0,0.0,2013,most_runs
148,Laxmi Ratan Shukla,4,2,0,3.0,2,1.5,12.0,25.0,0.0,0.0,0.0,0.0,2013,most_runs
149,Siddharth Trivedi,17,2,1,3.0,3,3.0,7.0,42.85,0.0,0.0,0.0,0.0,2013,most_runs
150,Ryan McLaren,2,2,0,3.0,2,1.5,6.0,50.0,0.0,0.0,0.0,0.0,2013,most_runs
1,Robin Uthappa,16,16,1,660.0,83*,44.0,479.0,137.78,0.0,5.0,74.0,18.0,2014,most_runs
2,Dwayne Smith,16,16,0,566.0,79,35.37,416.0,136.05,0.0,5.0,50.0,34.0,2014,most_runs
3,Glenn Maxwell,16,16,0,552.0,95,34.5,294.0,187.75,0.0,4.0,48.0,36.0,2014,most_runs
4,David Warner,14,14,3,528.0,90,48.0,375.0,140.8,0.0,6.0,39.0,24.0,2014,most_runs
5,Suresh Raina,16,16,3,523.0,87,40.23,358.0,146.08,0.0,5.0,51.0,19.0,2014,most_runs
6,Virender Sehwag,17,17,0,455.0,122,26.76,315.0,144.44,1.0,1.0,56.0,18.0,2014,most_runs
7,David Miller,16,16,6,446.0,66,44.6,299.0,149.16,0.0,3.0,34.0,21.0,2014,most_runs
8,JP Duminy,14,14,6,410.0,67*,51.25,305.0,134.42,0.0,2.0,22.0,20.0,2014,most_runs
9,Brendon McCullum,14,14,1,405.0,71*,31.15,333.0,121.62,0.0,3.0,32.0,19.0,2014,most_runs
10,Manish Pandey,16,16,3,401.0,94,30.84,340.0,117.94,0.0,2.0,35.0,10.0,2014,most_runs
11,AB de Villiers,14,13,2,395.0,89*,35.9,249.0,158.63,0.0,3.0,26.0,24.0,2014,most_runs
12,Lendl Simmons,8,8,1,394.0,100*,56.28,291.0,135.39,1.0,3.0,43.0,14.0,2014,most_runs
13,Rohit Sharma,15,15,2,390.0,59*,30.0,302.0,129.13,0.0,3.0,31.0,16.0,2014,most_runs
14,Shikhar Dhawan,14,14,1,377.0,64*,29.0,319.0,118.18,0.0,2.0,49.0,7.0,2014,most_runs
15,Yuvraj Singh,14,14,3,376.0,83,34.18,278.0,135.25,0.0,3.0,22.0,28.0,2014,most_runs
16,MS Dhoni,16,15,10,371.0,57*,74.2,250.0,148.4,0.0,1.0,22.0,20.0,2014,most_runs
17,Wriddhiman Saha,17,13,2,362.0,115*,32.9,249.0,145.38,1.0,2.0,33.0,18.0,2014,most_runs
18,Ambati Rayudu,15,14,0,361.0,68,25.78,287.0,125.78,0.0,2.0,31.0,8.0,2014,most_runs
19,Virat Kohli,14,14,1,359.0,73,27.61,294.0,122.1,0.0,2.0,23.0,16.0,2014,most_runs
20,Sanju Samson,13,13,0,339.0,74,26.07,273.0,124.17,0.0,2.0,25.0,17.0,2014,most_runs
21,Ajinkya Rahane,13,12,0,339.0,72,28.25,291.0,116.49,0.0,3.0,38.0,3.0,2014,most_runs
22,Gautam Gambhir,16,16,1,335.0,69,22.33,293.0,114.33,0.0,3.0,36.0,4.0,2014,most_runs
23,Karun Nair,11,11,1,330.0,73*,33.0,232.0,142.24,0.0,3.0,38.0,9.0,2014,most_runs
24,Dinesh Karthik,14,14,0,325.0,69,23.21,258.0,125.96,0.0,3.0,28.0,11.0,2014,most_runs
25,Manan Vohra,8,8,0,324.0,67,40.5,233.0,139.05,0.0,1.0,27.0,16.0,2014,most_runs
26,Aaron Finch,13,13,2,309.0,88*,28.09,263.0,117.49,0.0,2.0,31.0,9.0,2014,most_runs
27,Faf du Plessis,15,12,1,303.0,54*,27.54,235.0,128.93,0.0,2.0,26.0,7.0,2014,most_runs
28,Kevin Pietersen,11,11,1,294.0,58,29.4,233.0,126.18,0.0,1.0,34.0,7.0,2014,most_runs
29,Kieron Pollard,15,15,7,273.0,78,34.12,203.0,134.48,0.0,1.0,15.0,15.0,2014,most_runs
30,Yusuf Pathan,15,12,3,268.0,72,29.77,165.0,162.42,0.0,1.0,15.0,20.0,2014,most_runs
31,Corey Anderson,12,11,2,265.0,95*,29.44,181.0,146.4,0.0,1.0,21.0,15.0,2014,most_runs
32,George Bailey,17,16,7,257.0,40*,28.55,190.0,135.26,0.0,0.0,19.0,10.0,2014,most_runs
33,Shane Watson,13,13,1,240.0,51,20.0,196.0,122.44,0.0,2.0,19.0,14.0,2014,most_runs
34,Naman Ojha,11,10,4,232.0,79*,38.66,161.0,144.09,0.0,1.0,14.0,17.0,2014,most_runs
35,Shakib Al Hasan,13,11,4,227.0,60,32.42,152.0,149.34,0.0,1.0,22.0,7.0,2014,most_runs
36,Michael Hussey,9,9,0,209.0,56,23.22,182.0,114.83,0.0,2.0,17.0,7.0,2014,most_runs
37,Murali Vijay,11,11,0,207.0,52,18.81,192.0,107.81,0.0,1.0,20.0,5.0,2014,most_runs
38,Parthiv Patel,12,12,2,205.0,57*,20.5,185.0,110.81,0.0,1.0,30.0,1.0,2014,most_runs
39,Chris Gayle,9,9,0,196.0,46,21.77,184.0,106.52,0.0,0.0,18.0,12.0,2014,most_runs
40,James Faulkner,13,12,8,181.0,41*,45.25,94.0,192.55,0.0,0.0,8.0,16.0,2014,most_runs
41,KL Rahul,11,8,0,166.0,46,20.75,164.0,101.21,0.0,0.0,12.0,3.0,2014,most_runs
42,Suryakumar Yadav,16,10,5,164.0,34,32.8,117.0,140.17,0.0,0.0,16.0,5.0,2014,most_runs
43,Quinton de Kock,7,7,0,153.0,48,21.85,130.0,117.69,0.0,0.0,19.0,4.0,2014,most_runs
44,Manoj Tiwary,8,8,3,152.0,61*,30.4,118.0,128.81,0.0,1.0,14.0,4.0,2014,most_runs
45,Jacques Kallis,8,7,1,151.0,72,25.16,129.0,117.05,0.0,1.0,13.0,4.0,2014,most_runs
46,Kedar Jadhav,10,10,5,149.0,37,29.8,101.0,147.52,0.0,0.0,13.0,7.0,2014,most_runs
47,Steve Smith,10,7,3,147.0,48*,36.75,110.0,133.63,0.0,0.0,13.0,4.0,2014,most_runs
48,Ravindra Jadeja,16,10,5,146.0,36*,29.2,110.0,132.72,0.0,0.0,9.0,5.0,2014,most_runs
49,Aditya Tare,15,12,4,126.0,24,15.75,98.0,128.57,0.0,0.0,16.0,3.0,2014,most_runs
50,Cheteshwar Pujara,6,6,1,125.0,40*,25.0,124.0,100.8,0.0,0.0,17.0,0.0,2014,most_runs
51,Stuart Binny,13,12,2,123.0,48*,12.3,121.0,101.65,0.0,0.0,4.0,5.0,2014,most_runs
52,Chidhambaram Gautam,9,9,2,121.0,33,17.28,111.0,109.0,0.0,0.0,13.0,5.0,2014,most_runs
53,David Hussey,5,4,2,116.0,50*,58.0,94.0,123.4,0.0,1.0,8.0,6.0,2014,most_runs
54,Mayank Agarwal,8,8,0,115.0,31,14.37,91.0,126.37,0.0,0.0,12.0,3.0,2014,most_runs
55,Darren Sammy,10,9,2,108.0,29,15.42,91.0,118.68,0.0,0.0,4.0,8.0,2014,most_runs
56,Yogesh Takawale,5,5,0,104.0,45,20.8,91.0,114.28,0.0,0.0,17.0,1.0,2014,most_runs
57,Brad Hodge,4,4,1,101.0,40,33.66,72.0,140.27,0.0,0.0,4.0,6.0,2014,most_runs
58,Mitchell Starc,14,9,3,85.0,29,14.16,84.0,101.19,0.0,0.0,9.0,0.0,2014,most_runs
59,Rishi Dhawan,13,6,4,82.0,23*,41.0,75.0,109.33,0.0,0.0,8.0,1.0,2014,most_runs
60,Sachin Rana,9,7,4,73.0,19*,24.33,65.0,112.3,0.0,0.0,7.0,1.0,2014,most_runs
61,Venugopal Rao,7,5,2,71.0,27,23.66,63.0,112.69,0.0,0.0,8.0,0.0,2014,most_runs
62,Shaun Marsh,2,2,0,70.0,40,35.0,52.0,134.61,0.0,0.0,7.0,3.0,2014,most_runs
63,Rajat Bhatia,12,7,2,67.0,23,13.4,53.0,126.41,0.0,0.0,4.0,3.0,2014,most_runs
64,Axar Patel,17,8,2,62.0,42*,10.33,60.0,103.33,0.0,0.0,6.0,1.0,2014,most_runs
65,Ross Taylor,4,4,1,59.0,43*,19.66,59.0,100.0,0.0,0.0,6.0,0.0,2014,most_runs
66,Chris Lynn,2,2,0,58.0,45,29.0,49.0,118.36,0.0,0.0,5.0,3.0,2014,most_runs
67,Mitchell Johnson,14,8,5,56.0,16*,18.66,50.0,112.0,0.0,0.0,4.0,3.0,2014,most_runs
68,Irfan Pathan,10,6,4,55.0,23*,27.5,54.0,101.85,0.0,0.0,5.0,0.0,2014,most_runs
69,Ryan ten Doeschate,10,7,3,52.0,25*,13.0,33.0,157.57,0.0,0.0,3.0,4.0,2014,most_runs
70,Albie Morkel,7,5,2,45.0,16,15.0,41.0,109.75,0.0,0.0,1.0,3.0,2014,most_runs
71,Ravichandran Ashwin,16,6,3,45.0,14,15.0,45.0,100.0,0.0,0.0,4.0,0.0,2014,most_runs
72,Abhishek Nayar,5,4,1,43.0,23,14.33,47.0,91.48,0.0,0.0,5.0,1.0,2014,most_runs
73,Jimmy Neesham,4,3,0,42.0,22,14.0,46.0,91.3,0.0,0.0,3.0,1.0,2014,most_runs
74,Karn Sharma,14,8,4,42.0,17*,10.5,29.0,144.82,0.0,0.0,1.0,3.0,2014,most_runs
75,Ben Dunk,3,3,0,40.0,20,13.33,35.0,114.28,0.0,0.0,7.0,0.0,2014,most_runs
76,Rilee Rossouw,3,3,0,39.0,24,13.0,41.0,95.12,0.0,0.0,2.0,2.0,2014,most_runs
77,Kevon Cooper,5,5,2,39.0,32,13.0,26.0,150.0,0.0,0.0,2.0,3.0,2014,most_runs
78,Varun Aaron,10,3,3,35.0,17*,0.0,34.0,102.94,0.0,0.0,2.0,1.0,2014,most_runs
79,Dhawal Kulkarni,8,2,2,35.0,28*,0.0,25.0,140.0,0.0,0.0,1.0,2.0,2014,most_runs
80,Mithun Manhas,12,5,3,35.0,13*,17.5,23.0,152.17,0.0,0.0,3.0,1.0,2014,most_runs
81,Ankit Sharma,3,2,0,34.0,30,17.0,30.0,113.33,0.0,0.0,4.0,1.0,2014,most_runs
82,Piyush Chawla,11,5,2,31.0,17*,10.33,19.0,163.15,0.0,0.0,4.0,1.0,2014,most_runs
83,Laxmi Ratan Shukla,5,3,0,31.0,21,10.33,38.0,81.57,0.0,0.0,2.0,1.0,2014,most_runs
84,Vijay Zol,3,2,0,29.0,16,14.5,26.0,111.53,0.0,0.0,3.0,1.0,2014,most_runs
85,Harbhajan Singh,14,7,2,28.0,10*,5.6,25.0,112.0,0.0,0.0,2.0,2.0,2014,most_runs
86,Mandeep Singh,3,3,0,24.0,21,8.0,26.0,92.3,0.0,0.0,2.0,0.0,2014,most_runs
87,Dale Steyn,14,4,1,22.0,12,7.33,26.0,84.61,0.0,0.0,1.0,0.0,2014,most_runs
88,Rahul Shukla,3,3,2,18.0,14,18.0,21.0,85.71,0.0,0.0,2.0,0.0,2014,most_runs
89,Nic Maddinson,2,2,0,16.0,12,8.0,14.0,114.28,0.0,0.0,3.0,0.0,2014,most_runs
90,Rahul Tewatia,3,1,0,16.0,16,16.0,13.0,123.07,0.0,0.0,0.0,1.0,2014,most_runs
91,Jason Holder,1,1,0,16.0,16,16.0,12.0,133.33,0.0,0.0,2.0,1.0,2014,most_runs
92,Ravi Rampaul,2,1,0,13.0,13,13.0,13.0,100.0,0.0,0.0,0.0,1.0,2014,most_runs
93,Harshal Patel,3,3,1,13.0,6,6.5,7.0,185.71,0.0,0.0,1.0,1.0,2014,most_runs
94,Shreyas Gopal,4,1,0,11.0,11,11.0,10.0,110.0,0.0,0.0,1.0,0.0,2014,most_runs
95,Sunil Narine,16,5,3,10.0,6,5.0,14.0,71.42,0.0,0.0,0.0,0.0,2014,most_runs
96,Moises Henriques,4,2,0,9.0,9,4.5,14.0,64.28,0.0,0.0,1.0,0.0,2014,most_runs
97,Zaheer Khan,6,4,3,8.0,7*,8.0,7.0,114.28,0.0,0.0,0.0,1.0,2014,most_runs
98,Imran Tahir,6,2,0,8.0,4,4.0,10.0,80.0,0.0,0.0,2.0,0.0,2014,most_runs
99,Ben Cutting,1,1,0,8.0,8,8.0,6.0,133.33,0.0,0.0,0.0,1.0,2014,most_runs
100,Dwayne Bravo,1,1,1,8.0,8*,0.0,3.0,266.66,0.0,0.0,0.0,1.0,2014,most_runs
101,Shahbaz Nadeem,11,3,1,7.0,3*,3.5,19.0,36.84,0.0,0.0,0.0,0.0,2014,most_runs
102,Pravin Tambe,13,2,0,5.0,3,2.5,9.0,55.55,0.0,0.0,0.0,0.0,2014,most_runs
103,Shivam Sharma,4,2,1,5.0,4,5.0,3.0,166.66,0.0,0.0,1.0,0.0,2014,most_runs
104,Morne Morkel,12,2,2,4.0,4*,0.0,3.0,133.33,0.0,0.0,0.0,0.0,2014,most_runs
105,Vinay Kumar,9,4,2,4.0,4,2.0,6.0,66.66,0.0,0.0,0.0,0.0,2014,most_runs
106,Ashok Dinda,9,3,2,4.0,2*,4.0,12.0,33.33,0.0,0.0,0.0,0.0,2014,most_runs
107,Amit Mishra,10,2,1,4.0,4*,4.0,7.0,57.14,0.0,0.0,0.0,0.0,2014,most_runs
108,Tim Southee,3,1,0,4.0,4,4.0,4.0,100.0,0.0,0.0,1.0,0.0,2014,most_runs
109,Dishant Yagnik,1,1,1,4.0,4*,0.0,6.0,66.66,0.0,0.0,0.0,0.0,2014,most_runs
110,Abu Nechim,4,1,1,4.0,4*,0.0,1.0,400.0,0.0,0.0,1.0,0.0,2014,most_runs
111,Mohammad Shami,12,4,2,3.0,1*,1.5,7.0,42.85,0.0,0.0,0.0,0.0,2014,most_runs
112,Manvinder Bisla,1,1,0,3.0,3,3.0,9.0,33.33,0.0,0.0,0.0,0.0,2014,most_runs
113,Srikkanth Anirudha,1,1,0,3.0,3,3.0,5.0,60.0,0.0,0.0,0.0,0.0,2014,most_runs
114,Lasith Malinga,10,1,0,2.0,2,2.0,4.0,50.0,0.0,0.0,0.0,0.0,2014,most_runs
115,Wayne Parnell,8,2,1,2.0,2,2.0,2.0,100.0,0.0,0.0,0.0,0.0,2014,most_runs
116,Sandeep Sharma,11,1,1,2.0,2*,0.0,5.0,40.0,0.0,0.0,0.0,0.0,2014,most_runs
117,Umesh Yadav,12,1,0,2.0,2,2.0,4.0,50.0,0.0,0.0,0.0,0.0,2014,most_runs
118,Andre Russell,2,2,0,2.0,1,1.0,8.0,25.0,0.0,0.0,0.0,0.0,2014,most_runs
119,Siddarth Kaul,5,1,1,2.0,2*,0.0,2.0,100.0,0.0,0.0,0.0,0.0,2014,most_runs
120,Unmukt Chand,1,1,0,2.0,2,2.0,9.0,22.22,0.0,0.0,0.0,0.0,2014,most_runs
121,Yuzvendra Chahal,14,2,2,1.0,1*,0.0,1.0,100.0,0.0,0.0,0.0,0.0,2014,most_runs
122,Kane Richardson,7,1,0,1.0,1,1.0,2.0,50.0,0.0,0.0,0.0,0.0,2014,most_runs
123,Bhuvneshwar Kumar,14,2,1,1.0,1,1.0,4.0,25.0,0.0,0.0,0.0,0.0,2014,most_runs
124,Jasprit Bumrah,11,2,2,1.0,1*,0.0,3.0,33.33,0.0,0.0,0.0,0.0,2014,most_runs
125,Jaydev Unadkat,9,2,1,1.0,1*,1.0,6.0,16.66,0.0,0.0,0.0,0.0,2014,most_runs
126,Praveen Kumar,3,1,0,1.0,1,1.0,2.0,50.0,0.0,0.0,0.0,0.0,2014,most_runs
127,Marchant de Lange,1,1,0,1.0,1,1.0,2.0,50.0,0.0,0.0,0.0,0.0,2014,most_runs
128,Vikramjeet Malik,1,1,1,1.0,1*,0.0,2.0,50.0,0.0,0.0,0.0,0.0,2014,most_runs
129,Karanveer Singh,5,1,1,1.0,1*,0.0,1.0,100.0,0.0,0.0,0.0,0.0,2014,most_runs
130,Lakshmipathy Balaji,9,2,1,1.0,1*,1.0,3.0,33.33,0.0,0.0,0.0,0.0,2014,most_runs
131,Mohit Sharma,16,1,1,1.0,1*,0.0,3.0,33.33,0.0,0.0,0.0,0.0,2014,most_runs
132,Beuran Hendricks,3,1,0,0.0,0*,0.0,1.0,0.0,0.0,0.0,0.0,0.0,2014,most_runs
1,David Warner,14,14,1,562.0,91,43.23,359.0,156.54,0.0,7.0,65.0,21.0,2015,most_runs
2,Lendl Simmons,13,13,1,540.0,71,45.0,441.0,122.44,0.0,6.0,56.0,21.0,2015,most_runs
3,Ajinkya Rahane,14,13,2,540.0,91*,49.09,413.0,130.75,0.0,4.0,53.0,13.0,2015,most_runs
4,AB de Villiers,16,14,3,513.0,133*,46.63,293.0,175.08,1.0,2.0,60.0,22.0,2015,most_runs
5,Virat Kohli,16,16,5,505.0,82*,45.9,386.0,130.82,0.0,3.0,35.0,23.0,2015,most_runs
6,Chris Gayle,14,14,2,491.0,117,40.91,333.0,147.44,1.0,2.0,39.0,38.0,2015,most_runs
7,Rohit Sharma,16,16,2,482.0,98*,34.42,333.0,144.74,0.0,3.0,41.0,21.0,2015,most_runs
8,Shreyas Iyer,14,14,1,439.0,83,33.76,342.0,128.36,0.0,4.0,41.0,21.0,2015,most_runs
9,Brendon McCullum,14,14,1,436.0,100*,33.53,280.0,155.71,1.0,2.0,51.0,23.0,2015,most_runs
10,Kieron Pollard,16,14,3,419.0,70,38.09,256.0,163.67,0.0,2.0,28.0,28.0,2015,most_runs
11,JP Duminy,14,13,3,414.0,78*,41.4,315.0,131.42,0.0,4.0,27.0,20.0,2015,most_runs
12,Dwayne Smith,16,16,0,399.0,62,24.93,335.0,119.1,0.0,2.0,52.0,16.0,2015,most_runs
13,Faf du Plessis,17,15,2,380.0,55,29.23,304.0,125.0,0.0,1.0,37.0,5.0,2015,most_runs
14,Suresh Raina,17,17,2,374.0,62,24.93,304.0,123.02,0.0,2.0,31.0,16.0,2015,most_runs
15,MS Dhoni,17,17,5,372.0,53,31.0,305.0,121.96,0.0,1.0,27.0,17.0,2015,most_runs
16,Robin Uthappa,13,13,1,364.0,80*,30.33,277.0,131.4,0.0,1.0,42.0,7.0,2015,most_runs
17,David Miller,13,13,2,357.0,89*,32.45,266.0,134.21,0.0,2.0,21.0,21.0,2015,most_runs
18,Shikhar Dhawan,14,14,1,353.0,54,27.15,286.0,123.42,0.0,3.0,45.0,6.0,2015,most_runs
19,Shane Watson,10,9,1,347.0,104*,43.37,257.0,135.01,1.0,1.0,37.0,14.0,2015,most_runs
20,Parthiv Patel,14,14,1,339.0,59,26.07,246.0,137.8,0.0,2.0,47.0,5.0,2015,most_runs
21,Gautam Gambhir,13,13,0,327.0,60,25.15,278.0,117.62,0.0,3.0,41.0,4.0,2015,most_runs
22,Andre Russell,13,11,2,326.0,66,36.22,169.0,192.89,0.0,3.0,35.0,19.0,2015,most_runs
23,Yusuf Pathan,13,12,5,312.0,52,44.57,231.0,135.06,0.0,1.0,29.0,12.0,2015,most_runs
24,Steve Smith,14,12,1,293.0,79*,26.63,221.0,132.57,0.0,2.0,33.0,3.0,2015,most_runs
25,Moises Henriques,9,9,2,287.0,74*,41.0,211.0,136.01,0.0,2.0,19.0,13.0,2015,most_runs
26,Ambati Rayudu,15,14,5,281.0,53*,31.22,193.0,145.59,0.0,1.0,18.0,16.0,2015,most_runs
27,George Bailey,13,13,2,259.0,61*,23.54,190.0,136.31,0.0,2.0,22.0,7.0,2015,most_runs
28,Murali Vijay,11,11,0,251.0,39,22.81,228.0,110.08,0.0,0.0,27.0,8.0,2015,most_runs
29,Wriddhiman Saha,14,13,0,249.0,42,19.15,197.0,126.39,0.0,0.0,16.0,10.0,2015,most_runs
30,Yuvraj Singh,14,13,0,248.0,57,19.07,210.0,118.09,0.0,2.0,23.0,10.0,2015,most_runs
31,Manish Pandey,13,12,1,225.0,40,20.45,184.0,122.28,0.0,0.0,22.0,7.0,2015,most_runs
32,Mayank Agarwal,10,10,1,213.0,68,23.66,177.0,120.33,0.0,2.0,23.0,7.0,2015,most_runs
33,Axar Patel,14,12,3,206.0,40*,22.88,174.0,118.39,0.0,0.0,13.0,8.0,2015,most_runs
34,Sanju Samson,14,11,1,204.0,76,20.4,163.0,125.15,0.0,1.0,16.0,8.0,2015,most_runs
35,Dwayne Bravo,17,14,5,195.0,62*,21.66,148.0,131.75,0.0,1.0,22.0,5.0,2015,most_runs
36,Kedar Jadhav,14,12,4,189.0,63*,23.62,140.0,135.0,0.0,1.0,16.0,7.0,2015,most_runs
37,Eoin Morgan,9,9,1,187.0,63,23.37,151.0,123.84,0.0,1.0,11.0,11.0,2015,most_runs
38,Karun Nair,14,12,1,181.0,61,16.45,145.0,124.82,0.0,1.0,18.0,5.0,2015,most_runs
39,Suryakumar Yadav,13,13,4,157.0,46*,17.44,113.0,138.93,0.0,0.0,12.0,8.0,2015,most_runs
40,Mandeep Singh,14,9,2,157.0,54*,22.42,100.0,157.0,0.0,1.0,17.0,6.0,2015,most_runs
41,Deepak Hooda,14,9,0,151.0,54,16.77,95.0,158.94,0.0,1.0,6.0,11.0,2015,most_runs
42,Ravi Bopara,9,8,3,145.0,41,29.0,120.0,120.83,0.0,0.0,6.0,6.0,2015,most_runs
43,Glenn Maxwell,11,11,0,145.0,43,13.18,112.0,129.46,0.0,0.0,13.0,8.0,2015,most_runs
44,Angelo Mathews,11,10,3,144.0,28,20.57,104.0,138.46,0.0,0.0,12.0,6.0,2015,most_runs
45,James Faulkner,13,11,3,144.0,46,18.0,109.0,132.11,0.0,0.0,12.0,5.0,2015,most_runs
46,KL Rahul,9,8,3,142.0,44*,28.4,126.0,112.69,0.0,0.0,8.0,5.0,2015,most_runs
47,Dinesh Karthik,16,11,0,141.0,28,12.81,117.0,120.51,0.0,0.0,15.0,4.0,2015,most_runs
48,Naman Ojha,14,11,1,137.0,28,13.7,121.0,113.22,0.0,0.0,12.0,4.0,2015,most_runs
49,Ravindra Jadeja,17,12,5,132.0,24,18.85,126.0,104.76,0.0,0.0,7.0,3.0,2015,most_runs
50,David Wiese,14,7,3,122.0,47*,30.5,86.0,141.86,0.0,0.0,12.0,4.0,2015,most_runs
51,Quinton de Kock,3,3,0,122.0,69,40.66,77.0,158.44,0.0,2.0,18.0,4.0,2015,most_runs
52,Harbhajan Singh,15,10,3,117.0,64,16.71,73.0,160.27,0.0,1.0,9.0,9.0,2015,most_runs
53,Pawan Negi,10,9,1,116.0,36,14.5,73.0,158.9,0.0,0.0,10.0,5.0,2015,most_runs
54,Corey Anderson,4,4,1,114.0,55*,38.0,97.0,117.52,0.0,2.0,11.0,6.0,2015,most_runs
55,Hardik Pandya,9,8,3,112.0,61*,22.4,62.0,180.64,0.0,1.0,9.0,8.0,2015,most_runs
56,Sarfaraz Khan,13,8,4,111.0,45*,27.75,71.0,156.33,0.0,0.0,12.0,2.0,2015,most_runs
57,Saurabh Tiwary,7,6,6,109.0,28*,0.0,78.0,139.74,0.0,0.0,9.0,5.0,2015,most_runs
58,Karn Sharma,14,9,3,104.0,32,17.33,85.0,122.35,0.0,0.0,3.0,6.0,2015,most_runs
59,Unmukt Chand,6,5,0,102.0,58,20.4,83.0,122.89,0.0,1.0,13.0,2.0,2015,most_runs
60,Virender Sehwag,8,8,0,99.0,47,12.37,84.0,117.85,0.0,0.0,12.0,3.0,2015,most_runs
61,Albie Morkel,4,3,2,86.0,73*,86.0,65.0,132.3,0.0,1.0,9.0,2.0,2015,most_runs
62,Manan Vohra,7,7,0,82.0,39,11.71,81.0,101.23,0.0,0.0,4.0,5.0,2015,most_runs
63,Shaun Marsh,4,4,0,81.0,65,20.25,58.0,139.65,0.0,1.0,7.0,3.0,2015,most_runs
64,Michael Hussey,4,4,0,77.0,56,19.25,70.0,110.0,0.0,1.0,5.0,3.0,2015,most_runs
65,Chris Morris,11,7,5,76.0,34*,38.0,46.0,165.21,0.0,0.0,3.0,5.0,2015,most_runs
66,Stuart Binny,13,8,4,74.0,20,18.5,66.0,112.12,0.0,0.0,7.0,1.0,2015,most_runs
67,Ashish Reddy,6,5,2,73.0,22*,24.33,46.0,158.69,0.0,0.0,3.0,5.0,2015,most_runs
68,Ryan ten Doeschate,6,5,2,61.0,38*,20.33,45.0,135.55,0.0,0.0,4.0,3.0,2015,most_runs
69,Manoj Tiwary,5,3,1,57.0,32,28.5,56.0,101.78,0.0,0.0,8.0,1.0,2015,most_runs
70,Piyush Chawla,13,8,4,54.0,22,13.5,47.0,114.89,0.0,0.0,5.0,2.0,2015,most_runs
71,Ravichandran Ashwin,14,6,3,52.0,23,17.33,32.0,162.5,0.0,0.0,6.0,1.0,2015,most_runs
72,Jagadeesha Suchith,13,6,5,48.0,34*,48.0,32.0,150.0,0.0,0.0,4.0,2.0,2015,most_runs
73,Hanuma Vihari,5,4,0,39.0,16,9.75,35.0,111.42,0.0,0.0,6.0,0.0,2015,most_runs
74,Manvinder Bisla,2,2,0,37.0,20,18.5,30.0,123.33,0.0,0.0,6.0,1.0,2015,most_runs
75,Shakib Al Hasan,4,3,0,36.0,23,12.0,27.0,133.33,0.0,0.0,5.0,0.0,2015,most_runs
76,Rishi Dhawan,5,5,3,36.0,25*,18.0,33.0,109.09,0.0,0.0,2.0,2.0,2015,most_runs
77,Gurkeerat Mann Singh,5,5,0,35.0,15,7.0,39.0,89.74,0.0,0.0,3.0,1.0,2015,most_runs
78,Kane Williamson,2,2,1,31.0,26*,31.0,27.0,114.81,0.0,0.0,1.0,1.0,2015,most_runs
79,Johan Botha,4,3,0,31.0,17,10.33,15.0,206.66,0.0,0.0,5.0,1.0,2015,most_runs
80,Mitchell Johnson,9,8,4,31.0,13*,7.75,36.0,86.11,0.0,0.0,1.0,1.0,2015,most_runs
81,Umesh Yadav,12,4,3,29.0,24*,29.0,14.0,207.14,0.0,0.0,5.0,1.0,2015,most_runs
82,Mohit Sharma,16,6,3,28.0,21*,9.33,18.0,155.55,0.0,0.0,1.0,2.0,2015,most_runs
83,Aaron Finch,3,3,1,23.0,10*,11.5,33.0,69.69,0.0,0.0,4.0,0.0,2015,most_runs
84,Nathan Coulter-Nile,11,5,1,20.0,6,5.0,18.0,111.11,0.0,0.0,2.0,1.0,2015,most_runs
85,Dale Steyn,6,3,2,20.0,19*,20.0,13.0,153.84,0.0,0.0,3.0,0.0,2015,most_runs
86,Iqbal Abdulla,5,2,0,20.0,20,10.0,18.0,111.11,0.0,0.0,4.0,0.0,2015,most_runs
87,Harshal Patel,15,7,2,19.0,9*,3.8,12.0,158.33,0.0,0.0,0.0,2.0,2015,most_runs
88,Anureet Singh,14,6,3,18.0,10,6.0,31.0,58.06,0.0,0.0,0.0,1.0,2015,most_runs
89,Bhuvneshwar Kumar,14,3,2,17.0,11*,17.0,10.0,170.0,0.0,0.0,2.0,1.0,2015,most_runs
90,Praveen Kumar,12,4,1,17.0,12,5.66,25.0,68.0,0.0,0.0,1.0,0.0,2015,most_runs
91,Sean Abbott,2,2,0,15.0,14,7.5,13.0,115.38,0.0,0.0,1.0,1.0,2015,most_runs
92,Aditya Tare,2,2,0,14.0,7,7.0,17.0,82.35,0.0,0.0,1.0,0.0,2015,most_runs
93,Rilee Rossouw,2,2,0,14.0,14,7.0,10.0,140.0,0.0,0.0,1.0,1.0,2015,most_runs
94,Darren Sammy,2,2,0,13.0,7,6.5,18.0,72.22,0.0,0.0,0.0,0.0,2015,most_runs
95,Mitchell McClenaghan,12,3,2,13.0,12*,13.0,6.0,216.66,0.0,0.0,0.0,2.0,2015,most_runs
96,Tim Southee,7,3,2,13.0,7*,13.0,9.0,144.44,0.0,0.0,1.0,0.0,2015,most_runs
97,Thisara Perera,2,2,0,12.0,9,6.0,15.0,80.0,0.0,0.0,0.0,1.0,2015,most_runs
98,Mitchell Starc,13,3,2,11.0,9*,11.0,14.0,78.57,0.0,0.0,1.0,0.0,2015,most_runs
99,Karanveer Singh,4,3,2,11.0,5*,11.0,16.0,68.75,0.0,0.0,1.0,0.0,2015,most_runs
100,Abu Nechim,3,3,2,10.0,5*,10.0,5.0,200.0,0.0,0.0,2.0,0.0,2015,most_runs
101,Sandeep Sharma,14,3,2,9.0,7,9.0,14.0,64.28,0.0,0.0,1.0,0.0,2015,most_runs
102,Amit Mishra,12,4,2,8.0,4,4.0,12.0,66.66,0.0,0.0,0.0,0.0,2015,most_runs
103,Ankit Sharma,4,2,1,7.0,7*,7.0,6.0,116.66,0.0,0.0,1.0,0.0,2015,most_runs
104,Brad Hogg,6,2,1,7.0,5,7.0,6.0,116.66,0.0,0.0,0.0,0.0,2015,most_runs
105,Shardul Thakur,1,1,1,7.0,7*,0.0,6.0,116.66,0.0,0.0,1.0,0.0,2015,most_runs
106,Lasith Malinga,15,1,1,6.0,6*,0.0,10.0,60.0,0.0,0.0,1.0,0.0,2015,most_runs
107,Varun Aaron,6,1,0,6.0,6,6.0,3.0,200.0,0.0,0.0,0.0,1.0,2015,most_runs
108,Azhar Mahmood,1,1,0,6.0,6,6.0,7.0,85.71,0.0,0.0,1.0,0.0,2015,most_runs
109,Imran Tahir,10,2,1,5.0,3*,5.0,6.0,83.33,0.0,0.0,0.0,0.0,2015,most_runs
110,Morne Morkel,7,1,1,4.0,4*,0.0,3.0,133.33,0.0,0.0,0.0,0.0,2015,most_runs
111,Chidhambaram Gautam,1,1,0,4.0,4,4.0,5.0,80.0,0.0,0.0,0.0,0.0,2015,most_runs
112,Nic Maddinson,1,1,0,4.0,4,4.0,7.0,57.14,0.0,0.0,1.0,0.0,2015,most_runs
113,Dhawal Kulkarni,11,2,0,4.0,3,2.0,11.0,36.36,0.0,0.0,0.0,0.0,2015,most_runs
114,Pravin Tambe,10,2,2,3.0,2*,0.0,5.0,60.0,0.0,0.0,0.0,0.0,2015,most_runs
115,Parveez Rasool,2,1,1,2.0,2*,0.0,2.0,100.0,0.0,0.0,0.0,0.0,2015,most_runs
116,Shahbaz Nadeem,4,1,0,2.0,2,2.0,7.0,28.57,0.0,0.0,0.0,0.0,2015,most_runs
117,Ronit More,2,1,1,2.0,2*,0.0,2.0,100.0,0.0,0.0,0.0,0.0,2015,most_runs
118,Domnic Joseph,6,2,1,1.0,1,1.0,3.0,33.33,0.0,0.0,0.0,0.0,2015,most_runs
119,Ashish Nehra,16,4,3,1.0,1*,1.0,7.0,14.28,0.0,0.0,0.0,0.0,2015,most_runs
120,Yuzvendra Chahal,15,2,2,1.0,1*,0.0,1.0,100.0,0.0,0.0,0.0,0.0,2015,most_runs
121,Shreyas Gopal,1,1,1,1.0,1*,0.0,1.0,100.0,0.0,0.0,0.0,0.0,2015,most_runs
122,Bipul Sharma,4,1,0,1.0,1,1.0,2.0,50.0,0.0,0.0,0.0,0.0,2015,most_runs
123,Juan Theron,1,1,1,1.0,1*,0.0,1.0,100.0,0.0,0.0,0.0,0.0,2015,most_runs
124,Beuran Hendricks,4,2,2,1.0,1*,0.0,2.0,50.0,0.0,0.0,0.0,0.0,2015,most_runs
125,Vinay Kumar,13,3,2,0.0,0*,0.0,2.0,0.0,0.0,0.0,0.0,0.0,2015,most_runs
126,Sunil Narine,8,1,1,0.0,0*,0.0,1.0,0.0,0.0,0.0,0.0,0.0,2015,most_runs
127,Pat Cummins,3,1,0,0.0,0*,0.0,2.0,0.0,0.0,0.0,0.0,0.0,2015,most_runs
128,Rajat Bhatia,2,1,0,0.0,0*,0.0,1.0,0.0,0.0,0.0,0.0,0.0,2015,most_runs
129,Sreenath Aravind,5,1,1,0.0,0*,0.0,1.0,0.0,0.0,0.0,0.0,0.0,2015,most_runs
1,Virat Kohli,16,16,4,973.0,113,81.08,640.0,152.03,4.0,7.0,83.0,38.0,2016,most_runs
2,David Warner,17,17,3,848.0,93*,60.57,560.0,151.42,0.0,9.0,88.0,31.0,2016,most_runs
3,AB de Villiers,16,16,3,687.0,129*,52.84,407.0,168.79,1.0,6.0,57.0,37.0,2016,most_runs
4,Shikhar Dhawan,17,17,4,501.0,82*,38.53,429.0,116.78,0.0,4.0,51.0,8.0,2016,most_runs
5,Gautam Gambhir,15,15,2,501.0,90*,38.53,411.0,121.89,0.0,5.0,54.0,6.0,2016,most_runs
6,Rohit Sharma,14,14,3,489.0,85*,44.45,368.0,132.88,0.0,5.0,49.0,16.0,2016,most_runs
7,Ajinkya Rahane,14,14,3,480.0,74,43.63,379.0,126.64,0.0,6.0,54.0,9.0,2016,most_runs
8,Murali Vijay,14,14,1,453.0,89,34.84,364.0,124.45,0.0,5.0,50.0,10.0,2016,most_runs
9,Quinton de Kock,13,13,1,445.0,108,37.08,327.0,136.08,1.0,3.0,52.0,13.0,2016,most_runs
10,Suresh Raina,15,15,1,399.0,75,28.5,312.0,127.88,0.0,3.0,39.0,10.0,2016,most_runs
11,KL Rahul,14,12,3,397.0,68*,44.11,271.0,146.49,0.0,4.0,37.0,16.0,2016,most_runs
12,Robin Uthappa,15,15,0,394.0,72,26.26,289.0,136.33,0.0,3.0,45.0,8.0,2016,most_runs
13,Aaron Finch,13,12,2,393.0,74,39.3,299.0,131.43,0.0,5.0,45.0,11.0,2016,most_runs
14,Yusuf Pathan,15,13,8,361.0,63*,72.2,248.0,145.56,0.0,3.0,33.0,13.0,2016,most_runs
15,Karun Nair,14,12,2,357.0,83*,35.7,297.0,120.2,0.0,3.0,40.0,6.0,2016,most_runs
16,Brendon McCullum,16,16,0,354.0,60,22.12,262.0,135.11,0.0,1.0,38.0,16.0,2016,most_runs
17,Dinesh Karthik,16,15,2,335.0,53,25.76,266.0,125.93,0.0,3.0,38.0,3.0,2016,most_runs
18,Ambati Rayudu,13,12,1,334.0,65,30.36,278.0,120.14,0.0,2.0,28.0,12.0,2016,most_runs
19,Dwayne Smith,12,12,1,324.0,73,29.45,221.0,146.6,0.0,3.0,35.0,16.0,2016,most_runs
20,Sanju Samson,14,14,3,291.0,60,26.45,259.0,112.35,0.0,1.0,20.0,8.0,2016,most_runs
21,MS Dhoni,14,12,5,284.0,64*,40.57,210.0,135.23,0.0,1.0,18.0,14.0,2016,most_runs
22,Steve Smith,8,7,1,270.0,101,45.0,176.0,153.4,1.0,0.0,27.0,8.0,2016,most_runs
23,Wriddhiman Saha,12,12,1,270.0,56,24.54,212.0,127.35,0.0,2.0,29.0,1.0,2016,most_runs
24,Jos Buttler,14,14,3,255.0,41,23.18,184.0,138.58,0.0,0.0,23.0,11.0,2016,most_runs
25,Manish Pandey,12,11,3,248.0,52,31.0,183.0,135.51,0.0,2.0,17.0,9.0,2016,most_runs
26,Krunal Pandya,12,9,3,237.0,86,39.5,124.0,191.12,0.0,1.0,22.0,13.0,2016,most_runs
27,Yuvraj Singh,10,10,1,236.0,44,26.22,179.0,131.84,0.0,0.0,22.0,13.0,2016,most_runs
28,Chris Gayle,10,10,0,227.0,76,22.7,150.0,151.33,0.0,2.0,17.0,21.0,2016,most_runs
29,Kieron Pollard,13,12,4,207.0,51*,25.87,144.0,143.75,0.0,1.0,11.0,16.0,2016,most_runs
30,Faf du Plessis,6,6,0,206.0,69,34.33,162.0,127.16,0.0,2.0,17.0,9.0,2016,most_runs
31,Rishabh Pant,10,10,2,198.0,69,24.75,152.0,130.26,0.0,1.0,19.0,6.0,2016,most_runs
32,Chris Morris,12,7,4,195.0,82*,65.0,109.0,178.89,0.0,1.0,15.0,12.0,2016,most_runs
33,JP Duminy,10,8,3,191.0,49*,38.2,156.0,122.43,0.0,0.0,13.0,3.0,2016,most_runs
34,Ravindra Jadeja,15,15,6,191.0,36*,21.22,178.0,107.3,0.0,0.0,14.0,4.0,2016,most_runs
35,Andre Russell,12,8,1,188.0,39*,26.85,114.0,164.91,0.0,0.0,10.0,15.0,2016,most_runs
36,Moises Henriques,17,15,3,182.0,31*,15.16,158.0,115.18,0.0,0.0,15.0,6.0,2016,most_runs
37,Suryakumar Yadav,15,11,4,182.0,60,26.0,143.0,127.27,0.0,1.0,18.0,5.0,2016,most_runs
38,Shane Watson,16,15,2,179.0,36,13.76,134.0,133.58,0.0,0.0,14.0,12.0,2016,most_runs
39,Glenn Maxwell,11,11,2,179.0,68,19.88,124.0,144.35,0.0,2.0,14.0,8.0,2016,most_runs
40,Parthiv Patel,10,10,0,177.0,81,17.7,152.0,116.44,0.0,1.0,23.0,4.0,2016,most_runs
41,Saurabh Tiwary,10,7,0,170.0,57,24.28,141.0,120.56,0.0,2.0,17.0,4.0,2016,most_runs
42,Manan Vohra,7,7,0,161.0,51,23.0,131.0,122.9,0.0,1.0,19.0,3.0,2016,most_runs
43,David Miller,14,13,3,161.0,31,16.1,131.0,122.9,0.0,0.0,11.0,4.0,2016,most_runs
44,Shaun Marsh,6,6,1,159.0,56*,31.8,134.0,118.65,0.0,1.0,13.0,4.0,2016,most_runs
45,Hashim Amla,6,6,0,157.0,96,26.16,119.0,131.93,0.0,1.0,20.0,4.0,2016,most_runs
46,Thisara Perera,12,10,3,150.0,34,21.42,93.0,161.29,0.0,0.0,7.0,11.0,2016,most_runs
47,Marcus Stoinis,7,5,1,146.0,52,36.5,108.0,135.18,0.0,1.0,13.0,4.0,2016,most_runs
48,Deepak Hooda,17,15,1,144.0,34,10.28,121.0,119.0,0.0,0.0,9.0,5.0,2016,most_runs
49,Naman Ojha,17,13,3,136.0,37,13.6,138.0,98.55,0.0,0.0,7.0,5.0,2016,most_runs
50,Usman Khawaja,6,6,0,127.0,30,21.16,100.0,127.0,0.0,0.0,14.0,3.0,2016,most_runs
51,Kane Williamson,6,6,0,124.0,50,20.66,122.0,101.63,0.0,1.0,14.0,0.0,2016,most_runs
52,Eoin Morgan,7,6,1,123.0,51,24.6,105.0,117.14,0.0,1.0,8.0,4.0,2016,most_runs
53,Sachin Baby,11,6,1,119.0,33,23.8,79.0,150.63,0.0,0.0,9.0,5.0,2016,most_runs
54,Shakib Al Hasan,10,7,2,114.0,66*,22.8,106.0,107.54,0.0,1.0,7.0,5.0,2016,most_runs
55,Gurkeerat Mann Singh,7,6,1,113.0,51,22.6,86.0,131.39,0.0,1.0,11.0,3.0,2016,most_runs
56,Axar Patel,14,10,3,111.0,36*,15.85,77.0,144.15,0.0,0.0,4.0,8.0,2016,most_runs
57,Nitish Rana,4,3,0,104.0,70,34.66,75.0,138.66,0.0,1.0,7.0,8.0,2016,most_runs
58,Dwayne Bravo,15,13,5,99.0,22*,12.37,82.0,120.73,0.0,0.0,11.0,1.0,2016,most_runs
59,Harbhajan Singh,14,7,4,92.0,45*,30.66,84.0,109.52,0.0,0.0,11.0,2.0,2016,most_runs
60,Sam Billings,5,4,0,88.0,54,22.0,64.0,137.5,0.0,1.0,4.0,4.0,2016,most_runs
61,George Bailey,6,5,1,84.0,34,21.0,98.0,85.71,0.0,0.0,9.0,2.0,2016,most_runs
62,Carlos Brathwaite,8,6,0,83.0,34,13.83,38.0,218.42,0.0,0.0,6.0,8.0,2016,most_runs
63,James Faulkner,7,5,2,77.0,32,25.66,59.0,130.5,0.0,0.0,7.0,0.0,2016,most_runs
64,Kevin Pietersen,4,4,2,73.0,37,36.5,61.0,119.67,0.0,0.0,4.0,3.0,2016,most_runs
65,Sarfaraz Khan,5,4,2,66.0,35*,33.0,31.0,212.9,0.0,0.0,7.0,4.0,2016,most_runs
66,Ben Cutting,4,4,2,65.0,39*,32.5,34.0,191.17,0.0,0.0,4.0,6.0,2016,most_runs
67,Stuart Binny,14,6,3,63.0,21,21.0,39.0,161.53,0.0,0.0,5.0,4.0,2016,most_runs
68,Pawan Negi,8,6,4,57.0,19*,28.5,59.0,96.61,0.0,0.0,2.0,3.0,2016,most_runs
69,Martin Guptill,3,3,0,57.0,48,19.0,55.0,103.63,0.0,0.0,3.0,3.0,2016,most_runs
70,Travis Head,3,3,1,54.0,37,27.0,40.0,135.0,0.0,0.0,3.0,2.0,2016,most_runs
71,Bipul Sharma,7,4,2,51.0,27*,25.5,25.0,204.0,0.0,0.0,1.0,5.0,2016,most_runs
72,Ashish Reddy,4,3,1,47.0,32,23.5,29.0,162.06,0.0,0.0,2.0,4.0,2016,most_runs
73,Hardik Pandya,11,9,2,44.0,9,6.28,63.0,69.84,0.0,0.0,4.0,0.0,2016,most_runs
74,Bhuvneshwar Kumar,17,8,2,43.0,21,7.16,27.0,159.25,0.0,0.0,6.0,1.0,2016,most_runs
75,Kedar Jadhav,4,3,3,42.0,25*,0.0,32.0,131.25,0.0,0.0,2.0,2.0,2016,most_runs
76,Ishan Kishan,5,5,0,42.0,27,8.4,41.0,102.43,0.0,0.0,5.0,0.0,2016,most_runs
77,Ravichandran Ashwin,14,6,4,41.0,29,20.5,38.0,107.89,0.0,0.0,3.0,1.0,2016,most_runs
78,Iqbal Abdulla,8,2,2,37.0,33*,0.0,27.0,137.03,0.0,0.0,4.0,1.0,2016,most_runs
79,Karn Sharma,5,3,3,36.0,26*,0.0,30.0,120.0,0.0,0.0,3.0,1.0,2016,most_runs
80,Rajat Bhatia,10,6,5,34.0,21,34.0,20.0,170.0,0.0,0.0,1.0,2.0,2016,most_runs
81,Mitchell McClenaghan,14,5,2,34.0,20,11.33,23.0,147.82,0.0,0.0,2.0,3.0,2016,most_runs
82,Mohit Sharma,14,6,2,32.0,15,8.0,26.0,123.07,0.0,0.0,3.0,1.0,2016,most_runs
83,Colin Munro,4,3,0,30.0,16,10.0,30.0,100.0,0.0,0.0,3.0,0.0,2016,most_runs
84,Tim Southee,11,4,1,30.0,25,10.0,19.0,157.89,0.0,0.0,1.0,2.0,2016,most_runs
85,Shreyas Iyer,6,6,0,30.0,19,5.0,43.0,69.76,0.0,0.0,2.0,1.0,2016,most_runs
86,Praveen Kumar,16,7,3,28.0,15,7.0,27.0,103.7,0.0,0.0,4.0,0.0,2016,most_runs
87,Mayank Agarwal,3,3,0,27.0,10,9.0,25.0,108.0,0.0,0.0,3.0,1.0,2016,most_runs
88,Piyush Chawla,12,3,0,27.0,11,9.0,26.0,103.84,0.0,0.0,4.0,0.0,2016,most_runs
89,Chris Lynn,2,2,1,25.0,15,25.0,22.0,113.63,0.0,0.0,0.0,1.0,2016,most_runs
90,Eklavya Dwivedi,4,2,0,24.0,19,12.0,14.0,171.42,0.0,0.0,2.0,2.0,2016,most_runs
91,Rajagopal Sathish,4,3,0,24.0,10,8.0,24.0,100.0,0.0,0.0,1.0,1.0,2016,most_runs
92,Dhawal Kulkarni,14,5,3,23.0,6*,11.5,15.0,153.33,0.0,0.0,2.0,0.0,2016,most_runs
93,Nikhil Naik,2,2,0,23.0,22,11.5,31.0,74.19,0.0,0.0,1.0,0.0,2016,most_runs
94,Jason Holder,4,4,0,22.0,13,5.5,19.0,115.78,0.0,0.0,2.0,1.0,2016,most_runs
95,Akshdeep Nath,4,3,0,20.0,12,6.66,27.0,74.07,0.0,0.0,1.0,0.0,2016,most_runs
96,Pradeep Sahu,5,2,1,19.0,18*,19.0,13.0,146.15,0.0,0.0,1.0,1.0,2016,most_runs
97,Albie Morkel,2,1,0,16.0,16,16.0,9.0,177.77,0.0,0.0,0.0,2.0,2016,most_runs
98,Rishi Dhawan,2,2,2,14.0,11*,0.0,6.0,233.33,0.0,0.0,0.0,1.0,2016,most_runs
99,Farhaan Behardien,3,3,1,14.0,9*,7.0,13.0,107.69,0.0,0.0,2.0,0.0,2016,most_runs
100,Vinay Kumar,3,2,1,13.0,12,13.0,12.0,108.33,0.0,0.0,0.0,1.0,2016,most_runs
101,Kyle Abbott,5,3,2,13.0,12*,13.0,8.0,162.5,0.0,0.0,0.0,1.0,2016,most_runs
102,KC Cariappa,5,2,1,13.0,12*,13.0,11.0,118.18,0.0,0.0,0.0,1.0,2016,most_runs
103,Irfan Pathan,4,3,0,11.0,7,3.66,13.0,84.61,0.0,0.0,0.0,0.0,2016,most_runs
104,Parveez Rasool,4,1,0,10.0,10,10.0,9.0,111.11,0.0,0.0,1.0,0.0,2016,most_runs
105,Nathan Coulter-Nile,4,2,2,9.0,7*,0.0,14.0,64.28,0.0,0.0,1.0,0.0,2016,most_runs
106,Umesh Yadav,9,2,1,9.0,7*,9.0,5.0,180.0,0.0,0.0,0.0,1.0,2016,most_runs
107,Jasprit Bumrah,14,2,1,8.0,6,8.0,11.0,72.72,0.0,0.0,1.0,0.0,2016,most_runs
108,Lendl Simmons,1,1,0,8.0,8,8.0,8.0,100.0,0.0,0.0,0.0,1.0,2016,most_runs
109,Aditya Tare,3,2,0,8.0,8,4.0,15.0,53.33,0.0,0.0,1.0,0.0,2016,most_runs
110,Sandeep Sharma,14,4,4,8.0,5*,0.0,9.0,88.88,0.0,0.0,0.0,0.0,2016,most_runs
111,Mitchell Marsh,3,1,0,7.0,7,7.0,11.0,63.63,0.0,0.0,0.0,0.0,2016,most_runs
112,Pravin Tambe,7,1,1,7.0,7*,0.0,19.0,36.84,0.0,0.0,1.0,0.0,2016,most_runs
113,Sunil Narine,11,4,3,7.0,4,7.0,13.0,53.84,0.0,0.0,0.0,0.0,2016,most_runs
114,Jayant Yadav,5,2,0,6.0,5,3.0,10.0,60.0,0.0,0.0,0.0,0.0,2016,most_runs
115,Peter Handscomb,2,1,0,6.0,6,6.0,12.0,50.0,0.0,0.0,0.0,0.0,2016,most_runs
116,Zaheer Khan,12,2,0,6.0,4,3.0,13.0,46.15,0.0,0.0,1.0,0.0,2016,most_runs
117,David Wiese,1,1,1,5.0,5*,0.0,4.0,125.0,0.0,0.0,0.0,0.0,2016,most_runs
118,Imran Tahir,4,1,0,5.0,5,5.0,7.0,71.42,0.0,0.0,1.0,0.0,2016,most_runs
119,Mitchell Johnson,3,3,1,5.0,4,2.5,14.0,35.71,0.0,0.0,0.0,0.0,2016,most_runs
120,Barinder Sran,14,4,4,4.0,2*,0.0,4.0,100.0,0.0,0.0,0.0,0.0,2016,most_runs
121,Amit Mishra,14,2,0,4.0,3,2.0,14.0,28.57,0.0,0.0,0.0,0.0,2016,most_runs
122,Ankit Sharma,3,1,1,3.0,3*,0.0,3.0,100.0,0.0,0.0,0.0,0.0,2016,most_runs
123,Chris Jordan,9,1,0,3.0,3,3.0,4.0,75.0,0.0,0.0,0.0,0.0,2016,most_runs
124,Shreyas Gopal,1,1,0,2.0,2,2.0,16.0,12.5,0.0,0.0,0.0,0.0,2016,most_runs
125,Mohammad Shami,8,2,2,2.0,2*,0.0,4.0,50.0,0.0,0.0,0.0,0.0,2016,most_runs
126,Ashish Nehra,8,2,2,1.0,1*,0.0,1.0,100.0,0.0,0.0,0.0,0.0,2016,most_runs
127,Shadab Jakati,6,1,1,1.0,1*,0.0,2.0,50.0,0.0,0.0,0.0,0.0,2016,most_runs
128,Morne Morkel,10,2,2,1.0,1*,0.0,1.0,100.0,0.0,0.0,0.0,0.0,2016,most_runs
129,Kane Richardson,4,1,1,1.0,1*,0.0,1.0,100.0,0.0,0.0,0.0,0.0,2016,most_runs
130,Dale Steyn,1,1,0,1.0,1,1.0,2.0,50.0,0.0,0.0,0.0,0.0,2016,most_runs
131,Shahbaz Nadeem,4,1,1,1.0,1*,0.0,5.0,20.0,0.0,0.0,0.0,0.0,2016,most_runs
132,Murugan Ashwin,10,1,0,0.0,0*,0.0,1.0,0.0,0.0,0.0,0.0,0.0,2016,most_runs
133,Shivil Kaushik,7,2,1,0.0,0*,0.0,1.0,0.0,0.0,0.0,0.0,0.0,2016,most_runs
134,Swapnil Singh,1,1,0,0.0,0*,0.0,1.0,0.0,0.0,0.0,0.0,0.0,2016,most_runs
135,Adam Zampa,5,1,0,0.0,0*,0.0,1.0,0.0,0.0,0.0,0.0,0.0,2016,most_runs
136,Unmukt Chand,1,1,0,0.0,0*,0.0,4.0,0.0,0.0,0.0,0.0,0.0,2016,most_runs
1,David Warner,14,14,3,641.0,126,58.27,452.0,141.81,1.0,4.0,63.0,26.0,2017,most_runs
2,Gautam Gambhir,16,16,4,498.0,76*,41.5,389.0,128.02,0.0,4.0,61.0,7.0,2017,most_runs
3,Shikhar Dhawan,14,14,1,479.0,77,36.84,376.0,127.39,0.0,3.0,53.0,9.0,2017,most_runs
4,Steve Smith,15,15,3,472.0,84*,39.33,387.0,121.96,0.0,3.0,38.0,12.0,2017,most_runs
5,Suresh Raina,14,14,3,442.0,84,40.18,307.0,143.97,0.0,3.0,42.0,13.0,2017,most_runs
6,Hashim Amla,10,10,3,420.0,104*,60.0,288.0,145.83,2.0,2.0,40.0,17.0,2017,most_runs
7,Manish Pandey,14,13,5,396.0,81*,49.5,308.0,128.57,0.0,2.0,28.0,12.0,2017,most_runs
8,Parthiv Patel,16,16,0,395.0,70,24.68,293.0,134.81,0.0,2.0,49.0,8.0,2017,most_runs
9,Rahul Tripathi,14,14,0,391.0,93,27.92,267.0,146.44,0.0,2.0,43.0,17.0,2017,most_runs
10,Robin Uthappa,14,13,0,388.0,87,29.84,235.0,165.1,0.0,5.0,36.0,21.0,2017,most_runs
11,Sanju Samson,14,14,0,386.0,102,27.57,273.0,141.39,1.0,2.0,32.0,19.0,2017,most_runs
12,Kieron Pollard,17,16,3,385.0,70,29.61,276.0,139.49,0.0,3.0,26.0,22.0,2017,most_runs
13,Ajinkya Rahane,16,16,1,382.0,60,25.46,323.0,118.26,0.0,2.0,35.0,9.0,2017,most_runs
14,Rishabh Pant,14,14,0,366.0,97,26.14,221.0,165.61,0.0,2.0,28.0,24.0,2017,most_runs
15,Dinesh Karthik,14,13,3,361.0,65,36.1,259.0,139.38,0.0,2.0,30.0,11.0,2017,most_runs
16,Shreyas Iyer,12,12,2,338.0,96,33.8,243.0,139.09,0.0,2.0,36.0,10.0,2017,most_runs
17,Rohit Sharma,17,16,2,333.0,67,23.78,273.0,121.97,0.0,3.0,31.0,9.0,2017,most_runs
18,Nitish Rana,13,12,1,333.0,62*,30.27,264.0,126.13,0.0,3.0,24.0,17.0,2017,most_runs
19,Manoj Tiwary,15,13,3,324.0,60,32.4,236.0,137.28,0.0,2.0,31.0,11.0,2017,most_runs
20,Brendon McCullum,11,11,0,319.0,72,29.0,217.0,147.0,0.0,2.0,29.0,18.0,2017,most_runs
21,Ben Stokes,12,11,1,316.0,103*,31.6,221.0,142.98,1.0,1.0,22.0,15.0,2017,most_runs
22,Glenn Maxwell,14,13,3,310.0,47,31.0,179.0,173.18,0.0,0.0,19.0,26.0,2017,most_runs
23,Virat Kohli,10,10,0,308.0,64,30.8,252.0,122.22,0.0,4.0,23.0,11.0,2017,most_runs
24,Aaron Finch,13,13,1,299.0,72,24.91,180.0,166.11,0.0,2.0,25.0,19.0,2017,most_runs
25,Chris Lynn,7,7,1,295.0,93*,49.16,163.0,180.98,0.0,3.0,25.0,19.0,2017,most_runs
26,MS Dhoni,16,15,4,290.0,61*,26.36,250.0,116.0,0.0,1.0,15.0,16.0,2017,most_runs
27,Karun Nair,14,13,0,281.0,64,21.61,226.0,124.33,0.0,1.0,39.0,6.0,2017,most_runs
28,Moises Henriques,12,11,5,277.0,55*,46.16,203.0,136.45,0.0,3.0,28.0,4.0,2017,most_runs
29,Ishan Kishan,11,10,0,277.0,61,27.7,206.0,134.46,0.0,1.0,29.0,13.0,2017,most_runs
30,Jos Buttler,10,10,0,272.0,77,27.2,177.0,153.67,0.0,1.0,27.0,15.0,2017,most_runs
31,Kedar Jadhav,13,13,1,267.0,69,22.25,186.0,143.54,0.0,1.0,25.0,10.0,2017,most_runs
32,Shaun Marsh,9,8,0,264.0,84,33.0,194.0,136.08,0.0,2.0,36.0,5.0,2017,most_runs
33,Kane Williamson,7,7,1,256.0,89,42.66,169.0,151.47,0.0,2.0,20.0,10.0,2017,most_runs
34,Yuvraj Singh,12,11,2,252.0,70*,28.0,177.0,142.37,0.0,2.0,30.0,8.0,2017,most_runs
35,Hardik Pandya,17,16,9,250.0,35*,35.71,160.0,156.25,0.0,0.0,11.0,20.0,2017,most_runs
36,Krunal Pandya,13,11,4,243.0,47,34.71,179.0,135.75,0.0,0.0,24.0,7.0,2017,most_runs
37,Dwayne Smith,12,12,1,239.0,74,21.72,156.0,153.2,0.0,2.0,32.0,8.0,2017,most_runs
38,Wriddhiman Saha,14,11,1,234.0,93*,23.4,187.0,125.13,0.0,1.0,20.0,8.0,2017,most_runs
39,Manan Vohra,11,9,0,229.0,95,25.44,159.0,144.02,0.0,1.0,23.0,9.0,2017,most_runs
40,Axar Patel,14,13,5,227.0,44,28.37,162.0,140.12,0.0,0.0,11.0,11.0,2017,most_runs
41,Sunil Narine,16,14,1,224.0,54,17.23,130.0,172.3,0.0,1.0,34.0,10.0,2017,most_runs
42,AB de Villiers,9,9,1,216.0,89*,27.0,163.0,132.51,0.0,1.0,12.0,16.0,2017,most_runs
43,Chris Gayle,9,9,0,200.0,77,22.22,163.0,122.69,0.0,1.0,15.0,14.0,2017,most_runs
44,Mandeep Singh,11,10,0,188.0,52,18.8,177.0,106.21,0.0,1.0,21.0,4.0,2017,most_runs
45,Ravindra Jadeja,12,10,6,158.0,28,39.5,113.0,139.82,0.0,0.0,13.0,4.0,2017,most_runs
46,Chris Morris,9,9,4,154.0,52*,30.8,94.0,163.82,0.0,1.0,15.0,6.0,2017,most_runs
47,Travis Head,7,7,2,151.0,75*,30.2,108.0,139.81,0.0,1.0,9.0,6.0,2017,most_runs
48,Pawan Negi,12,10,2,144.0,35,18.0,111.0,129.72,0.0,0.0,10.0,7.0,2017,most_runs
49,Yusuf Pathan,15,11,3,143.0,59,17.87,115.0,124.34,0.0,1.0,9.0,6.0,2017,most_runs
50,Corey Anderson,11,11,4,142.0,41*,20.28,123.0,115.44,0.0,0.0,8.0,9.0,2017,most_runs
51,Sam Billings,6,6,0,138.0,55,23.0,104.0,132.69,0.0,1.0,19.0,1.0,2017,most_runs
52,Lendl Simmons,7,7,0,137.0,66,19.57,112.0,122.32,0.0,2.0,10.0,8.0,2017,most_runs
53,Martin Guptill,7,7,1,132.0,50*,22.0,88.0,150.0,0.0,1.0,17.0,5.0,2017,most_runs
54,Colin de Grandhomme,12,9,1,126.0,36,15.75,92.0,136.95,0.0,0.0,10.0,6.0,2017,most_runs
55,Suryakumar Yadav,10,7,1,105.0,31,17.5,88.0,119.31,0.0,0.0,8.0,3.0,2017,most_runs
56,Vijay Shankar,4,4,2,101.0,63*,50.5,75.0,134.66,0.0,1.0,12.0,1.0,2017,most_runs
57,Ambati Rayudu,5,5,0,91.0,63,18.2,78.0,116.66,0.0,1.0,7.0,3.0,2017,most_runs
58,David Miller,5,4,1,83.0,30*,27.66,80.0,103.75,0.0,0.0,4.0,4.0,2017,most_runs
59,Naman Ojha,14,5,1,79.0,34,19.75,65.0,121.53,0.0,0.0,2.0,3.0,2017,most_runs
60,Dan Christian,13,9,4,79.0,17*,15.8,49.0,161.22,0.0,0.0,5.0,5.0,2017,most_runs
61,Deepak Hooda,10,6,3,78.0,19*,26.0,52.0,150.0,0.0,0.0,5.0,4.0,2017,most_runs
62,Stuart Binny,8,7,2,78.0,18*,15.6,76.0,102.63,0.0,0.0,6.0,3.0,2017,most_runs
63,Pat Cummins,12,9,4,77.0,24,15.4,53.0,145.28,0.0,0.0,5.0,4.0,2017,most_runs
64,Shane Watson,8,7,1,71.0,24,11.83,78.0,91.02,0.0,0.0,6.0,1.0,2017,most_runs
65,Eoin Morgan,4,4,0,65.0,26,16.25,62.0,104.83,0.0,0.0,6.0,2.0,2017,most_runs
66,Jason Roy,3,3,1,59.0,31,29.5,40.0,147.5,0.0,0.0,9.0,1.0,2017,most_runs
67,Kagiso Rabada,6,3,0,55.0,44,18.33,64.0,85.93,0.0,0.0,5.0,1.0,2017,most_runs
68,James Faulkner,8,6,2,54.0,21,13.5,57.0,94.73,0.0,0.0,4.0,0.0,2017,most_runs
69,Andrew Tye,6,3,1,53.0,25,26.5,30.0,176.66,0.0,0.0,4.0,3.0,2017,most_runs
70,Saurabh Tiwary,1,1,0,52.0,52,52.0,43.0,120.93,0.0,1.0,9.0,0.0,2017,most_runs
71,Ben Cutting,4,3,1,51.0,20,25.5,26.0,196.15,0.0,0.0,5.0,3.0,2017,most_runs
72,Mohit Sharma,14,7,1,51.0,13,8.5,50.0,102.0,0.0,0.0,3.0,1.0,2017,most_runs
73,Amit Mishra,14,6,5,49.0,13*,49.0,52.0,94.23,0.0,0.0,2.0,2.0,2017,most_runs
74,Karn Sharma,9,6,0,49.0,19,8.16,41.0,119.51,0.0,0.0,5.0,2.0,2017,most_runs
75,Chris Woakes,13,7,3,46.0,18,11.5,47.0,97.87,0.0,0.0,4.0,1.0,2017,most_runs
76,Sheldon Jackson,4,3,1,38.0,16,19.0,31.0,122.58,0.0,0.0,5.0,0.0,2017,most_runs
77,Mohammad Shami,8,6,2,36.0,21,9.0,24.0,150.0,0.0,0.0,4.0,2.0,2017,most_runs
78,Ishank Jaggi,2,2,1,33.0,28,33.0,39.0,84.61,0.0,0.0,3.0,0.0,2017,most_runs
79,Sreenath Aravind,10,8,4,32.0,9,8.0,40.0,80.0,0.0,0.0,2.0,0.0,2017,most_runs
80,Angelo Mathews,3,2,0,32.0,31,16.0,27.0,118.51,0.0,0.0,2.0,1.0,2017,most_runs
81,Bipul Sharma,7,3,2,31.0,21*,31.0,24.0,129.16,0.0,0.0,2.0,1.0,2017,most_runs
82,Marlon Samuels,5,4,0,29.0,27,7.25,31.0,93.54,0.0,0.0,1.0,2.0,2017,most_runs
83,Basil Thampi,12,5,5,28.0,13*,0.0,28.0,100.0,0.0,0.0,1.0,1.0,2017,most_runs
84,Mayank Agarwal,3,3,0,26.0,20,8.66,27.0,96.29,0.0,0.0,3.0,0.0,2017,most_runs
85,Aniket Choudhary,5,3,2,25.0,15*,25.0,20.0,125.0,0.0,0.0,1.0,1.0,2017,most_runs
86,Ankit Sharma,1,1,0,25.0,25,25.0,15.0,166.66,0.0,0.0,2.0,1.0,2017,most_runs
87,Kuldeep Yadav,12,2,0,20.0,16,10.0,22.0,90.9,0.0,0.0,2.0,0.0,2017,most_runs
88,Mitchell Johnson,5,3,3,20.0,13*,0.0,17.0,117.64,0.0,0.0,1.0,1.0,2017,most_runs
89,Vishnu Vinod,3,3,0,19.0,9,6.33,26.0,73.07,0.0,0.0,1.0,1.0,2017,most_runs
90,Rahul Tewatia,3,2,1,19.0,15*,19.0,11.0,172.72,0.0,0.0,4.0,0.0,2017,most_runs
91,Aditya Tare,3,3,0,18.0,18,6.0,23.0,78.26,0.0,0.0,3.0,0.0,2017,most_runs
92,Marcus Stoinis,5,3,0,17.0,9,5.66,24.0,70.83,0.0,0.0,1.0,0.0,2017,most_runs
93,Mitchell McClenaghan,14,7,3,16.0,12,4.0,15.0,106.66,0.0,0.0,0.0,1.0,2017,most_runs
94,Harbhajan Singh,11,7,5,16.0,7*,8.0,16.0,100.0,0.0,0.0,0.0,1.0,2017,most_runs
95,Jasprit Bumrah,16,2,1,16.0,16*,16.0,12.0,133.33,0.0,0.0,0.0,1.0,2017,most_runs
96,Rajat Bhatia,3,2,1,16.0,16,16.0,17.0,94.11,0.0,0.0,0.0,1.0,2017,most_runs
97,Sachin Baby,3,3,0,15.0,12,5.0,15.0,100.0,0.0,0.0,2.0,0.0,2017,most_runs
98,Anureet Singh,1,1,0,15.0,15,15.0,12.0,125.0,0.0,0.0,2.0,0.0,2017,most_runs
99,Deepak Chahar,3,1,0,14.0,14,14.0,6.0,233.33,0.0,0.0,0.0,2.0,2017,most_runs
100,Nathan Coulter-Nile,8,3,0,14.0,6,4.66,12.0,116.66,0.0,0.0,0.0,2.0,2017,most_runs
101,Yuzvendra Chahal,13,6,3,13.0,4*,4.33,26.0,50.0,0.0,0.0,0.0,0.0,2017,most_runs
102,Samuel Badree,7,5,0,13.0,8,2.6,23.0,56.52,0.0,0.0,0.0,0.0,2017,most_runs
103,Carlos Brathwaite,2,2,0,12.0,11,6.0,15.0,80.0,0.0,0.0,2.0,0.0,2017,most_runs
104,Ankit Bawne,1,1,1,12.0,12*,0.0,12.0,100.0,0.0,0.0,1.0,0.0,2017,most_runs
105,Swapnil Singh,4,2,0,12.0,10,6.0,19.0,63.15,0.0,0.0,0.0,0.0,2017,most_runs
106,Rashid Khan,14,3,1,11.0,6*,5.5,9.0,122.22,0.0,0.0,0.0,1.0,2017,most_runs
107,Umesh Yadav,14,4,4,10.0,4*,0.0,13.0,76.92,0.0,0.0,0.0,0.0,2017,most_runs
108,Washington Sundar,11,5,4,9.0,5*,9.0,12.0,75.0,0.0,0.0,0.0,0.0,2017,most_runs
109,Tymal Mills,5,3,0,8.0,6,2.66,11.0,72.72,0.0,0.0,0.0,1.0,2017,most_runs
110,Praveen Kumar,6,2,1,8.0,7*,8.0,9.0,88.88,0.0,0.0,0.0,0.0,2017,most_runs
111,Faf du Plessis,2,1,0,8.0,8,8.0,7.0,114.28,0.0,0.0,1.0,0.0,2017,most_runs
112,Ishant Sharma,6,3,1,8.0,5*,4.0,12.0,66.66,0.0,0.0,1.0,0.0,2017,most_runs
113,Tim Southee,3,1,0,7.0,7,7.0,3.0,233.33,0.0,0.0,0.0,1.0,2017,most_runs
114,Adam Milne,4,3,1,7.0,5,3.5,12.0,58.33,0.0,0.0,0.0,0.0,2017,most_runs
115,Lasith Malinga,12,2,2,7.0,7*,0.0,3.0,233.33,0.0,0.0,0.0,1.0,2017,most_runs
116,Ankit Soni,7,3,1,7.0,7*,3.5,9.0,77.77,0.0,0.0,0.0,1.0,2017,most_runs
117,Sandeep Sharma,13,4,4,7.0,5*,0.0,6.0,116.66,0.0,0.0,0.0,0.0,2017,most_runs
118,Ashok Dinda,3,1,0,7.0,7,7.0,7.0,100.0,0.0,0.0,1.0,0.0,2017,most_runs
119,Darren Bravo,1,1,1,6.0,6*,0.0,5.0,120.0,0.0,0.0,1.0,0.0,2017,most_runs
120,Iqbal Abdulla,2,1,1,5.0,5*,0.0,7.0,71.42,0.0,0.0,0.0,0.0,2017,most_runs
121,Adam Zampa,6,1,0,5.0,5,5.0,7.0,71.42,0.0,0.0,1.0,0.0,2017,most_runs
122,Trent Boult,6,1,1,5.0,5*,0.0,8.0,62.5,0.0,0.0,0.0,0.0,2017,most_runs
123,Zaheer Khan,11,3,2,4.0,2,4.0,13.0,30.76,0.0,0.0,0.0,0.0,2017,most_runs
124,Bhuvneshwar Kumar,14,2,1,4.0,4*,4.0,4.0,100.0,0.0,0.0,0.0,0.0,2017,most_runs
125,Varun Aaron,6,2,1,4.0,4,4.0,10.0,40.0,0.0,0.0,0.0,0.0,2017,most_runs
126,Ankit Rajpoot,5,1,0,4.0,4,4.0,7.0,57.14,0.0,0.0,1.0,0.0,2017,most_runs
127,Rahul Chahar,3,1,1,3.0,3*,0.0,2.0,150.0,0.0,0.0,0.0,0.0,2017,most_runs
128,Shahbaz Nadeem,7,4,1,2.0,2,0.66,9.0,22.22,0.0,0.0,0.0,0.0,2017,most_runs
129,KC Cariappa,4,2,0,2.0,1,1.0,7.0,28.57,0.0,0.0,0.0,0.0,2017,most_runs
130,Jaydev Unadkat,12,2,2,2.0,2*,0.0,5.0,40.0,0.0,0.0,0.0,0.0,2017,most_runs
131,Mohammad Nabi,3,1,0,2.0,2,2.0,3.0,66.66,0.0,0.0,0.0,0.0,2017,most_runs
132,Piyush Chawla,6,1,0,2.0,2,2.0,6.0,33.33,0.0,0.0,0.0,0.0,2017,most_runs
133,Irfan Pathan,1,1,0,2.0,2,2.0,3.0,66.66,0.0,0.0,0.0,0.0,2017,most_runs
134,Pradeep Sangwan,5,3,1,2.0,1*,1.0,4.0,50.0,0.0,0.0,0.0,0.0,2017,most_runs
135,Dhawal Kulkarni,6,1,0,1.0,1,1.0,2.0,50.0,0.0,0.0,0.0,0.0,2017,most_runs
136,Lockie Ferguson,4,1,1,1.0,1*,0.0,1.0,100.0,0.0,0.0,0.0,0.0,2017,most_runs
137,Shakib Al Hasan,1,1,1,1.0,1*,0.0,1.0,100.0,0.0,0.0,0.0,0.0,2017,most_runs
138,Shardul Thakur,12,3,0,0.0,0*,0.0,3.0,0.0,0.0,0.0,0.0,0.0,2017,most_runs
139,Siddarth Kaul,10,1,1,0.0,0*,0.0,2.0,0.0,0.0,0.0,0.0,0.0,2017,most_runs
140,Munaf Patel,2,1,0,0.0,0*,0.0,1.0,0.0,0.0,0.0,0.0,0.0,2017,most_runs
141,Akshdeep Nath,1,1,0,0.0,0*,0.0,1.0,0.0,0.0,0.0,0.0,0.0,2017,most_runs
142,Chris Jordan,1,1,0,0.0,0*,0.0,1.0,0.0,0.0,0.0,0.0,0.0,2017,most_runs
143,Imran Tahir,12,1,1,0.0,0*,0.0,2.0,0.0,0.0,0.0,0.0,0.0,2017,most_runs
1,Kane Williamson,17,17,3,735.0,84,52.5,516.0,142.44,0.0,8.0,64.0,28.0,2018,most_runs
2,Rishabh Pant,14,14,1,684.0,128*,52.61,394.0,173.6,1.0,5.0,68.0,37.0,2018,most_runs
3,KL Rahul,14,14,2,659.0,95*,54.91,416.0,158.41,0.0,6.0,66.0,32.0,2018,most_runs
4,Ambati Rayudu,16,16,2,602.0,100*,43.0,402.0,149.75,1.0,3.0,53.0,34.0,2018,most_runs
5,Shane Watson,15,15,1,555.0,117*,39.64,359.0,154.59,2.0,2.0,44.0,35.0,2018,most_runs
6,Jos Buttler,13,13,3,548.0,95*,54.8,353.0,155.24,0.0,5.0,52.0,21.0,2018,most_runs
7,Virat Kohli,14,14,3,530.0,92*,48.18,381.0,139.1,0.0,4.0,52.0,18.0,2018,most_runs
8,Suryakumar Yadav,14,14,0,512.0,72,36.57,384.0,133.33,0.0,4.0,61.0,16.0,2018,most_runs
9,Dinesh Karthik,16,16,6,498.0,52,49.8,337.0,147.77,0.0,2.0,49.0,16.0,2018,most_runs
10,Shikhar Dhawan,16,16,3,497.0,92*,38.23,363.0,136.91,0.0,4.0,59.0,14.0,2018,most_runs
11,Chris Lynn,16,16,1,491.0,74,32.73,377.0,130.23,0.0,3.0,56.0,18.0,2018,most_runs
12,AB de Villiers,12,11,2,480.0,90*,53.33,275.0,174.54,0.0,6.0,39.0,30.0,2018,most_runs
13,MS Dhoni,16,15,9,455.0,79*,75.83,302.0,150.66,0.0,3.0,24.0,30.0,2018,most_runs
14,Suresh Raina,15,15,3,445.0,75*,37.08,336.0,132.44,0.0,4.0,46.0,12.0,2018,most_runs
15,Sanju Samson,15,15,1,441.0,92*,31.5,320.0,137.81,0.0,3.0,30.0,19.0,2018,most_runs
16,Shreyas Iyer,14,14,3,411.0,93*,37.36,310.0,132.58,0.0,4.0,29.0,21.0,2018,most_runs
17,Evin Lewis,13,13,0,382.0,65,29.38,276.0,138.4,0.0,2.0,32.0,24.0,2018,most_runs
18,Ajinkya Rahane,15,14,1,370.0,65*,28.46,313.0,118.21,0.0,1.0,39.0,5.0,2018,most_runs
19,Chris Gayle,11,11,2,368.0,104*,40.88,252.0,146.03,1.0,3.0,30.0,27.0,2018,most_runs
20,Sunil Narine,16,16,0,357.0,75,22.31,188.0,189.89,0.0,2.0,40.0,23.0,2018,most_runs
21,Robin Uthappa,16,16,0,351.0,54,21.93,265.0,132.45,0.0,1.0,30.0,21.0,2018,most_runs
22,Andre Russell,16,14,3,316.0,88*,28.72,171.0,184.79,0.0,1.0,17.0,31.0,2018,most_runs
23,Nitish Rana,15,15,2,304.0,59,23.38,232.0,131.03,0.0,1.0,26.0,14.0,2018,most_runs
24,Karun Nair,13,12,0,301.0,54,25.08,221.0,136.19,0.0,2.0,23.0,13.0,2018,most_runs
25,Rohit Sharma,14,14,2,286.0,94,23.83,215.0,133.02,0.0,2.0,25.0,12.0,2018,most_runs
26,Manish Pandey,15,13,2,284.0,62*,25.81,246.0,115.44,0.0,3.0,22.0,5.0,2018,most_runs
27,Ishan Kishan,14,12,0,275.0,62,22.91,184.0,149.45,0.0,2.0,22.0,17.0,2018,most_runs
28,Hardik Pandya,13,13,4,260.0,50,28.88,195.0,133.33,0.0,1.0,20.0,11.0,2018,most_runs
29,Yusuf Pathan,15,13,4,260.0,45*,28.88,200.0,130.0,0.0,0.0,22.0,11.0,2018,most_runs
30,Mandeep Singh,14,13,3,252.0,47*,25.2,186.0,135.48,0.0,0.0,16.0,11.0,2018,most_runs
31,Prithvi Shaw,9,9,0,245.0,65,27.22,160.0,153.12,0.0,2.0,27.0,10.0,2018,most_runs
32,Shakib Al Hasan,17,13,2,239.0,35,21.72,197.0,121.31,0.0,0.0,26.0,5.0,2018,most_runs
33,Krunal Pandya,14,13,3,228.0,41*,22.8,157.0,145.22,0.0,0.0,22.0,10.0,2018,most_runs
34,Rahul Tripathi,12,12,3,226.0,80*,25.11,167.0,135.32,0.0,1.0,18.0,8.0,2018,most_runs
35,Vijay Shankar,13,11,7,212.0,54*,53.0,148.0,143.24,0.0,1.0,11.0,11.0,2018,most_runs
36,Shubman Gill,13,11,5,203.0,57*,33.83,139.0,146.04,0.0,1.0,22.0,5.0,2018,most_runs
37,Quinton de Kock,8,8,0,201.0,53,25.12,162.0,124.07,0.0,1.0,20.0,8.0,2018,most_runs
38,Ben Stokes,13,13,1,196.0,45,16.33,161.0,121.73,0.0,0.0,13.0,6.0,2018,most_runs
39,Glenn Maxwell,12,12,0,169.0,47,14.08,120.0,140.83,0.0,0.0,14.0,9.0,2018,most_runs
40,Faf du Plessis,6,6,1,162.0,67*,32.4,129.0,125.58,0.0,1.0,17.0,6.0,2018,most_runs
41,Parthiv Patel,6,6,1,153.0,53,30.6,109.0,140.36,0.0,1.0,20.0,4.0,2018,most_runs
42,Alex Hales,6,6,0,148.0,45,24.66,118.0,125.42,0.0,0.0,13.0,6.0,2018,most_runs
43,Dwayne Bravo,16,10,6,141.0,68,35.25,91.0,154.94,0.0,1.0,8.0,10.0,2018,most_runs
44,Aaron Finch,10,9,1,134.0,46,16.75,100.0,134.0,0.0,0.0,6.0,8.0,2018,most_runs
45,Kieron Pollard,9,8,1,133.0,50,19.0,100.0,133.0,0.0,1.0,10.0,7.0,2018,most_runs
46,Colin de Grandhomme,9,8,3,131.0,40,26.2,84.0,155.95,0.0,0.0,4.0,10.0,2018,most_runs
47,Brendon McCullum,6,6,0,127.0,43,21.16,88.0,144.31,0.0,0.0,16.0,6.0,2018,most_runs
48,Krishnappa Gowtham,15,13,4,126.0,33*,14.0,64.0,196.87,0.0,0.0,9.0,9.0,2018,most_runs
49,Wriddhiman Saha,11,10,2,122.0,35,15.25,102.0,119.6,0.0,0.0,17.0,1.0,2018,most_runs
50,Jason Roy,5,5,1,120.0,91*,30.0,94.0,127.65,0.0,1.0,9.0,7.0,2018,most_runs
51,Mayank Agarwal,11,11,1,120.0,30,12.0,94.0,127.65,0.0,0.0,9.0,5.0,2018,most_runs
52,D'Arcy Short,7,7,0,115.0,44,16.42,99.0,116.16,0.0,0.0,11.0,5.0,2018,most_runs
53,Sam Billings,10,8,0,108.0,56,13.5,78.0,138.46,0.0,1.0,8.0,5.0,2018,most_runs
54,Ravichandran Ashwin,14,9,1,102.0,45,12.75,71.0,143.66,0.0,0.0,7.0,5.0,2018,most_runs
55,Marcus Stoinis,7,7,3,99.0,29*,24.75,76.0,130.26,0.0,0.0,6.0,4.0,2018,most_runs
56,Ben Cutting,9,6,2,96.0,37,24.0,58.0,165.51,0.0,0.0,5.0,8.0,2018,most_runs
57,Ravindra Jadeja,16,10,5,89.0,27*,17.8,74.0,120.27,0.0,0.0,3.0,4.0,2018,most_runs
58,Deepak Hooda,9,8,4,87.0,32*,21.75,81.0,107.4,0.0,0.0,2.0,3.0,2018,most_runs
59,Gautam Gambhir,6,5,0,85.0,55,17.0,88.0,96.59,0.0,1.0,8.0,1.0,2018,most_runs
60,Axar Patel,9,8,2,80.0,19,13.33,69.0,115.94,0.0,0.0,3.0,4.0,2018,most_runs
61,Moeen Ali,5,4,0,77.0,65,19.25,46.0,167.39,0.0,1.0,4.0,6.0,2018,most_runs
62,Carlos Brathwaite,4,4,1,75.0,43*,25.0,48.0,156.25,0.0,0.0,1.0,8.0,2018,most_runs
63,David Miller,3,3,1,74.0,26,37.0,64.0,115.62,0.0,0.0,3.0,2.0,2018,most_runs
64,Washington Sundar,7,6,3,65.0,35,21.66,38.0,171.05,0.0,0.0,5.0,4.0,2018,most_runs
65,Yuvraj Singh,8,6,0,65.0,20,10.83,73.0,89.04,0.0,0.0,6.0,2.0,2018,most_runs
66,Abhishek Sharma,3,3,2,63.0,46*,63.0,33.0,190.9,0.0,0.0,3.0,5.0,2018,most_runs
67,Colin Munro,5,5,0,63.0,33,12.6,41.0,153.65,0.0,0.0,7.0,4.0,2018,most_runs
68,Harshal Patel,5,2,1,60.0,36*,60.0,33.0,181.81,0.0,0.0,1.0,6.0,2018,most_runs
69,Rashid Khan,17,7,2,59.0,34*,11.8,31.0,190.32,0.0,0.0,3.0,6.0,2018,most_runs
70,Heinrich Klaasen,4,4,1,57.0,32,19.0,47.0,121.27,0.0,0.0,5.0,1.0,2018,most_runs
71,Manan Vohra,4,4,0,55.0,45,13.75,47.0,117.02,0.0,0.0,2.0,4.0,2018,most_runs
72,Tim Southee,8,4,2,52.0,36*,26.0,46.0,113.04,0.0,0.0,5.0,1.0,2018,most_runs
73,Shreevats Goswami,6,3,0,52.0,35,17.33,40.0,130.0,0.0,0.0,6.0,1.0,2018,most_runs
74,Sarfaraz Khan,7,6,1,51.0,22*,10.2,41.0,124.39,0.0,0.0,7.0,1.0,2018,most_runs
75,Deepak Chahar,12,4,1,50.0,39,16.66,29.0,172.41,0.0,0.0,1.0,4.0,2018,most_runs
76,Shreyas Gopal,11,4,1,50.0,24,16.66,45.0,111.11,0.0,0.0,5.0,0.0,2018,most_runs
77,Rahul Tewatia,8,5,2,50.0,24,16.66,43.0,116.27,0.0,0.0,5.0,1.0,2018,most_runs
78,Jaydev Unadkat,15,7,3,49.0,26,12.25,38.0,128.94,0.0,0.0,6.0,1.0,2018,most_runs
79,Manoj Tiwary,5,4,1,47.0,35,15.66,44.0,106.81,0.0,0.0,4.0,1.0,2018,most_runs
80,Chris Morris,4,4,3,46.0,27*,46.0,26.0,176.92,0.0,0.0,3.0,2.0,2018,most_runs
81,Stuart Binny,7,5,0,44.0,22,8.8,39.0,112.82,0.0,0.0,2.0,2.0,2018,most_runs
82,JP Duminy,6,4,3,36.0,23,36.0,40.0,90.0,0.0,0.0,3.0,1.0,2018,most_runs
83,Andrew Tye,14,8,2,32.0,14,5.33,38.0,84.21,0.0,0.0,2.0,1.0,2018,most_runs
84,Harbhajan Singh,13,3,0,29.0,19,9.66,36.0,80.55,0.0,0.0,3.0,1.0,2018,most_runs
85,Rinku Singh,4,4,0,29.0,16,7.25,31.0,93.54,0.0,0.0,4.0,0.0,2018,most_runs
86,Piyush Chawla,15,7,3,27.0,12,6.75,34.0,79.41,0.0,0.0,1.0,1.0,2018,most_runs
87,Dan Christian,4,3,1,26.0,13,13.0,33.0,78.78,0.0,0.0,0.0,1.0,2018,most_runs
88,Mohammed Siraj,11,4,2,25.0,14,12.5,22.0,113.63,0.0,0.0,2.0,1.0,2018,most_runs
89,Kedar Jadhav,1,1,1,24.0,24*,0.0,22.0,109.09,0.0,0.0,1.0,2.0,2018,most_runs
90,Tom Curran,5,4,1,23.0,18,7.66,28.0,82.14,0.0,0.0,3.0,0.0,2018,most_runs
91,Mayank Markande,14,6,4,21.0,7*,10.5,24.0,87.5,0.0,0.0,2.0,0.0,2018,most_runs
92,Mahipal Lomror,2,2,1,20.0,11,20.0,21.0,95.23,0.0,0.0,1.0,0.0,2018,most_runs
93,Mohammad Nabi,2,2,0,18.0,14,9.0,12.0,150.0,0.0,0.0,3.0,0.0,2018,most_runs
94,Chris Woakes,5,4,2,17.0,11,8.5,19.0,89.47,0.0,0.0,1.0,1.0,2018,most_runs
95,Corey Anderson,3,3,0,17.0,15,5.66,22.0,77.27,0.0,0.0,0.0,1.0,2018,most_runs
96,Mitchell Johnson,6,2,2,16.0,12*,0.0,11.0,145.45,0.0,0.0,2.0,0.0,2018,most_runs
97,Shardul Thakur,13,1,1,15.0,15*,0.0,5.0,300.0,0.0,0.0,3.0,0.0,2018,most_runs
98,Jofra Archer,10,8,3,15.0,8,3.0,21.0,71.42,0.0,0.0,2.0,0.0,2018,most_runs
99,Bhuvneshwar Kumar,12,4,2,13.0,7,6.5,16.0,81.25,0.0,0.0,1.0,0.0,2018,most_runs
100,Shivam Mavi,9,4,1,13.0,7,4.33,15.0,86.66,0.0,0.0,1.0,0.0,2018,most_runs
101,Kuldeep Yadav,16,3,2,12.0,7*,12.0,24.0,50.0,0.0,0.0,1.0,0.0,2018,most_runs
102,Murali Vijay,1,1,0,12.0,12,12.0,10.0,120.0,0.0,0.0,0.0,1.0,2018,most_runs
103,Mitchell McClenaghan,11,5,3,11.0,11*,5.5,10.0,110.0,0.0,0.0,1.0,1.0,2018,most_runs
104,Ankit Rajpoot,8,3,0,11.0,8,3.66,18.0,61.11,0.0,0.0,1.0,0.0,2018,most_runs
105,Jasprit Bumrah,14,3,2,10.0,6*,10.0,11.0,90.9,0.0,0.0,1.0,0.0,2018,most_runs
106,Mujeeb Ur Rahman,11,2,1,10.0,10*,10.0,7.0,142.85,0.0,0.0,2.0,0.0,2018,most_runs
107,Mohit Sharma,9,4,3,10.0,4*,10.0,13.0,76.92,0.0,0.0,1.0,0.0,2018,most_runs
108,Akshdeep Nath,1,1,0,9.0,9,9.0,13.0,69.23,0.0,0.0,1.0,0.0,2018,most_runs
109,Dhruv Shorey,1,1,0,8.0,8,8.0,9.0,88.88,0.0,0.0,0.0,1.0,2018,most_runs
110,Prashant Chopra,1,1,0,8.0,8,8.0,6.0,133.33,0.0,0.0,2.0,0.0,2018,most_runs
111,Javon Searles,4,2,1,8.0,6*,8.0,6.0,133.33,0.0,0.0,0.0,1.0,2018,most_runs
112,Mohammad Shami,4,1,0,7.0,7,7.0,6.0,116.66,0.0,0.0,1.0,0.0,2018,most_runs
113,Vinay Kumar,2,1,1,6.0,6*,0.0,3.0,200.0,0.0,0.0,1.0,0.0,2018,most_runs
114,Dhawal Kulkarni,8,2,1,6.0,3*,6.0,7.0,85.71,0.0,0.0,0.0,0.0,2018,most_runs
115,Shahbaz Nadeem,6,1,1,6.0,6*,0.0,8.0,75.0,0.0,0.0,0.0,0.0,2018,most_runs
116,Billy Stanlake,4,1,1,5.0,5*,0.0,2.0,250.0,0.0,0.0,1.0,0.0,2018,most_runs
117,Akila Dananjaya,1,1,1,4.0,4*,0.0,5.0,80.0,0.0,0.0,0.0,0.0,2018,most_runs
118,Umesh Yadav,14,5,1,3.0,1*,0.75,11.0,27.27,0.0,0.0,0.0,0.0,2018,most_runs
119,Siddarth Kaul,17,4,1,3.0,2,1.0,14.0,21.42,0.0,0.0,0.0,0.0,2018,most_runs
120,Pawan Negi,2,2,0,3.0,3,1.5,5.0,60.0,0.0,0.0,0.0,0.0,2018,most_runs
121,Barinder Sran,6,4,3,3.0,2,3.0,7.0,42.85,0.0,0.0,0.0,0.0,2018,most_runs
122,Basil Thampi,4,2,1,3.0,3,3.0,6.0,50.0,0.0,0.0,0.0,0.0,2018,most_runs
123,Anureet Singh,3,1,1,3.0,3*,0.0,4.0,75.0,0.0,0.0,0.0,0.0,2018,most_runs
124,Imran Tahir,6,1,1,2.0,2*,0.0,2.0,100.0,0.0,0.0,0.0,0.0,2018,most_runs
125,Mark Wood,1,1,0,1.0,1,1.0,3.0,33.33,0.0,0.0,0.0,0.0,2018,most_runs
126,Mustafizur Rahman,7,2,1,1.0,1,1.0,3.0,33.33,0.0,0.0,0.0,0.0,2018,most_runs
127,Ben Laughlin,7,2,1,1.0,1*,1.0,4.0,25.0,0.0,0.0,0.0,0.0,2018,most_runs
128,Liam Plunkett,7,2,1,1.0,1*,1.0,3.0,33.33,0.0,0.0,0.0,0.0,2018,most_runs
129,Ish Sodhi,6,1,0,1.0,1,1.0,6.0,16.66,0.0,0.0,0.0,0.0,2018,most_runs
130,Murugan Ashwin,2,1,0,1.0,1,1.0,2.0,50.0,0.0,0.0,0.0,0.0,2018,most_runs
131,Naman Ojha,1,1,0,1.0,1,1.0,4.0,25.0,0.0,0.0,0.0,0.0,2018,most_runs
132,Prasidh Krishna,7,2,2,1.0,1*,0.0,5.0,20.0,0.0,0.0,0.0,0.0,2018,most_runs
133,Amit Mishra,10,1,1,1.0,1*,0.0,2.0,50.0,0.0,0.0,0.0,0.0,2018,most_runs
134,Yuzvendra Chahal,14,1,1,0.0,0*,0.0,4.0,0.0,0.0,0.0,0.0,0.0,2018,most_runs
135,Pradeep Sangwan,1,1,0,0.0,0*,0.0,4.0,0.0,0.0,0.0,0.0,0.0,2018,most_runs
136,Sandeep Sharma,12,3,1,0.0,0*,0.0,4.0,0.0,0.0,0.0,0.0,0.0,2018,most_runs
137,Ricky Bhui,1,1,0,0.0,0*,0.0,5.0,0.0,0.0,0.0,0.0,0.0,2018,most_runs
138,Trent Boult,14,1,0,0.0,0*,0.0,2.0,0.0,0.0,0.0,0.0,0.0,2018,most_runs
1,David Warner,12,12,2,692.0,100*,69.2,481.0,143.86,1.0,8.0,57.0,21.0,2019,most_runs
2,KL Rahul,14,14,3,593.0,100*,53.9,438.0,135.38,1.0,6.0,49.0,25.0,2019,most_runs
3,Quinton de Kock,16,16,1,529.0,81,35.26,398.0,132.91,0.0,4.0,45.0,25.0,2019,most_runs
4,Shikhar Dhawan,16,16,1,521.0,97*,34.73,384.0,135.67,0.0,5.0,64.0,11.0,2019,most_runs
5,Andre Russell,14,13,4,510.0,80*,56.66,249.0,204.81,0.0,4.0,31.0,52.0,2019,most_runs
6,Chris Gayle,13,13,1,490.0,99*,40.83,319.0,153.6,0.0,4.0,45.0,34.0,2019,most_runs
7,Rishabh Pant,16,16,3,488.0,78*,37.53,300.0,162.66,0.0,3.0,37.0,27.0,2019,most_runs
8,Virat Kohli,14,14,0,464.0,100,33.14,328.0,141.46,1.0,2.0,46.0,13.0,2019,most_runs
9,Shreyas Iyer,16,16,1,463.0,67,30.86,386.0,119.94,0.0,3.0,41.0,14.0,2019,most_runs
10,Jonny Bairstow,10,10,2,445.0,114,55.62,283.0,157.24,1.0,2.0,48.0,18.0,2019,most_runs
11,AB de Villiers,13,13,3,442.0,82*,44.2,287.0,154.0,0.0,5.0,31.0,26.0,2019,most_runs
12,Suryakumar Yadav,16,15,2,424.0,71*,32.61,324.0,130.86,0.0,2.0,45.0,10.0,2019,most_runs
13,MS Dhoni,15,12,7,416.0,84*,83.2,309.0,134.62,0.0,3.0,22.0,23.0,2019,most_runs
14,Chris Lynn,13,13,0,405.0,82,31.15,290.0,139.65,0.0,4.0,41.0,22.0,2019,most_runs
15,Rohit Sharma,15,15,1,405.0,67,28.92,315.0,128.57,0.0,2.0,52.0,10.0,2019,most_runs
16,Hardik Pandya,16,15,6,402.0,91,44.66,210.0,191.42,0.0,1.0,28.0,29.0,2019,most_runs
17,Shane Watson,17,17,0,398.0,96,23.41,312.0,127.56,0.0,3.0,42.0,20.0,2019,most_runs
18,Faf du Plessis,12,12,1,396.0,96,36.0,321.0,123.36,0.0,3.0,36.0,15.0,2019,most_runs
19,Ajinkya Rahane,14,13,1,393.0,105*,32.75,285.0,137.89,1.0,1.0,45.0,9.0,2019,most_runs
20,Suresh Raina,17,17,1,383.0,59,23.93,314.0,121.97,0.0,3.0,45.0,9.0,2019,most_runs
21,Parthiv Patel,14,14,0,373.0,67,26.64,268.0,139.17,0.0,2.0,48.0,10.0,2019,most_runs
22,Prithvi Shaw,16,16,0,353.0,99,22.06,264.0,133.71,0.0,2.0,45.0,9.0,2019,most_runs
23,Manish Pandey,12,11,3,344.0,83*,43.0,263.0,130.79,0.0,3.0,34.0,6.0,2019,most_runs
24,Nitish Rana,14,11,1,344.0,85*,34.4,235.0,146.38,0.0,3.0,27.0,21.0,2019,most_runs
25,Sanju Samson,12,12,2,342.0,102*,34.2,230.0,148.69,1.0,0.0,28.0,13.0,2019,most_runs
26,Mayank Agarwal,13,13,0,332.0,58,25.53,234.0,141.88,0.0,2.0,26.0,14.0,2019,most_runs
27,Steve Smith,12,10,2,319.0,73*,39.87,275.0,116.0,0.0,3.0,30.0,4.0,2019,most_runs
28,Jos Buttler,8,8,0,311.0,89,38.87,205.0,151.7,0.0,3.0,38.0,14.0,2019,most_runs
29,Shubman Gill,14,13,4,296.0,76,32.88,238.0,124.36,0.0,3.0,21.0,10.0,2019,most_runs
30,Ambati Rayudu,17,17,5,282.0,57,23.5,303.0,93.06,0.0,1.0,20.0,7.0,2019,most_runs
31,Robin Uthappa,12,11,2,282.0,67*,31.33,245.0,115.1,0.0,1.0,28.0,10.0,2019,most_runs
32,Kieron Pollard,16,14,6,279.0,83,34.87,178.0,156.74,0.0,1.0,14.0,22.0,2019,most_runs
33,Dinesh Karthik,14,13,5,253.0,97*,31.62,173.0,146.24,0.0,2.0,22.0,14.0,2019,most_runs
34,Vijay Shankar,15,14,2,244.0,40*,20.33,193.0,126.42,0.0,0.0,11.0,12.0,2019,most_runs
35,Moeen Ali,11,10,2,220.0,66,27.5,133.0,165.41,0.0,2.0,16.0,17.0,2019,most_runs
36,David Miller,10,10,2,213.0,59*,26.62,164.0,129.87,0.0,1.0,19.0,7.0,2019,most_runs
37,Marcus Stoinis,10,10,6,211.0,46*,52.75,156.0,135.25,0.0,0.0,14.0,10.0,2019,most_runs
38,Colin Ingram,12,12,2,184.0,47,18.4,154.0,119.48,0.0,0.0,20.0,5.0,2019,most_runs
39,Krunal Pandya,16,15,4,183.0,42,16.63,150.0,122.0,0.0,0.0,18.0,5.0,2019,most_runs
40,Sarfaraz Khan,8,5,1,180.0,67,45.0,143.0,125.87,0.0,1.0,19.0,4.0,2019,most_runs
41,Nicholas Pooran,7,6,0,168.0,48,28.0,107.0,157.0,0.0,0.0,10.0,14.0,2019,most_runs
42,Mandeep Singh,13,12,8,165.0,33*,41.25,120.0,137.5,0.0,0.0,10.0,4.0,2019,most_runs
43,Kedar Jadhav,14,12,3,162.0,58,18.0,169.0,95.85,0.0,1.0,19.0,3.0,2019,most_runs
44,Riyan Parag,7,5,0,160.0,50,32.0,126.0,126.98,0.0,1.0,17.0,5.0,2019,most_runs
45,Kane Williamson,9,9,2,156.0,70*,22.28,130.0,120.0,0.0,1.0,12.0,5.0,2019,most_runs
46,Sunil Narine,12,9,1,143.0,47,17.87,86.0,166.27,0.0,0.0,17.0,9.0,2019,most_runs
47,Rahul Tripathi,8,7,1,141.0,50,23.5,118.0,119.49,0.0,1.0,13.0,2.0,2019,most_runs
48,Ben Stokes,9,9,3,123.0,46,20.5,99.0,124.24,0.0,0.0,8.0,4.0,2019,most_runs
49,Mohammad Nabi,8,7,1,115.0,31,19.16,76.0,151.31,0.0,0.0,8.0,7.0,2019,most_runs
50,Axar Patel,14,12,6,110.0,26,18.33,88.0,125.0,0.0,0.0,10.0,3.0,2019,most_runs
51,Ravindra Jadeja,16,9,6,106.0,31*,35.33,88.0,120.45,0.0,0.0,7.0,4.0,2019,most_runs
52,Ishan Kishan,7,6,0,101.0,28,16.83,100.0,101.0,0.0,0.0,8.0,4.0,2019,most_runs
53,Yuvraj Singh,4,4,0,98.0,53,24.5,75.0,130.66,0.0,1.0,7.0,6.0,2019,most_runs
54,Gurkeerat Mann Singh,3,3,0,98.0,65,32.66,70.0,140.0,0.0,1.0,11.0,2.0,2019,most_runs
55,Sam Curran,9,8,4,95.0,55*,23.75,55.0,172.72,0.0,1.0,13.0,3.0,2019,most_runs
56,Shimron Hetmyer,5,5,0,90.0,75,18.0,73.0,123.28,0.0,1.0,4.0,7.0,2019,most_runs
57,Wriddhiman Saha,5,5,0,86.0,28,17.2,53.0,162.26,0.0,0.0,13.0,1.0,2019,most_runs
58,Colin Munro,4,4,0,84.0,40,21.0,70.0,120.0,0.0,0.0,9.0,4.0,2019,most_runs
59,Martin Guptill,3,3,0,81.0,36,27.0,53.0,152.83,0.0,0.0,4.0,7.0,2019,most_runs
60,Dwayne Bravo,12,9,4,80.0,27,16.0,66.0,121.21,0.0,0.0,6.0,3.0,2019,most_runs
61,Sherfane Rutherford,7,7,2,73.0,28*,14.6,54.0,135.18,0.0,0.0,2.0,7.0,2019,most_runs
62,Liam Livingstone,4,4,1,71.0,44,23.66,48.0,147.91,0.0,0.0,6.0,5.0,2019,most_runs
63,Stuart Binny,8,5,2,70.0,33*,23.33,40.0,175.0,0.0,0.0,5.0,4.0,2019,most_runs
64,Jofra Archer,11,5,3,67.0,27*,33.5,40.0,167.5,0.0,0.0,4.0,4.0,2019,most_runs
65,Deepak Hooda,11,7,1,64.0,20,10.66,63.0,101.58,0.0,0.0,5.0,1.0,2019,most_runs
66,Murali Vijay,2,2,0,64.0,38,32.0,61.0,104.91,0.0,0.0,6.0,1.0,2019,most_runs
67,Shreyas Gopal,14,7,3,63.0,19*,15.75,46.0,136.95,0.0,0.0,8.0,1.0,2019,most_runs
68,Akshdeep Nath,8,5,0,61.0,24,12.2,57.0,107.01,0.0,0.0,5.0,2.0,2019,most_runs
69,Evin Lewis,3,3,0,48.0,32,16.0,52.0,92.3,0.0,0.0,4.0,2.0,2019,most_runs
70,Colin de Grandhomme,4,4,1,46.0,37,15.33,49.0,93.87,0.0,0.0,4.0,2.0,2019,most_runs
71,Piyush Chawla,13,5,2,42.0,14*,14.0,37.0,113.51,0.0,0.0,4.0,2.0,2019,most_runs
72,Ravichandran Ashwin,14,6,1,42.0,17*,8.4,28.0,150.0,0.0,0.0,3.0,3.0,2019,most_runs
73,Shivam Dube,4,4,1,40.0,24,13.33,33.0,121.21,0.0,0.0,1.0,3.0,2019,most_runs
74,Yusuf Pathan,10,8,5,40.0,16*,13.33,45.0,88.88,0.0,0.0,1.0,1.0,2019,most_runs
75,Rinku Singh,5,3,1,37.0,30,18.5,34.0,108.82,0.0,0.0,1.0,2.0,2019,most_runs
76,Rashid Khan,15,8,3,34.0,17*,6.8,23.0,147.82,0.0,0.0,2.0,2.0,2019,most_runs
77,Chris Morris,9,6,0,32.0,17,5.33,37.0,86.48,0.0,0.0,1.0,2.0,2019,most_runs
78,Mitchell Santner,4,2,1,32.0,22,32.0,23.0,139.13,0.0,0.0,0.0,3.0,2019,most_runs
79,Rahul Tewatia,5,4,3,26.0,11*,26.0,22.0,118.18,0.0,0.0,2.0,1.0,2019,most_runs
80,Umesh Yadav,11,7,5,25.0,14,12.5,25.0,100.0,0.0,0.0,3.0,1.0,2019,most_runs
81,Amit Mishra,11,4,2,21.0,8,10.5,24.0,87.5,0.0,0.0,2.0,0.0,2019,most_runs
82,Harpreet Brar,2,1,1,20.0,20*,0.0,12.0,166.66,0.0,0.0,2.0,1.0,2019,most_runs
83,Prayas Ray Barman,1,1,0,19.0,19,19.0,24.0,79.16,0.0,0.0,2.0,0.0,2019,most_runs
84,Keemo Paul,8,6,1,18.0,7,3.6,24.0,75.0,0.0,0.0,1.0,1.0,2019,most_runs
85,Ben Cutting,3,3,1,18.0,13*,9.0,17.0,105.88,0.0,0.0,1.0,1.0,2019,most_runs
86,Krishnappa Gowtham,7,4,1,18.0,9,6.0,19.0,94.73,0.0,0.0,1.0,1.0,2019,most_runs
87,Prabhsimran Singh,1,1,0,16.0,16,16.0,17.0,94.11,0.0,0.0,1.0,1.0,2019,most_runs
88,Alzarri Joseph,3,2,2,15.0,15*,0.0,13.0,115.38,0.0,0.0,2.0,0.0,2019,most_runs
89,Siddhesh Lad,1,1,0,15.0,15,15.0,13.0,115.38,0.0,0.0,1.0,1.0,2019,most_runs
90,Shardul Thakur,10,3,1,14.0,12*,7.0,7.0,200.0,0.0,0.0,1.0,1.0,2019,most_runs
91,Kagiso Rabada,12,4,1,14.0,9,4.66,15.0,93.33,0.0,0.0,0.0,1.0,2019,most_runs
92,Bhuvneshwar Kumar,15,5,2,12.0,7*,4.0,19.0,63.15,0.0,0.0,1.0,0.0,2019,most_runs
93,Kuldeep Yadav,9,4,2,12.0,10*,6.0,8.0,150.0,0.0,0.0,1.0,0.0,2019,most_runs
94,Rahul Chahar,13,4,2,12.0,10,6.0,11.0,109.09,0.0,0.0,2.0,0.0,2019,most_runs
95,Mitchell McClenaghan,5,4,1,11.0,10,3.66,16.0,68.75,0.0,0.0,2.0,0.0,2019,most_runs
96,Carlos Brathwaite,2,2,0,11.0,6,5.5,10.0,110.0,0.0,0.0,1.0,0.0,2019,most_runs
97,Ishant Sharma,13,3,3,10.0,10*,0.0,3.0,333.33,0.0,0.0,1.0,1.0,2019,most_runs
98,Shakib Al Hasan,3,1,0,9.0,9,9.0,10.0,90.0,0.0,0.0,0.0,0.0,2019,most_runs
99,Pawan Negi,7,4,0,9.0,5,2.25,12.0,75.0,0.0,0.0,1.0,0.0,2019,most_runs
100,Tim Southee,3,1,1,9.0,9*,0.0,9.0,100.0,0.0,0.0,0.0,0.0,2019,most_runs
101,Abhishek Sharma,3,3,1,9.0,5*,4.5,9.0,100.0,0.0,0.0,1.0,0.0,2019,most_runs
102,Heinrich Klaasen,3,2,0,9.0,6,4.5,10.0,90.0,0.0,0.0,0.0,0.0,2019,most_runs
103,KC Cariappa,1,1,1,9.0,9*,0.0,3.0,300.0,0.0,0.0,0.0,1.0,2019,most_runs
104,Mahipal Lomror,2,1,0,8.0,8,8.0,3.0,266.66,0.0,0.0,2.0,0.0,2019,most_runs
105,Deepak Chahar,17,2,0,7.0,7,3.5,9.0,77.77,0.0,0.0,1.0,0.0,2019,most_runs
106,Trent Boult,5,3,2,7.0,6,7.0,4.0,175.0,0.0,0.0,0.0,1.0,2019,most_runs
107,Nikhil Naik,1,1,0,7.0,7,7.0,16.0,43.75,0.0,0.0,1.0,0.0,2019,most_runs
108,Ricky Bhui,1,1,0,7.0,7,7.0,12.0,58.33,0.0,0.0,0.0,0.0,2019,most_runs
109,Yuzvendra Chahal,14,3,1,6.0,4,3.0,16.0,37.5,0.0,0.0,0.0,0.0,2019,most_runs
110,Sandeep Sharma,11,2,2,6.0,5*,0.0,3.0,200.0,0.0,0.0,1.0,0.0,2019,most_runs
111,Mayank Markande,3,2,1,6.0,6,6.0,5.0,120.0,0.0,0.0,1.0,0.0,2019,most_runs
112,Ish Sodhi,2,1,0,6.0,6,6.0,11.0,54.54,0.0,0.0,0.0,0.0,2019,most_runs
113,Jagadeesha Suchith,1,1,0,6.0,6,6.0,15.0,40.0,0.0,0.0,0.0,0.0,2019,most_runs
114,Rasikh Salam,1,1,1,5.0,5*,0.0,4.0,125.0,0.0,0.0,0.0,0.0,2019,most_runs
115,Karun Nair,1,1,0,5.0,5,5.0,6.0,83.33,0.0,0.0,0.0,0.0,2019,most_runs
116,Dhruv Shorey,1,1,0,5.0,5,5.0,8.0,62.5,0.0,0.0,0.0,0.0,2019,most_runs
117,Dhawal Kulkarni,10,1,1,5.0,5*,0.0,3.0,166.66,0.0,0.0,1.0,0.0,2019,most_runs
118,Mohammed Siraj,9,4,3,4.0,3*,4.0,14.0,28.57,0.0,0.0,0.0,0.0,2019,most_runs
119,Hanuma Vihari,2,2,0,4.0,2,2.0,8.0,50.0,0.0,0.0,0.0,0.0,2019,most_runs
120,Avesh Khan,1,1,1,4.0,4*,0.0,3.0,133.33,0.0,0.0,1.0,0.0,2019,most_runs
121,Hardus Viljoen,6,3,1,3.0,2*,1.5,7.0,42.85,0.0,0.0,0.0,0.0,2019,most_runs
122,Murugan Ashwin,10,3,2,3.0,1*,3.0,5.0,60.0,0.0,0.0,0.0,0.0,2019,most_runs
123,Varun Aaron,5,1,1,3.0,3*,0.0,7.0,42.85,0.0,0.0,0.0,0.0,2019,most_runs
124,Ashton Turner,4,4,1,3.0,3*,1.0,10.0,30.0,0.0,0.0,0.0,0.0,2019,most_runs
125,Barinder Sran,2,1,1,3.0,3*,0.0,3.0,100.0,0.0,0.0,0.0,0.0,2019,most_runs
126,Navdeep Saini,13,2,1,2.0,2,2.0,4.0,50.0,0.0,0.0,0.0,0.0,2019,most_runs
127,Harbhajan Singh,11,1,0,1.0,1,1.0,3.0,33.33,0.0,0.0,0.0,0.0,2019,most_runs
128,Harry Gurney,8,1,1,1.0,1*,0.0,5.0,20.0,0.0,0.0,0.0,0.0,2019,most_runs
129,Washington Sundar,3,2,0,1.0,1,0.5,3.0,33.33,0.0,0.0,0.0,0.0,2019,most_runs
130,Basil Thampi,3,1,1,1.0,1*,0.0,1.0,100.0,0.0,0.0,0.0,0.0,2019,most_runs
131,Mohammad Shami,14,2,1,1.0,1*,1.0,2.0,50.0,0.0,0.0,0.0,0.0,2019,most_runs
132,Jaydev Unadkat,11,4,3,1.0,1,1.0,3.0,33.33,0.0,0.0,0.0,0.0,2019,most_runs
133,Siddarth Kaul,7,2,1,0.0,0*,0.0,1.0,0.0,0.0,0.0,0.0,0.0,2019,most_runs
134,Prasidh Krishna,11,1,0,0.0,0*,0.0,2.0,0.0,0.0,0.0,0.0,0.0,2019,most_runs
135,Jasprit Bumrah,16,3,3,0.0,0*,0.0,1.0,0.0,0.0,0.0,0.0,0.0,2019,most_runs
136,Andrew Tye,6,1,1,0.0,0*,0.0,2.0,0.0,0.0,0.0,0.0,0.0,2019,most_runs
137,Sandeep Lamichhane,6,1,0,0.0,0*,0.0,1.0,0.0,0.0,0.0,0.0,0.0,2019,most_runs
138,Harshal Patel,2,2,1,0.0,0*,0.0,2.0,0.0,0.0,0.0,0.0,0.0,2019,most_runs
139,Mohit Sharma,1,1,1,0.0,0*,0.0,2.0,0.0,0.0,0.0,0.0,0.0,2019,most_runs
140,Joe Denly,1,1,0,0.0,0*,0.0,1.0,0.0,0.0,0.0,0.0,0.0,2019,most_runs
141,Khaleel Ahmed,9,1,0,0.0,0*,0.0,1.0,0.0,0.0,0.0,0.0,0.0,2019,most_runs
142,Sam Billings,1,1,0,0.0,0*,0.0,4.0,0.0,0.0,0.0,0.0,0.0,2019,most_runs
143,Prithvi Raj Yarra,2,1,1,0.0,0*,0.0,1.0,0.0,0.0,0.0,0.0,0.0,2019,most_runs
144,Mujeeb Ur Rahman,5,3,2,0.0,0*,0.0,4.0,0.0,0.0,0.0,0.0,0.0,2019,most_runs
1,KL Rahul,14,14,2,670.0,132*,55.83,518.0,129.34,1.0,5.0,58.0,23.0,2020,most_runs
2,Shikhar Dhawan,17,17,3,618.0,106*,44.14,427.0,144.73,2.0,4.0,67.0,12.0,2020,most_runs
3,David Warner,16,16,2,548.0,85*,39.14,407.0,134.64,0.0,4.0,52.0,14.0,2020,most_runs
4,Shreyas Iyer,17,17,2,519.0,88*,34.6,421.0,123.27,0.0,3.0,40.0,16.0,2020,most_runs
5,Ishan Kishan,14,13,4,516.0,99,57.33,354.0,145.76,0.0,4.0,36.0,30.0,2020,most_runs
6,Quinton de Kock,16,16,2,503.0,78*,35.92,358.0,140.5,0.0,4.0,46.0,22.0,2020,most_runs
7,Suryakumar Yadav,16,15,3,480.0,79*,40.0,331.0,145.01,0.0,4.0,61.0,11.0,2020,most_runs
8,Devdutt Padikkal,15,15,0,473.0,74,31.53,379.0,124.8,0.0,5.0,51.0,8.0,2020,most_runs
9,Virat Kohli,15,15,4,466.0,90*,42.36,384.0,121.35,0.0,3.0,23.0,11.0,2020,most_runs
10,AB de Villiers,15,14,4,454.0,73*,45.4,286.0,158.74,0.0,5.0,33.0,23.0,2020,most_runs
11,Faf du Plessis,13,13,2,449.0,87*,40.81,319.0,140.75,0.0,4.0,42.0,14.0,2020,most_runs
12,Shubman Gill,14,14,1,440.0,70*,33.84,373.0,117.96,0.0,3.0,44.0,9.0,2020,most_runs
13,Manish Pandey,16,15,2,425.0,83*,32.69,333.0,127.62,0.0,3.0,35.0,18.0,2020,most_runs
14,Mayank Agarwal,11,11,0,424.0,106,38.54,271.0,156.45,1.0,2.0,44.0,15.0,2020,most_runs
15,Eoin Morgan,14,14,4,418.0,68*,41.8,302.0,138.41,0.0,1.0,32.0,24.0,2020,most_runs
16,Sanju Samson,14,14,1,375.0,85,28.84,236.0,158.89,0.0,3.0,21.0,26.0,2020,most_runs
17,Ambati Rayudu,12,11,2,359.0,71,39.88,282.0,127.3,0.0,1.0,30.0,12.0,2020,most_runs
18,Nicholas Pooran,14,14,4,353.0,77,35.3,208.0,169.71,0.0,2.0,23.0,25.0,2020,most_runs
19,Nitish Rana,14,14,0,352.0,87,25.14,254.0,138.58,0.0,3.0,43.0,12.0,2020,most_runs
20,Marcus Stoinis,17,17,3,352.0,65,25.14,237.0,148.52,0.0,3.0,31.0,16.0,2020,most_runs
21,Jonny Bairstow,11,11,0,345.0,97,31.36,272.0,126.83,0.0,3.0,31.0,13.0,2020,most_runs
22,Rishabh Pant,14,14,3,343.0,56,31.18,301.0,113.95,0.0,1.0,31.0,9.0,2020,most_runs
23,Rohit Sharma,12,12,0,332.0,80,27.66,260.0,127.69,0.0,3.0,27.0,19.0,2020,most_runs
24,Jos Buttler,13,12,2,328.0,70*,32.8,227.0,144.49,0.0,2.0,27.0,16.0,2020,most_runs
25,Kane Williamson,12,11,4,317.0,67,45.28,237.0,133.75,0.0,3.0,26.0,10.0,2020,most_runs
26,Steve Smith,14,14,2,311.0,69,25.91,237.0,131.22,0.0,3.0,32.0,9.0,2020,most_runs
27,Shane Watson,11,11,1,299.0,83*,29.9,247.0,121.05,0.0,2.0,33.0,13.0,2020,most_runs
28,Chris Gayle,7,7,0,288.0,99,41.14,210.0,137.14,0.0,3.0,15.0,23.0,2020,most_runs
29,Ben Stokes,8,8,1,285.0,107*,40.71,200.0,142.5,1.0,1.0,36.0,7.0,2020,most_runs
30,Hardik Pandya,14,13,5,281.0,60*,35.12,157.0,178.98,0.0,1.0,14.0,25.0,2020,most_runs
31,Aaron Finch,12,12,0,268.0,52,22.33,241.0,111.2,0.0,1.0,28.0,8.0,2020,most_runs
32,Kieron Pollard,16,12,7,268.0,60*,53.6,140.0,191.42,0.0,1.0,15.0,22.0,2020,most_runs
33,Rahul Tewatia,14,11,5,255.0,53,42.5,183.0,139.34,0.0,1.0,13.0,17.0,2020,most_runs
34,Ravindra Jadeja,14,11,6,232.0,50,46.4,135.0,171.85,0.0,1.0,22.0,11.0,2020,most_runs
35,Rahul Tripathi,11,11,1,230.0,81,23.0,181.0,127.07,0.0,1.0,21.0,10.0,2020,most_runs
36,Prithvi Shaw,13,13,0,228.0,66,17.53,167.0,136.52,0.0,2.0,27.0,8.0,2020,most_runs
37,Wriddhiman Saha,4,4,1,214.0,87,71.33,153.0,139.86,0.0,2.0,24.0,5.0,2020,most_runs
38,Ruturaj Gaikwad,6,6,2,204.0,72,51.0,169.0,120.71,0.0,3.0,16.0,6.0,2020,most_runs
39,MS Dhoni,14,12,4,200.0,47*,25.0,172.0,116.27,0.0,0.0,16.0,7.0,2020,most_runs
40,Robin Uthappa,12,12,0,196.0,41,16.33,164.0,119.51,0.0,0.0,19.0,7.0,2020,most_runs
41,Sam Curran,14,11,3,186.0,52,23.25,141.0,131.91,0.0,1.0,12.0,12.0,2020,most_runs
42,Shimron Hetmyer,12,11,3,185.0,45,23.12,125.0,148.0,0.0,0.0,11.0,12.0,2020,most_runs
43,Dinesh Karthik,14,14,2,169.0,58,14.08,134.0,126.11,0.0,1.0,20.0,4.0,2020,most_runs
44,Pat Cummins,14,11,4,146.0,53*,20.85,114.0,128.07,0.0,1.0,9.0,8.0,2020,most_runs
45,Priyam Garg,14,10,1,133.0,51*,14.77,111.0,119.81,0.0,1.0,9.0,4.0,2020,most_runs
46,Mandeep Singh,7,7,1,130.0,66*,21.66,109.0,119.26,0.0,1.0,10.0,4.0,2020,most_runs
47,Shivam Dube,11,9,2,129.0,27*,18.42,105.0,122.85,0.0,0.0,5.0,9.0,2020,most_runs
48,Sunil Narine,10,9,0,121.0,64,13.44,85.0,142.35,0.0,1.0,10.0,8.0,2020,most_runs
49,Andre Russell,10,9,0,117.0,25,13.0,81.0,144.44,0.0,0.0,9.0,9.0,2020,most_runs
50,Axar Patel,15,9,1,117.0,42,14.62,85.0,137.64,0.0,0.0,6.0,8.0,2020,most_runs
51,Jofra Archer,14,10,4,113.0,27*,18.83,63.0,179.36,0.0,0.0,5.0,10.0,2020,most_runs
52,Ajinkya Rahane,9,8,0,113.0,60,14.12,107.0,105.6,0.0,1.0,12.0,2.0,2020,most_runs
53,Washington Sundar,15,9,3,111.0,30,18.5,95.0,116.84,0.0,0.0,10.0,2.0,2020,most_runs
54,Abdul Samad,12,8,3,111.0,33,22.2,65.0,170.76,0.0,0.0,8.0,6.0,2020,most_runs
55,Krunal Pandya,16,12,6,109.0,34,18.16,92.0,118.47,0.0,0.0,9.0,5.0,2020,most_runs
56,Glenn Maxwell,13,11,4,108.0,32,15.42,106.0,101.88,0.0,0.0,9.0,0.0,2020,most_runs
57,Saurabh Tiwary,7,5,0,103.0,42,20.6,80.0,128.75,0.0,0.0,8.0,3.0,2020,most_runs
58,Deepak Hooda,7,5,4,101.0,62*,101.0,71.0,142.25,0.0,1.0,5.0,5.0,2020,most_runs
59,Vijay Shankar,7,5,1,97.0,52*,24.25,96.0,101.04,0.0,1.0,10.0,1.0,2020,most_runs
60,Riyan Parag,12,8,1,86.0,42*,12.28,77.0,111.68,0.0,0.0,6.0,3.0,2020,most_runs
61,Tom Curran,5,4,3,83.0,54*,83.0,62.0,133.87,0.0,1.0,5.0,3.0,2020,most_runs
62,Josh Philippe,5,5,1,78.0,33,19.5,77.0,101.29,0.0,0.0,9.0,1.0,2020,most_runs
63,Gurkeerat Mann Singh,8,5,5,71.0,21*,0.0,80.0,88.75,0.0,0.0,8.0,0.0,2020,most_runs
64,Abhishek Sharma,8,7,2,71.0,31,14.2,56.0,126.78,0.0,0.0,6.0,3.0,2020,most_runs
65,Jason Holder,7,4,2,66.0,26*,33.0,53.0,124.52,0.0,0.0,5.0,3.0,2020,most_runs
66,Kedar Jadhav,8,5,2,62.0,26,20.66,66.0,93.93,0.0,0.0,7.0,0.0,2020,most_runs
67,Mahipal Lomror,3,3,0,59.0,47,19.66,54.0,109.25,0.0,0.0,2.0,3.0,2020,most_runs
68,Kagiso Rabada,17,8,4,56.0,15*,14.0,49.0,114.28,0.0,0.0,4.0,2.0,2020,most_runs
69,Lockie Ferguson,5,2,2,43.0,24*,0.0,29.0,148.27,0.0,0.0,4.0,1.0,2020,most_runs
70,Krishnappa Gowtham,2,2,1,42.0,22*,42.0,27.0,155.55,0.0,0.0,3.0,2.0,2020,most_runs
71,Yashasvi Jaiswal,3,3,0,40.0,34,13.33,44.0,90.9,0.0,0.0,2.0,2.0,2020,most_runs
72,Shreyas Gopal,14,5,1,37.0,23*,9.25,39.0,94.87,0.0,0.0,3.0,0.0,2020,most_runs
73,Ravichandran Ashwin,15,6,3,37.0,14*,12.33,34.0,108.82,0.0,0.0,3.0,1.0,2020,most_runs
74,Rashid Khan,16,7,3,35.0,14,8.75,30.0,116.66,0.0,0.0,3.0,2.0,2020,most_runs
75,Chris Morris,9,5,1,34.0,25*,8.5,21.0,161.9,0.0,0.0,2.0,3.0,2020,most_runs
76,Sarfaraz Khan,5,3,1,33.0,14*,16.5,29.0,113.79,0.0,0.0,5.0,0.0,2020,most_runs
77,Narayan Jagadeesan,5,2,0,33.0,33,16.5,29.0,113.79,0.0,0.0,4.0,0.0,2020,most_runs
78,Murali Vijay,3,3,0,32.0,21,10.66,43.0,74.41,0.0,0.0,4.0,0.0,2020,most_runs
79,Alex Carey,3,3,1,32.0,14*,16.0,29.0,110.34,0.0,0.0,0.0,1.0,2020,most_runs
80,Chris Jordan,9,5,2,29.0,13,9.66,31.0,93.54,0.0,0.0,2.0,0.0,2020,most_runs
81,Navdeep Saini,13,3,2,27.0,12*,27.0,27.0,100.0,0.0,0.0,3.0,0.0,2020,most_runs
82,Nathan Coulter-Nile,7,2,1,25.0,24*,25.0,15.0,166.66,0.0,0.0,4.0,0.0,2020,most_runs
83,Kamlesh Nagarkoti,10,6,3,22.0,8*,7.33,31.0,70.96,0.0,0.0,1.0,0.0,2020,most_runs
84,Tushar Deshpande,5,2,1,21.0,20*,21.0,12.0,175.0,0.0,0.0,2.0,1.0,2020,most_runs
85,Harshal Patel,5,2,0,21.0,16,10.5,24.0,87.5,0.0,0.0,2.0,0.0,2020,most_runs
86,Jimmy Neesham,5,3,1,19.0,10*,9.5,18.0,105.55,0.0,0.0,0.0,1.0,2020,most_runs
87,Tom Banton,2,2,0,18.0,10,9.0,20.0,90.0,0.0,0.0,1.0,1.0,2020,most_runs
88,Mohammed Siraj,9,3,2,17.0,10*,17.0,14.0,121.42,0.0,0.0,2.0,0.0,2020,most_runs
89,Karun Nair,4,3,1,16.0,15*,8.0,14.0,114.28,0.0,0.0,2.0,0.0,2020,most_runs
90,Prabhsimran Singh,2,2,0,15.0,11,7.5,15.0,100.0,0.0,0.0,2.0,0.0,2020,most_runs
91,Isuru Udana,10,4,1,15.0,10*,5.0,11.0,136.36,0.0,0.0,1.0,1.0,2020,most_runs
92,James Pattinson,10,2,1,15.0,11,15.0,13.0,115.38,0.0,0.0,2.0,0.0,2020,most_runs
93,Kuldeep Yadav,5,2,1,13.0,12,13.0,21.0,61.9,0.0,0.0,1.0,0.0,2020,most_runs
94,Imran Tahir,3,1,1,13.0,13*,0.0,10.0,130.0,0.0,0.0,2.0,0.0,2020,most_runs
95,Moeen Ali,3,3,0,12.0,11,4.0,16.0,75.0,0.0,0.0,1.0,0.0,2020,most_runs
96,Sandeep Sharma,13,5,3,12.0,9,6.0,15.0,80.0,0.0,0.0,1.0,0.0,2020,most_runs
97,Shardul Thakur,9,2,1,12.0,11,12.0,21.0,57.14,0.0,0.0,0.0,0.0,2020,most_runs
98,Mohammad Nabi,1,1,1,11.0,11*,0.0,8.0,137.5,0.0,0.0,2.0,0.0,2020,most_runs
99,Rinku Singh,1,1,0,11.0,11,11.0,11.0,100.0,0.0,0.0,1.0,0.0,2020,most_runs
100,Shivam Mavi,8,3,1,10.0,9,5.0,14.0,71.42,0.0,0.0,1.0,0.0,2020,most_runs
101,Varun Chakaravarthy,13,3,1,10.0,7*,5.0,15.0,66.66,0.0,0.0,0.0,0.0,2020,most_runs
102,Jaydev Unadkat,7,1,0,9.0,9,9.0,13.0,69.23,0.0,0.0,0.0,0.0,2020,most_runs
103,Ankit Rajpoot,6,2,1,9.0,7*,9.0,10.0,90.0,0.0,0.0,0.0,1.0,2020,most_runs
104,Dwayne Bravo,6,2,0,7.0,7,3.5,6.0,116.66,0.0,0.0,0.0,0.0,2020,most_runs
105,Shahbaz Nadeem,7,2,1,7.0,5,7.0,8.0,87.5,0.0,0.0,1.0,0.0,2020,most_runs
106,Pravin Dubey,3,1,1,7.0,7*,0.0,13.0,53.84,0.0,0.0,0.0,0.0,2020,most_runs
107,Anrich Nortje,16,5,4,7.0,3*,7.0,6.0,116.66,0.0,0.0,0.0,0.0,2020,most_runs
108,Deepak Chahar,14,3,2,7.0,5*,7.0,12.0,58.33,0.0,0.0,0.0,0.0,2020,most_runs
109,Ravi Bishnoi,14,3,2,7.0,6*,7.0,12.0,58.33,0.0,0.0,1.0,0.0,2020,most_runs
110,Andrew Tye,1,1,0,6.0,6,6.0,6.0,100.0,0.0,0.0,0.0,1.0,2020,most_runs
111,Jasprit Bumrah,15,1,1,5.0,5*,0.0,3.0,166.66,0.0,0.0,0.0,0.0,2020,most_runs
112,Kartik Tyagi,10,3,2,4.0,2*,4.0,6.0,66.66,0.0,0.0,0.0,0.0,2020,most_runs
113,Murugan Ashwin,9,1,0,4.0,4,4.0,4.0,100.0,0.0,0.0,0.0,0.0,2020,most_runs
114,Dhawal Kulkarni,1,1,1,3.0,3*,0.0,2.0,150.0,0.0,0.0,0.0,0.0,2020,most_runs
115,T Natarajan,16,3,3,3.0,3*,0.0,5.0,60.0,0.0,0.0,0.0,0.0,2020,most_runs
116,Prasidh Krishna,6,2,2,2.0,2*,0.0,4.0,50.0,0.0,0.0,0.0,0.0,2020,most_runs
117,Rahul Chahar,15,1,1,2.0,2*,0.0,4.0,50.0,0.0,0.0,0.0,0.0,2020,most_runs
118,Mohammad Shami,14,3,2,2.0,2*,2.0,3.0,66.66,0.0,0.0,0.0,0.0,2020,most_runs
119,Nikhil Naik,1,1,0,1.0,1,1.0,3.0,33.33,0.0,0.0,0.0,0.0,2020,most_runs
120,Mujeeb Ur Rahman,2,1,0,1.0,1,1.0,3.0,33.33,0.0,0.0,0.0,0.0,2020,most_runs
121,Dale Steyn,3,1,1,1.0,1*,0.0,2.0,50.0,0.0,0.0,0.0,0.0,2020,most_runs
122,Varun Aaron,3,2,1,1.0,1,1.0,10.0,10.0,0.0,0.0,0.0,0.0,2020,most_runs
123,Shahbaz Ahmed,2,1,1,1.0,1*,0.0,1.0,100.0,0.0,0.0,0.0,0.0,2020,most_runs
124,Yuzvendra Chahal,15,2,1,1.0,1,1.0,3.0,33.33,0.0,0.0,0.0,0.0,2020,most_runs
125,Mitchell Marsh,1,1,0,0.0,0*,0.0,1.0,0.0,0.0,0.0,0.0,0.0,2020,most_runs
126,Umesh Yadav,2,1,0,0.0,0*,0.0,2.0,0.0,0.0,0.0,0.0,0.0,2020,most_runs
127,Bhuvneshwar Kumar,4,1,0,0.0,0*,0.0,2.0,0.0,0.0,0.0,0.0,0.0,2020,most_runs
128,Sheldon Cottrell,6,1,0,0.0,0*,0.0,2.0,0.0,0.0,0.0,0.0,0.0,2020,most_runs
129,Khaleel Ahmed,7,1,0,0.0,0*,0.0,2.0,0.0,0.0,0.0,0.0,0.0,2020,most_runs
130,Arshdeep Singh,8,1,0,0.0,0*,0.0,3.0,0.0,0.0,0.0,0.0,0.0,2020,most_runs
131,Daniel Sams,3,1,0,0.0,0*,0.0,2.0,0.0,0.0,0.0,0.0,0.0,2020,most_runs
132,Shreevats Goswami,2,2,0,0.0,0*,0.0,4.0,0.0,0.0,0.0,0.0,0.0,2020,most_runs
133,Trent Boult,15,1,0,0.0,0*,0.0,1.0,0.0,0.0,0.0,0.0,0.0,2020,most_runs
1,Ruturaj Gaikwad,16,16,2,635.0,101*,45.35,466.0,136.26,1.0,4.0,64.0,23.0,2021,most_runs
2,Faf du Plessis,16,16,2,633.0,95*,45.21,458.0,138.2,0.0,6.0,60.0,23.0,2021,most_runs
3,KL Rahul,13,13,3,626.0,98*,62.6,451.0,138.8,0.0,6.0,48.0,30.0,2021,most_runs
4,Shikhar Dhawan,16,16,1,587.0,92,39.13,471.0,124.62,0.0,3.0,63.0,16.0,2021,most_runs
5,Glenn Maxwell,15,14,2,513.0,78,42.75,356.0,144.1,0.0,6.0,48.0,21.0,2021,most_runs
6,Sanju Samson,14,14,2,484.0,119,40.33,354.0,136.72,1.0,2.0,45.0,17.0,2021,most_runs
7,Prithvi Shaw,15,15,0,479.0,82,31.93,301.0,159.13,0.0,4.0,56.0,18.0,2021,most_runs
8,Shubman Gill,17,17,0,478.0,57,28.11,402.0,118.9,0.0,3.0,50.0,12.0,2021,most_runs
9,Mayank Agarwal,12,12,1,441.0,99*,40.09,314.0,140.44,0.0,4.0,42.0,18.0,2021,most_runs
10,Rishabh Pant,16,16,4,419.0,58*,34.91,326.0,128.52,0.0,3.0,42.0,10.0,2021,most_runs
11,Devdutt Padikkal,14,14,1,411.0,101*,31.61,328.0,125.3,1.0,1.0,44.0,14.0,2021,most_runs
12,Virat Kohli,15,15,1,405.0,72*,28.92,339.0,119.46,0.0,3.0,43.0,9.0,2021,most_runs
13,Rahul Tripathi,17,16,2,397.0,74*,28.35,283.0,140.28,0.0,2.0,41.0,11.0,2021,most_runs
14,Nitish Rana,17,16,3,383.0,80,29.46,314.0,121.97,0.0,2.0,34.0,17.0,2021,most_runs
15,Rohit Sharma,13,13,0,381.0,63,29.3,299.0,127.42,0.0,1.0,33.0,14.0,2021,most_runs
16,Venkatesh Iyer,10,10,1,370.0,67,41.11,288.0,128.47,0.0,4.0,37.0,14.0,2021,most_runs
17,Moeen Ali,15,15,1,357.0,58,25.5,260.0,137.3,0.0,1.0,31.0,19.0,2021,most_runs
18,Suryakumar Yadav,14,14,0,317.0,82,22.64,221.0,143.43,0.0,2.0,40.0,10.0,2021,most_runs
19,AB de Villiers,15,14,4,313.0,76*,31.3,211.0,148.34,0.0,2.0,23.0,16.0,2021,most_runs
20,Quinton de Kock,11,11,1,297.0,70*,29.7,256.0,116.01,0.0,2.0,29.0,7.0,2021,most_runs
21,Manish Pandey,8,8,2,292.0,69*,48.66,236.0,123.72,0.0,3.0,21.0,10.0,2021,most_runs
22,Kane Williamson,10,10,4,266.0,66*,44.33,235.0,113.19,0.0,2.0,29.0,2.0,2021,most_runs
23,Ambati Rayudu,16,13,4,257.0,72*,28.55,170.0,151.17,0.0,2.0,16.0,17.0,2021,most_runs
24,Jos Buttler,7,7,0,254.0,124,36.28,166.0,153.01,1.0,0.0,27.0,13.0,2021,most_runs
25,Yashasvi Jaiswal,10,10,0,249.0,50,24.9,168.0,148.21,0.0,1.0,32.0,10.0,2021,most_runs
26,Jonny Bairstow,7,7,1,248.0,63*,41.33,175.0,141.71,0.0,2.0,20.0,15.0,2021,most_runs
27,Kieron Pollard,14,13,5,245.0,87*,30.62,165.0,148.48,0.0,1.0,16.0,16.0,2021,most_runs
28,Shimron Hetmyer,14,13,6,242.0,53*,34.57,144.0,168.05,0.0,1.0,19.0,12.0,2021,most_runs
29,Ishan Kishan,10,10,1,241.0,84,26.77,180.0,133.88,0.0,2.0,21.0,10.0,2021,most_runs
30,Shivam Dube,9,9,1,230.0,64*,28.75,193.0,119.17,0.0,1.0,18.0,10.0,2021,most_runs
31,Ravindra Jadeja,16,12,9,227.0,62*,75.66,156.0,145.51,0.0,1.0,19.0,9.0,2021,most_runs
32,Dinesh Karthik,17,15,5,223.0,40,22.3,170.0,131.17,0.0,0.0,22.0,7.0,2021,most_runs
33,David Warner,8,8,0,195.0,57,24.37,181.0,107.73,0.0,2.0,15.0,6.0,2021,most_runs
34,Chris Gayle,10,10,1,193.0,46,21.44,154.0,125.32,0.0,0.0,21.0,8.0,2021,most_runs
35,K.S Bharat,8,7,2,191.0,78*,38.2,156.0,122.43,0.0,1.0,10.0,8.0,2021,most_runs
36,Andre Russell,10,9,2,183.0,54,26.14,120.0,152.5,0.0,1.0,14.0,14.0,2021,most_runs
37,Shreyas Iyer,8,8,3,175.0,47*,35.0,171.0,102.33,0.0,0.0,7.0,5.0,2021,most_runs
38,Deepak Hooda,12,11,1,160.0,64,16.0,123.0,130.08,0.0,1.0,9.0,9.0,2021,most_runs
39,Suresh Raina,12,11,2,160.0,54,17.77,128.0,125.0,0.0,1.0,13.0,9.0,2021,most_runs
40,Rahul Tewatia,14,11,1,155.0,44,15.5,147.0,105.44,0.0,0.0,11.0,6.0,2021,most_runs
41,Shahrukh Khan,11,10,3,153.0,47,21.85,114.0,134.21,0.0,0.0,9.0,10.0,2021,most_runs
42,Steve Smith,8,7,1,152.0,39,25.33,135.0,112.59,0.0,0.0,13.0,2.0,2021,most_runs
43,Evin Lewis,5,5,0,151.0,58,30.2,93.0,162.36,0.0,1.0,18.0,7.0,2021,most_runs
44,Jason Roy,5,5,0,150.0,60,30.0,121.0,123.96,0.0,1.0,21.0,1.0,2021,most_runs
45,Aiden Markram,6,6,1,146.0,42,29.2,119.0,122.68,0.0,0.0,12.0,4.0,2021,most_runs
46,Krunal Pandya,13,12,2,143.0,39,14.3,123.0,116.26,0.0,0.0,10.0,6.0,2021,most_runs
47,Eoin Morgan,17,16,4,133.0,47*,11.08,139.0,95.68,0.0,0.0,8.0,6.0,2021,most_runs
48,Wriddhiman Saha,9,9,0,131.0,44,14.55,140.0,93.57,0.0,0.0,7.0,5.0,2021,most_runs
49,Hardik Pandya,12,11,2,127.0,40*,14.11,112.0,113.39,0.0,0.0,11.0,5.0,2021,most_runs
50,David Miller,9,8,3,124.0,62,24.8,113.0,109.73,0.0,1.0,11.0,3.0,2021,most_runs
51,Saurabh Tiwary,5,4,2,115.0,50*,57.5,97.0,118.55,0.0,1.0,10.0,2.0,2021,most_runs
52,Robin Uthappa,4,4,0,115.0,63,28.75,84.0,136.9,0.0,1.0,8.0,5.0,2021,most_runs
53,MS Dhoni,16,11,4,114.0,18*,16.28,107.0,106.54,0.0,0.0,12.0,3.0,2021,most_runs
54,Abdul Samad,11,10,1,111.0,28,12.33,87.0,127.58,0.0,0.0,4.0,8.0,2021,most_runs
55,Abhishek Sharma,8,7,1,98.0,33,16.33,75.0,130.66,0.0,0.0,7.0,4.0,2021,most_runs
56,Mahipal Lomror,4,4,1,94.0,43,31.33,73.0,128.76,0.0,0.0,3.0,6.0,2021,most_runs
57,Pat Cummins,7,5,2,93.0,66*,31.0,56.0,166.07,0.0,1.0,5.0,8.0,2021,most_runs
58,Riyan Parag,11,10,2,93.0,25,11.62,83.0,112.04,0.0,0.0,6.0,4.0,2021,most_runs
59,Marcus Stoinis,10,7,3,89.0,27*,22.25,72.0,123.61,0.0,0.0,11.0,1.0,2021,most_runs
60,Nicholas Pooran,12,11,0,85.0,32,7.72,76.0,111.84,0.0,0.0,3.0,5.0,2021,most_runs
61,Jason Holder,8,7,1,85.0,47*,14.16,72.0,118.05,0.0,0.0,2.0,6.0,2021,most_runs
62,Rashid Khan,14,10,2,83.0,22,10.37,69.0,120.28,0.0,0.0,9.0,2.0,2021,most_runs
63,Priyam Garg,5,5,0,72.0,29,14.4,74.0,97.29,0.0,0.0,2.0,3.0,2021,most_runs
64,Rajat Patidar,4,4,0,71.0,31,17.75,62.0,114.51,0.0,0.0,3.0,3.0,2021,most_runs
65,Lalit Yadav,7,5,3,68.0,22*,34.0,73.0,93.15,0.0,0.0,7.0,0.0,2021,most_runs
66,Chris Morris,11,7,2,67.0,36*,13.4,49.0,136.73,0.0,0.0,2.0,5.0,2021,most_runs
67,Kyle Jamieson,9,7,3,65.0,16*,16.25,55.0,118.18,0.0,0.0,5.0,3.0,2021,most_runs
68,Harpreet Brar,7,5,5,64.0,25*,0.0,58.0,110.34,0.0,0.0,3.0,2.0,2021,most_runs
69,Sunil Narine,14,10,2,62.0,26,7.75,47.0,131.91,0.0,0.0,3.0,5.0,2021,most_runs
70,Shahbaz Ahmed,11,7,0,59.0,14,8.42,53.0,111.32,0.0,0.0,4.0,2.0,2021,most_runs
71,Harshal Patel,15,8,4,59.0,31,14.75,46.0,128.26,0.0,0.0,6.0,2.0,2021,most_runs
72,Vijay Shankar,7,5,0,58.0,28,11.6,52.0,111.53,0.0,0.0,1.0,3.0,2021,most_runs
73,Sam Curran,9,4,1,56.0,34,18.66,29.0,193.1,0.0,0.0,5.0,3.0,2021,most_runs
74,Kedar Jadhav,6,5,1,55.0,19,13.75,52.0,105.76,0.0,0.0,2.0,2.0,2021,most_runs
75,Chris Lynn,1,1,0,49.0,49,49.0,35.0,140.0,0.0,0.0,4.0,3.0,2021,most_runs
76,Shakib Al Hasan,8,6,1,47.0,26,9.4,48.0,97.91,0.0,0.0,3.0,1.0,2021,most_runs
77,Dwayne Bravo,11,3,2,47.0,23,47.0,18.0,261.11,0.0,0.0,3.0,4.0,2021,most_runs
78,Ravichandran Ashwin,13,5,2,44.0,20*,14.66,42.0,104.76,0.0,0.0,2.0,1.0,2021,most_runs
79,Manan Vohra,4,4,0,42.0,14,10.5,39.0,107.69,0.0,0.0,5.0,2.0,2021,most_runs
80,Liam Livingstone,5,5,0,42.0,25,8.4,41.0,102.43,0.0,0.0,3.0,1.0,2021,most_runs
81,Jaydev Unadkat,6,3,1,41.0,24,20.5,29.0,141.37,0.0,0.0,3.0,2.0,2021,most_runs
82,Axar Patel,12,6,1,40.0,12,8.0,46.0,86.95,0.0,0.0,2.0,1.0,2021,most_runs
83,Jayant Yadav,5,3,1,34.0,23,17.0,26.0,130.76,0.0,0.0,2.0,1.0,2021,most_runs
84,Bhuvneshwar Kumar,11,7,6,34.0,14*,34.0,30.0,113.33,0.0,0.0,3.0,0.0,2021,most_runs
85,Mohammad Nabi,3,3,0,34.0,17,11.33,20.0,170.0,0.0,0.0,3.0,2.0,2021,most_runs
86,Chris Jordan,4,2,0,32.0,30,16.0,21.0,152.38,0.0,0.0,1.0,3.0,2021,most_runs
87,Washington Sundar,6,4,0,31.0,10,7.75,47.0,65.95,0.0,0.0,2.0,0.0,2021,most_runs
88,Moises Henriques,5,4,2,31.0,14,15.5,32.0,96.87,0.0,0.0,0.0,1.0,2021,most_runs
89,Dawid Malan,1,1,0,26.0,26,26.0,26.0,100.0,0.0,0.0,1.0,1.0,2021,most_runs
90,Glenn Phillips,3,3,1,26.0,14*,13.0,33.0,78.78,0.0,0.0,1.0,2.0,2021,most_runs
91,Ripal Patel,2,2,1,25.0,18,25.0,27.0,92.59,0.0,0.0,3.0,0.0,2021,most_runs
92,Shivam Mavi,9,2,0,25.0,20,12.5,20.0,125.0,0.0,0.0,2.0,2.0,2021,most_runs
93,Tom Curran,3,2,1,21.0,21,21.0,17.0,123.52,0.0,0.0,2.0,0.0,2021,most_runs
94,Mohammed Siraj,15,4,3,20.0,12*,20.0,26.0,76.92,0.0,0.0,1.0,1.0,2021,most_runs
95,Prabhsimran Singh,2,2,0,19.0,12,9.5,23.0,82.6,0.0,0.0,1.0,1.0,2021,most_runs
96,Nathan Ellis,3,2,1,18.0,12,18.0,16.0,112.5,0.0,0.0,0.0,1.0,2021,most_runs
97,Lockie Ferguson,8,3,3,18.0,18*,0.0,11.0,163.63,0.0,0.0,1.0,1.0,2021,most_runs
98,Anmolpreet Singh,1,1,0,16.0,16,16.0,14.0,114.28,0.0,0.0,2.0,1.0,2021,most_runs
99,Adam Milne,4,3,1,16.0,15,8.0,17.0,94.11,0.0,0.0,0.0,1.0,2021,most_runs
100,Chetan Sakariya,14,6,1,16.0,7,3.2,25.0,64.0,0.0,0.0,2.0,0.0,2021,most_runs
101,Jasprit Bumrah,14,7,5,16.0,5*,8.0,17.0,94.11,0.0,0.0,2.0,0.0,2021,most_runs
102,Jhye Richardson,3,2,0,15.0,15,7.5,24.0,62.5,0.0,0.0,2.0,0.0,2021,most_runs
103,Chris Woakes,3,1,1,15.0,15*,0.0,11.0,136.36,0.0,0.0,2.0,0.0,2021,most_runs
104,Murugan Ashwin,3,2,0,15.0,9,7.5,24.0,62.5,0.0,0.0,1.0,0.0,2021,most_runs
105,Virat Singh,3,2,0,15.0,11,7.5,26.0,57.69,0.0,0.0,1.0,0.0,2021,most_runs
106,Mandeep Singh,1,1,0,15.0,15,15.0,14.0,107.14,0.0,0.0,2.0,0.0,2021,most_runs
107,Jagadeesha Suchith,2,1,1,14.0,14*,0.0,6.0,233.33,0.0,0.0,2.0,1.0,2021,most_runs
108,Rahul Chahar,11,5,0,14.0,8,2.8,15.0,93.33,0.0,0.0,1.0,0.0,2021,most_runs
109,Dan Christian,9,7,1,14.0,9,2.33,24.0,58.33,0.0,0.0,1.0,0.0,2021,most_runs
110,Mohammad Shami,14,4,3,13.0,9*,13.0,17.0,76.47,0.0,0.0,0.0,0.0,2021,most_runs
111,Kagiso Rabada,15,3,2,13.0,9*,13.0,6.0,216.66,0.0,0.0,2.0,0.0,2021,most_runs
112,Yuzvendra Chahal,15,2,2,10.0,8*,0.0,27.0,37.03,0.0,0.0,0.0,0.0,2021,most_runs
113,Ajinkya Rahane,2,1,0,8.0,8,8.0,8.0,100.0,0.0,0.0,1.0,0.0,2021,most_runs
114,Sandeep Sharma,7,2,1,8.0,8*,8.0,7.0,114.28,0.0,0.0,1.0,0.0,2021,most_runs
115,Mustafizur Rahman,14,5,5,8.0,8*,0.0,14.0,57.14,0.0,0.0,0.0,1.0,2021,most_runs
116,Siddarth Kaul,8,2,2,8.0,7*,0.0,8.0,100.0,0.0,0.0,1.0,0.0,2021,most_runs
117,Sachin Baby,1,1,0,7.0,7,7.0,17.0,41.17,0.0,0.0,0.0,0.0,2021,most_runs
118,Shreyas Gopal,3,2,1,7.0,7*,7.0,5.0,140.0,0.0,0.0,0.0,1.0,2021,most_runs
119,Daniel Sams,2,2,1,6.0,3*,6.0,6.0,100.0,0.0,0.0,0.0,0.0,2021,most_runs
120,Fabian Allen,4,3,2,6.0,6,6.0,12.0,50.0,0.0,0.0,0.0,0.0,2021,most_runs
121,Avesh Khan,16,1,1,5.0,5*,0.0,3.0,166.66,0.0,0.0,1.0,0.0,2021,most_runs
122,Shardul Thakur,16,4,2,5.0,3*,2.5,5.0,100.0,0.0,0.0,0.0,0.0,2021,most_runs
123,Harbhajan Singh,3,2,2,4.0,2*,0.0,4.0,100.0,0.0,0.0,0.0,0.0,2021,most_runs
124,Nathan Coulter-Nile,5,2,0,4.0,3,2.0,5.0,80.0,0.0,0.0,0.0,0.0,2021,most_runs
125,Tim Southee,3,1,0,3.0,3,3.0,5.0,60.0,0.0,0.0,0.0,0.0,2021,most_runs
126,Navdeep Saini,2,1,0,2.0,2,2.0,4.0,50.0,0.0,0.0,0.0,0.0,2021,most_runs
127,Tabraiz Shamsi,1,1,1,2.0,2*,0.0,4.0,50.0,0.0,0.0,0.0,0.0,2021,most_runs
128,Kartik Tyagi,4,2,1,2.0,1*,2.0,4.0,50.0,0.0,0.0,0.0,0.0,2021,most_runs
129,Tim Seifert,1,1,0,2.0,2,2.0,4.0,50.0,0.0,0.0,0.0,0.0,2021,most_runs
130,Arshdeep Singh,12,2,2,2.0,1*,0.0,3.0,66.66,0.0,0.0,0.0,0.0,2021,most_runs
131,George Garton,5,3,2,2.0,2*,2.0,4.0,50.0,0.0,0.0,0.0,0.0,2021,most_runs
132,Varun Chakaravarthy,17,3,2,2.0,2*,2.0,4.0,50.0,0.0,0.0,0.0,0.0,2021,most_runs
133,Mujeeb Ur Rahman,1,1,1,1.0,1*,0.0,1.0,100.0,0.0,0.0,0.0,0.0,2021,most_runs
134,Tim David,1,1,0,1.0,1,1.0,3.0,33.33,0.0,0.0,0.0,0.0,2021,most_runs
135,Khaleel Ahmed,7,1,0,1.0,1,1.0,2.0,50.0,0.0,0.0,0.0,0.0,2021,most_runs
136,Wanindu Hasaranga,2,2,1,1.0,1*,1.0,2.0,50.0,0.0,0.0,0.0,0.0,2021,most_runs
137,Ravi Bishnoi,9,1,0,1.0,1,1.0,4.0,25.0,0.0,0.0,0.0,0.0,2021,most_runs
138,Trent Boult,14,4,4,1.0,1*,0.0,4.0,25.0,0.0,0.0,0.0,0.0,2021,most_runs
139,Deepak Chahar,15,2,2,1.0,1*,0.0,1.0,100.0,0.0,0.0,0.0,0.0,2021,most_runs
140,Ben Stokes,1,1,0,0.0,0*,0.0,3.0,0.0,0.0,0.0,0.0,0.0,2021,most_runs
141,Marco Jansen,2,2,0,0.0,0*,0.0,3.0,0.0,0.0,0.0,0.0,0.0,2021,most_runs
142,Shahbaz Nadeem,1,1,0,0.0,0*,0.0,1.0,0.0,0.0,0.0,0.0,0.0,2021,most_runs
143,Kamlesh Nagarkoti,1,1,0,0.0,0*,0.0,2.0,0.0,0.0,0.0,0.0,0.0,2021,most_runs
144,Prasidh Krishna,10,2,1,0.0,0*,0.0,1.0,0.0,0.0,0.0,0.0,0.0,2021,most_runs
145,Kuldip Yadav,1,1,1,0.0,0*,0.0,4.0,0.0,0.0,0.0,0.0,0.0,2021,most_runs
146,Sarfaraz Khan,2,2,0,0.0,0*,0.0,4.0,0.0,0.0,0.0,0.0,0.0,2021,most_runs
147,Anuj Rawat,2,1,0,0.0,0*,0.0,1.0,0.0,0.0,0.0,0.0,0.0,2021,most_runs
148,Jimmy Neesham,3,2,0,0.0,0*,0.0,2.0,0.0,0.0,0.0,0.0,0.0,2021,most_runs
149,Piyush Chawla,1,1,0,0.0,0*,0.0,2.0,0.0,0.0,0.0,0.0,0.0,2021,most_runs
1,Jos Buttler,17,17,2,863.0,116,57.53,579.0,149.05,4.0,4.0,83.0,45.0,2022,most_runs
2,K L Rahul,15,15,3,616.0,103*,51.33,455.0,135.38,2.0,4.0,45.0,30.0,2022,most_runs
3,Quinton De Kock,15,15,1,508.0,140*,36.29,341.0,148.97,1.0,3.0,47.0,23.0,2022,most_runs
4,Hardik Pandya,15,15,4,487.0,87*,44.27,371.0,131.26,0.0,4.0,49.0,12.0,2022,most_runs
5,Shubman Gill,16,16,2,483.0,96,34.5,365.0,132.32,0.0,4.0,51.0,11.0,2022,most_runs
6,David Miller,16,16,9,481.0,94*,68.71,337.0,142.72,0.0,2.0,32.0,23.0,2022,most_runs
7,Faf Du Plessis,16,16,1,468.0,96,31.2,367.0,127.52,0.0,3.0,49.0,13.0,2022,most_runs
8,Shikhar Dhawan,14,14,2,460.0,88*,38.33,375.0,122.66,0.0,3.0,47.0,12.0,2022,most_runs
9,Sanju Samson,17,17,1,458.0,55,28.63,312.0,146.79,0.0,2.0,43.0,26.0,2022,most_runs
10,Deepak Hooda,15,14,0,451.0,59,32.21,330.0,136.66,0.0,4.0,36.0,18.0,2022,most_runs
11,Liam Livingstone,14,14,2,437.0,70,36.42,240.0,182.08,0.0,4.0,29.0,34.0,2022,most_runs
12,David Warner,12,12,3,432.0,92*,48.0,287.0,150.52,0.0,5.0,52.0,15.0,2022,most_runs
13,Abhishek Sharma,14,14,0,426.0,75,30.43,320.0,133.12,0.0,2.0,47.0,13.0,2022,most_runs
14,Ishan Kishan,14,14,1,418.0,81*,32.15,348.0,120.11,0.0,3.0,45.0,11.0,2022,most_runs
15,Rahul Tripathi,14,14,3,413.0,76,37.55,261.0,158.23,0.0,3.0,40.0,20.0,2022,most_runs
16,Shreyas Iyer,14,14,1,401.0,85,30.85,298.0,134.56,0.0,3.0,41.0,11.0,2022,most_runs
17,Tilak Varma,14,14,3,397.0,61,36.09,303.0,131.02,0.0,2.0,29.0,16.0,2022,most_runs
18,Aiden Markram,14,12,4,381.0,68*,47.63,274.0,139.05,0.0,3.0,25.0,19.0,2022,most_runs
19,Devdutt Padikkal,17,17,0,376.0,54,22.12,306.0,122.87,0.0,1.0,40.0,14.0,2022,most_runs
20,Ruturaj Gaikwad,14,14,0,368.0,99,26.29,291.0,126.46,0.0,3.0,33.0,14.0,2022,most_runs
21,Nitish Rana,14,14,1,361.0,57,27.77,251.0,143.82,0.0,2.0,29.0,22.0,2022,most_runs
22,Virat Kohli,16,16,1,341.0,73,22.73,294.0,115.98,0.0,2.0,32.0,8.0,2022,most_runs
23,Rishabh Pant,14,13,2,340.0,44,30.91,224.0,151.78,0.0,0.0,35.0,16.0,2022,most_runs
24,Andre Russell,14,12,3,335.0,70*,37.22,192.0,174.47,0.0,1.0,18.0,32.0,2022,most_runs
25,Rajat Patidar,8,7,1,333.0,112*,55.5,218.0,152.75,1.0,2.0,27.0,18.0,2022,most_runs
26,Dinesh Karthik,16,16,10,330.0,66*,55.0,180.0,183.33,0.0,1.0,27.0,22.0,2022,most_runs
27,Wriddhiman Saha,11,11,1,317.0,68,31.7,259.0,122.39,0.0,3.0,40.0,7.0,2022,most_runs
28,Shimron Hetmyer,15,15,8,314.0,59*,44.86,204.0,153.92,0.0,1.0,21.0,21.0,2022,most_runs
29,Nicholas Pooran,14,13,5,306.0,64*,38.25,212.0,144.33,0.0,2.0,16.0,21.0,2022,most_runs
30,Suryakumar Yadav,8,8,1,303.0,68*,43.29,208.0,145.67,0.0,3.0,23.0,16.0,2022,most_runs
31,Glenn Maxwell,13,13,2,301.0,55,27.36,178.0,169.1,0.0,1.0,31.0,15.0,2022,most_runs
32,Shivam Dube,11,11,1,289.0,95*,28.9,185.0,156.21,0.0,2.0,22.0,16.0,2022,most_runs
33,Prithvi Shaw,10,10,0,283.0,61,28.3,185.0,152.97,0.0,2.0,37.0,10.0,2022,most_runs
34,Ambati Rayudu,13,11,0,274.0,78,24.91,224.0,122.32,0.0,1.0,25.0,15.0,2022,most_runs
35,Rohit Sharma,14,14,0,268.0,48,19.14,223.0,120.17,0.0,0.0,28.0,13.0,2022,most_runs
36,Yashasvi Jaiswal,10,10,0,258.0,68,25.8,194.0,132.98,0.0,2.0,28.0,10.0,2022,most_runs
37,Jonny Bairstow,11,11,0,253.0,66,23.0,175.0,144.57,0.0,2.0,34.0,9.0,2022,most_runs
38,Devon Conway,7,7,1,252.0,87,42.0,173.0,145.66,0.0,3.0,22.0,12.0,2022,most_runs
39,Mitchell Marsh,8,8,0,251.0,89,31.38,189.0,132.8,0.0,2.0,19.0,14.0,2022,most_runs
40,Rovman Powell,14,12,2,250.0,67*,25.0,167.0,149.7,0.0,1.0,10.0,22.0,2022,most_runs
41,Moeen Ali,10,10,0,244.0,93,24.4,177.0,137.85,0.0,1.0,24.0,11.0,2022,most_runs
42,Jitesh Sharma,12,10,2,234.0,44,29.25,143.0,163.63,0.0,0.0,22.0,12.0,2022,most_runs
43,MS Dhoni,14,13,6,232.0,50*,33.14,188.0,123.4,0.0,1.0,21.0,10.0,2022,most_runs
44,Robin Uthappa,12,11,0,230.0,88,20.91,171.0,134.5,0.0,2.0,19.0,14.0,2022,most_runs
45,Shahbaz Ahmed,16,11,3,219.0,45,27.38,181.0,120.99,0.0,0.0,14.0,9.0,2022,most_runs
46,Rahul Tewatia,16,12,5,217.0,43*,31.0,147.0,147.61,0.0,0.0,22.0,9.0,2022,most_runs
47,Kane Williamson,13,13,2,216.0,57,19.64,231.0,93.5,0.0,1.0,16.0,8.0,2022,most_runs
48,Bhanuka Rajapaksa,9,9,0,206.0,43,22.89,129.0,159.68,0.0,0.0,16.0,13.0,2022,most_runs
49,Mayank Agarwal,13,12,0,196.0,52,16.33,160.0,122.5,0.0,1.0,23.0,6.0,2022,most_runs
50,Ravichandran Ashwin,17,12,5,191.0,50,27.29,135.0,141.48,0.0,1.0,14.0,9.0,2022,most_runs
51,Tim David,8,8,3,186.0,46,37.2,86.0,216.27,0.0,0.0,12.0,16.0,2022,most_runs
52,Riyan Parag,17,14,3,183.0,56*,16.64,132.0,138.63,0.0,1.0,11.0,10.0,2022,most_runs
53,Krunal Pandya,14,13,4,183.0,42,20.33,145.0,126.2,0.0,0.0,16.0,4.0,2022,most_runs
54,Axar Patel,13,10,6,182.0,42*,45.5,120.0,151.66,0.0,0.0,12.0,10.0,2022,most_runs
55,Venkatesh Iyer,12,12,1,182.0,50*,16.55,169.0,107.69,0.0,1.0,17.0,7.0,2022,most_runs
56,Rinku Singh,7,7,2,174.0,42*,34.8,117.0,148.71,0.0,0.0,17.0,7.0,2022,most_runs
57,Sam Billings,8,8,1,169.0,36,24.14,138.0,122.46,0.0,0.0,9.0,10.0,2022,most_runs
58,Dewald Brevis,7,7,0,161.0,49,23.0,113.0,142.47,0.0,0.0,14.0,11.0,2022,most_runs
59,Ayush Badoni,13,11,3,161.0,54,20.13,130.0,123.84,0.0,1.0,11.0,7.0,2022,most_runs
60,Lalit Yadav,12,8,1,161.0,48*,23.0,146.0,110.27,0.0,0.0,11.0,7.0,2022,most_runs
61,Matthew Wade,10,10,0,157.0,35,15.7,138.0,113.76,0.0,0.0,23.0,2.0,2022,most_runs
62,Marcus Stoinis,11,10,2,156.0,38*,19.5,106.0,147.16,0.0,0.0,7.0,13.0,2022,most_runs
63,Sai Sudharsan,5,5,1,145.0,65*,36.25,114.0,127.19,0.0,1.0,14.0,3.0,2022,most_runs
64,Kieron Pollard,11,11,1,144.0,25,14.4,134.0,107.46,0.0,0.0,6.0,9.0,2022,most_runs
65,Ajinkya Rahane,7,7,0,133.0,44,19.0,128.0,103.9,0.0,0.0,14.0,4.0,2022,most_runs
66,Anuj Rawat,8,8,0,129.0,66,16.13,118.0,109.32,0.0,1.0,10.0,7.0,2022,most_runs
67,Shardul Thakur,14,10,2,120.0,29*,15.0,87.0,137.93,0.0,0.0,7.0,7.0,2022,most_runs
68,Shahrukh Khan,8,8,1,117.0,26,16.71,108.0,108.33,0.0,0.0,4.0,9.0,2022,most_runs
69,Ravindra Jadeja,10,10,4,116.0,26*,19.33,98.0,118.36,0.0,0.0,6.0,5.0,2022,most_runs
70,Abhinav Manohar,8,7,1,108.0,43,18.0,75.0,144.0,0.0,0.0,14.0,3.0,2022,most_runs
71,Washington Sundar,9,7,0,101.0,40,14.43,69.0,146.37,0.0,0.0,9.0,3.0,2022,most_runs
72,Rashid Khan,16,8,4,91.0,40,22.75,44.0,206.81,0.0,0.0,3.0,9.0,2022,most_runs
73,Sarfaraz Khan,6,5,2,91.0,36*,30.33,67.0,135.82,0.0,0.0,9.0,2.0,2022,most_runs
74,Manish Pandey,6,6,0,88.0,38,14.67,80.0,110.0,0.0,0.0,9.0,2.0,2022,most_runs
75,Mahipal Lomror,7,5,0,86.0,42,17.2,57.0,150.87,0.0,0.0,7.0,4.0,2022,most_runs
76,Aaron Finch,5,5,0,86.0,58,17.2,61.0,140.98,0.0,1.0,10.0,3.0,2022,most_runs
77,Rahul Chahar,13,8,2,77.0,25*,12.83,68.0,113.23,0.0,0.0,7.0,4.0,2022,most_runs
78,Evin Lewis,6,5,2,73.0,55*,24.33,56.0,130.35,0.0,1.0,8.0,3.0,2022,most_runs
79,Sunil Narine,14,10,2,71.0,22,8.88,40.0,177.5,0.0,0.0,6.0,6.0,2022,most_runs
80,Shashank Singh,10,5,1,69.0,25*,17.25,47.0,146.8,0.0,0.0,5.0,4.0,2022,most_runs
81,Suyash S Prabhudessai,5,5,0,67.0,34,13.4,59.0,113.55,0.0,0.0,7.0,2.0,2022,most_runs
82,Pat Cummins,5,5,1,63.0,56*,15.75,24.0,262.5,0.0,1.0,5.0,6.0,2022,most_runs
83,Jaydev Unadkat,5,5,2,59.0,19*,19.67,37.0,159.45,0.0,0.0,4.0,3.0,2022,most_runs
84,Romario Shepherd,3,3,1,58.0,26*,29.0,41.0,141.46,0.0,0.0,2.0,5.0,2022,most_runs
85,Jason Holder,12,8,2,58.0,16,9.67,44.0,131.81,0.0,0.0,2.0,6.0,2022,most_runs
86,Umesh Yadav,12,7,3,55.0,21,13.75,40.0,137.5,0.0,0.0,4.0,4.0,2022,most_runs
87,Odean Smith,6,6,3,51.0,25*,17.0,44.0,115.9,0.0,0.0,1.0,5.0,2022,most_runs
88,Kagiso Rabada,13,8,3,48.0,25,9.6,43.0,111.62,0.0,0.0,5.0,2.0,2022,most_runs
89,Kuldeep Yadav,14,7,6,48.0,16*,48.0,52.0,92.3,0.0,0.0,3.0,2.0,2022,most_runs
90,Priyam Garg,2,2,0,46.0,42,23.0,33.0,139.39,0.0,0.0,4.0,2.0,2022,most_runs
91,Ramandeep Singh,5,4,2,45.0,14*,22.5,40.0,112.5,0.0,0.0,3.0,1.0,2022,most_runs
92,Dwaine Pretorius,6,5,1,44.0,22,11.0,28.0,157.14,0.0,0.0,3.0,3.0,2022,most_runs
93,Dushmantha Chameera,12,8,4,43.0,17,10.75,28.0,153.57,0.0,0.0,3.0,3.0,2022,most_runs
94,Harshal Patel,15,8,3,43.0,11,8.6,39.0,110.25,0.0,0.0,4.0,2.0,2022,most_runs
95,Hrithik Shokeen,5,3,1,43.0,25,21.5,48.0,89.58,0.0,0.0,5.0,0.0,2022,most_runs
96,Trent Boult,16,8,6,40.0,17*,20.0,29.0,137.93,0.0,0.0,2.0,1.0,2022,most_runs
97,Jagadeesan Narayan,2,2,1,40.0,39*,40.0,37.0,108.1,0.0,0.0,3.0,1.0,2022,most_runs
98,Daniel Sams,11,10,3,38.0,15,5.43,36.0,105.55,0.0,0.0,1.0,3.0,2022,most_runs
99,Wanindu Hasaranga,16,7,0,38.0,18,5.43,43.0,88.37,0.0,0.0,4.0,1.0,2022,most_runs
100,Rishi Dhawan,6,4,2,37.0,21*,18.5,40.0,92.5,0.0,0.0,4.0,2.0,2022,most_runs
101,Daryl Mitchell,2,2,0,33.0,17,16.5,44.0,75.0,0.0,0.0,1.0,0.0,2022,most_runs
102,Sherfane Rutherford,3,2,0,33.0,28,16.5,50.0,66.0,0.0,0.0,1.0,1.0,2022,most_runs
103,James Neesham,2,2,0,31.0,17,15.5,27.0,114.81,0.0,0.0,3.0,0.0,2022,most_runs
104,Mohammed Siraj,15,5,3,30.0,14*,15.0,33.0,90.9,0.0,0.0,5.0,0.0,2022,most_runs
105,Tim Seifert,2,2,0,24.0,21,12.0,19.0,126.31,0.0,0.0,4.0,0.0,2022,most_runs
106,Bhuvneshwar Kumar,14,6,3,24.0,8,8.0,26.0,92.3,0.0,0.0,3.0,0.0,2022,most_runs
107,Mohsin Khan,9,3,2,23.0,13*,23.0,16.0,143.75,0.0,0.0,2.0,1.0,2022,most_runs
108,Dwayne Bravo,10,6,4,23.0,12,11.5,24.0,95.83,0.0,0.0,1.0,1.0,2022,most_runs
109,Sheldon Jackson,5,5,1,23.0,8,5.75,26.0,88.46,0.0,0.0,0.0,1.0,2022,most_runs
110,Avesh Khan,13,4,3,22.0,12,22.0,13.0,169.23,0.0,0.0,0.0,3.0,2022,most_runs
111,Rassie van der Dussen,3,3,1,22.0,12*,11.0,24.0,91.66,0.0,0.0,2.0,0.0,2022,most_runs
112,Harpreet Brar,5,3,0,22.0,14,7.33,25.0,88.0,0.0,0.0,1.0,2.0,2022,most_runs
113,Mitchell Santner,6,4,2,22.0,11,11.0,27.0,81.48,0.0,0.0,3.0,0.0,2022,most_runs
114,Arshdeep Singh,14,6,3,21.0,10*,7.0,29.0,72.41,0.0,0.0,3.0,0.0,2022,most_runs
115,B Indrajith,3,3,0,21.0,15,7.0,30.0,70.0,0.0,0.0,2.0,0.0,2022,most_runs
116,Manan Vohra,2,1,0,19.0,19,19.0,11.0,172.72,0.0,0.0,1.0,2.0,2022,most_runs
117,Vijay Shankar,4,4,0,19.0,13,4.75,35.0,54.28,0.0,0.0,1.0,0.0,2022,most_runs
118,Mandeep Singh,3,3,0,18.0,18,6.0,23.0,78.26,0.0,0.0,4.0,0.0,2022,most_runs
119,Josh Hazlewood,12,5,5,18.0,7*,0.0,26.0,69.23,0.0,0.0,1.0,0.0,2022,most_runs
120,David Willey,4,2,0,18.0,18,9.0,30.0,60.0,0.0,0.0,3.0,0.0,2022,most_runs
121,Karun Nair,3,2,0,16.0,13,8.0,18.0,88.88,0.0,0.0,1.0,0.0,2022,most_runs
122,Simran Singh,1,1,0,14.0,14,14.0,11.0,127.27,0.0,0.0,2.0,0.0,2022,most_runs
123,Anmolpreet Singh,2,2,0,13.0,8,6.5,13.0,100.0,0.0,0.0,1.0,0.0,2022,most_runs
124,Murugan Ashwin,8,5,2,12.0,6,4.0,14.0,85.71,0.0,0.0,1.0,1.0,2022,most_runs
125,Varun Chakaravarthy,11,4,4,12.0,10*,0.0,18.0,66.66,0.0,0.0,2.0,0.0,2022,most_runs
126,Chris Jordan,4,2,1,11.0,6*,11.0,8.0,137.5,0.0,0.0,0.0,0.0,2022,most_runs
127,Rajangad Bawa,2,2,0,11.0,11,5.5,14.0,78.57,0.0,0.0,1.0,0.0,2022,most_runs
128,Shreyas Gopal,1,1,1,9.0,9*,0.0,7.0,128.57,0.0,0.0,2.0,0.0,2022,most_runs
129,Marco Jansen,8,3,2,9.0,8*,9.0,7.0,128.57,0.0,0.0,0.0,1.0,2022,most_runs
130,Obed McCoy,7,1,0,8.0,8,8.0,5.0,160.0,0.0,0.0,0.0,1.0,2022,most_runs
131,Srikar Bharat,2,2,0,8.0,8,4.0,7.0,114.28,0.0,0.0,2.0,0.0,2022,most_runs
132,Fabian Allen,1,1,0,8.0,8,8.0,7.0,114.28,0.0,0.0,1.0,0.0,2022,most_runs
133,Sean Abbott,1,1,0,7.0,7,7.0,5.0,140.0,0.0,0.0,0.0,1.0,2022,most_runs
134,Rasikh Salam,2,1,0,7.0,7,7.0,6.0,116.66,0.0,0.0,1.0,0.0,2022,most_runs
135,Kartik Tyagi,2,2,0,7.0,7,3.5,6.0,116.66,0.0,0.0,1.0,0.0,2022,most_runs
136,Maheesh Theekshana,9,2,1,7.0,7*,7.0,7.0,100.0,0.0,0.0,0.0,1.0,2022,most_runs
137,Simarjeet Singh,6,3,2,7.0,3*,7.0,8.0,87.5,0.0,0.0,0.0,0.0,2022,most_runs
138,Ripal Patel,2,1,0,6.0,6,6.0,3.0,200.0,0.0,0.0,0.0,1.0,2022,most_runs
139,Mukesh Choudhary,13,2,1,6.0,4,6.0,6.0,100.0,0.0,0.0,1.0,0.0,2022,most_runs
140,Prasidh Krishna,17,3,2,6.0,4*,6.0,12.0,50.0,0.0,0.0,0.0,0.0,2022,most_runs
141,Aman Khan,1,1,0,5.0,5,5.0,3.0,166.66,0.0,0.0,1.0,0.0,2022,most_runs
142,Lockie Ferguson,13,3,1,5.0,5,2.5,4.0,125.0,0.0,0.0,1.0,0.0,2022,most_runs
143,Alzarri Joseph,9,3,2,5.0,4*,5.0,7.0,71.42,0.0,0.0,0.0,0.0,2022,most_runs
144,Yuzvendra Chahal,17,2,1,5.0,5,5.0,8.0,62.5,0.0,0.0,0.0,0.0,2022,most_runs
145,Vaibhav Arora,5,4,2,5.0,2*,2.5,13.0,38.46,0.0,0.0,0.0,0.0,2022,most_runs
146,Prerak Mankad,1,1,1,4.0,4*,0.0,1.0,400.0,0.0,0.0,1.0,0.0,2022,most_runs
147,Karan Sharma,1,1,0,4.0,4,4.0,4.0,100.0,0.0,0.0,1.0,0.0,2022,most_runs
148,Abdul Samad,2,2,0,4.0,4,2.0,7.0,57.14,0.0,0.0,0.0,0.0,2022,most_runs
149,Abhijeet Tomar,1,1,0,4.0,4,4.0,8.0,50.0,0.0,0.0,1.0,0.0,2022,most_runs
150,Umran Malik,14,4,3,4.0,3*,4.0,8.0,50.0,0.0,0.0,0.0,0.0,2022,most_runs
151,Mustafizur Rahman,8,1,1,3.0,3*,0.0,5.0,60.0,0.0,0.0,0.0,0.0,2022,most_runs
152,Kumar Kartikeya Singh,4,1,0,3.0,3,3.0,5.0,60.0,0.0,0.0,0.0,0.0,2022,most_runs
153,Shivam Mavi,6,3,1,3.0,2,1.5,7.0,42.85,0.0,0.0,0.0,0.0,2022,most_runs
154,Harshit Rana,2,2,1,2.0,2,2.0,2.0,100.0,0.0,0.0,0.0,0.0,2022,most_runs
155,Navdeep Saini,2,1,0,2.0,2,2.0,2.0,100.0,0.0,0.0,0.0,0.0,2022,most_runs
156,Tristan Stubbs,2,2,0,2.0,2,1.0,4.0,50.0,0.0,0.0,0.0,0.0,2022,most_runs
157,Pradeep Sangwan,3,1,0,2.0,2,2.0,5.0,40.0,0.0,0.0,0.0,0.0,2022,most_runs
158,Fazalhaq Farooqi,3,1,1,2.0,2*,0.0,8.0,25.0,0.0,0.0,0.0,0.0,2022,most_runs
159,Jagadeesha Suchith,5,2,0,2.0,2,1.0,8.0,25.0,0.0,0.0,0.0,0.0,2022,most_runs
160,Tim Southee,9,5,1,2.0,1*,0.5,12.0,16.66,0.0,0.0,0.0,0.0,2022,most_runs
161,Nathan Coulter-Nile,1,1,1,1.0,1*,0.0,2.0,50.0,0.0,0.0,0.0,0.0,2022,most_runs
162,Anrich Nortje,6,1,1,1.0,1*,0.0,6.0,16.66,0.0,0.0,0.0,0.0,2022,most_runs
