POS,player,matches,innings,overs,runs_conceded,wickets,best_bowling,bowl_avg,economy,bowl_sr,four_wickets,five_wickets,season,source
1,Sohail Tanvir,11,11,41.1,266.0,22.0,6/14,12.09,6.46,11.22,1,1,2008,most_wickets
2,Shane Warne,15,15,52.0,404.0,19.0,3/19,21.26,7.76,16.42,0,0,2008,most_wickets
3,Shanthakumaran Sreesanth,15,15,51.1,442.0,19.0,3/29,23.26,8.63,16.15,0,0,2008,most_wickets
4,Shane Watson,15,15,54.1,383.0,17.0,3/10,22.52,7.07,19.11,0,0,2008,most_wickets
5,Manpreet Gony,16,16,60.0,443.0,17.0,3/34,26.05,7.38,21.17,0,0,2008,most_wickets
6,Piyush Chawla,15,15,46.5,389.0,17.0,3/25,22.88,8.3,16.52,0,0,2008,most_wickets
7,Albie Morkel,13,13,48.0,399.0,17.0,4/32,23.47,8.31,16.94,1,0,2008,most_wickets
8,Yo Mahesh,11,11,42.1,370.0,16.0,4/36,23.12,8.77,15.81,1,0,2008,most_wickets
9,Irfan Pathan,14,14,53.0,350.0,15.0,2/18,23.33,6.6,21.2,0,0,2008,most_wickets
10,MF Maharoof,10,10,36.0,249.0,15.0,3/34,16.6,6.91,14.4,0,0,2008,most_wickets
11,RP Singh,14,14,51.2,442.0,15.0,3/35,29.46,8.61,20.53,0,0,2008,most_wickets
12,Munaf Patel,15,15,55.0,420.0,14.0,3/17,30.0,7.63,23.57,0,0,2008,most_wickets
13,Siddharth Trivedi,15,15,48.0,399.0,13.0,2/25,30.69,8.31,22.15,0,0,2008,most_wickets
14,Zaheer Khan,11,11,42.0,357.0,13.0,3/38,27.46,8.5,19.38,0,0,2008,most_wickets
15,Glenn McGrath,14,14,54.0,357.0,12.0,4/29,29.75,6.61,27.0,1,0,2008,most_wickets
16,Ashish Nehra,14,14,44.5,348.0,12.0,3/13,29.0,7.76,22.41,0,0,2008,most_wickets
17,Umar Gul,6,6,22.3,184.0,12.0,4/23,15.33,8.17,11.25,1,0,2008,most_wickets
18,Shaun Pollock,13,13,46.0,301.0,11.0,3/12,27.36,6.54,25.09,0,0,2008,most_wickets
19,Muttiah Muralitharan,15,15,58.0,404.0,11.0,2/39,36.72,6.96,31.63,0,0,2008,most_wickets
20,Amit Mishra,6,6,19.5,142.0,11.0,5/17,12.9,7.15,10.81,0,1,2008,most_wickets
21,Pragyan Ojha,13,12,37.0,284.0,11.0,2/18,25.81,7.67,20.18,0,0,2008,most_wickets
22,Dhawal Kulkarni,10,10,29.3,236.0,11.0,3/33,21.45,8.0,16.09,0,0,2008,most_wickets
23,Dwayne Bravo,9,9,28.3,232.0,11.0,3/24,21.09,8.14,15.54,0,0,2008,most_wickets
24,Praveen Kumar,13,13,44.4,366.0,11.0,3/23,33.27,8.19,24.36,0,0,2008,most_wickets
25,Lakshmipathy Balaji,9,9,33.0,286.0,11.0,5/24,26.0,8.66,18.0,0,1,2008,most_wickets
26,Vikram Singh,13,13,48.0,420.0,11.0,3/29,38.18,8.75,26.18,0,0,2008,most_wickets
27,Dale Steyn,10,10,38.0,252.0,10.0,3/27,25.2,6.63,22.8,0,0,2008,most_wickets
28,Dilhara Fernando,5,5,20.0,160.0,10.0,4/18,16.0,8.0,12.0,1,0,2008,most_wickets
29,Shahid Afridi,10,10,30.0,225.0,9.0,3/28,25.0,7.5,20.0,0,0,2008,most_wickets
30,Ashok Dinda,13,12,38.0,258.0,8.0,3/33,32.25,6.78,28.5,0,0,2008,most_wickets
31,Ishant Sharma,13,13,43.1,331.0,8.0,2/9,41.37,7.66,32.37,0,0,2008,most_wickets
32,Ajit Agarkar,9,9,26.0,207.0,8.0,3/25,25.87,7.96,19.5,0,0,2008,most_wickets
33,Yusuf Pathan,16,13,28.1,230.0,8.0,3/22,28.75,8.16,21.12,0,0,2008,most_wickets
34,Mohammad Asif,8,8,32.0,296.0,8.0,2/19,37.0,9.25,24.0,0,0,2008,most_wickets
35,Joginder Sharma,8,7,24.4,239.0,8.0,2/27,29.87,9.68,18.5,0,0,2008,most_wickets
36,Makhaya Ntini,9,9,35.0,242.0,7.0,4/21,34.57,6.91,30.0,1,0,2008,most_wickets
37,Anil Kumble,10,10,38.2,304.0,7.0,3/14,43.42,7.93,32.85,0,0,2008,most_wickets
38,James Hopes,11,11,28.0,276.0,7.0,2/2,39.42,9.85,24.0,0,0,2008,most_wickets
39,Palani Amarnath,6,6,22.0,236.0,7.0,2/29,33.71,10.72,18.85,0,0,2008,most_wickets
40,Sourav Ganguly,13,7,20.0,128.0,6.0,2/21,21.33,6.4,20.0,0,0,2008,most_wickets
41,Rajat Bhatia,9,9,22.0,183.0,6.0,2/17,30.5,8.31,22.0,0,0,2008,most_wickets
42,Laxmi Ratan Shukla,13,9,12.0,124.0,6.0,3/6,20.66,10.33,12.0,0,0,2008,most_wickets
43,Dwayne Smith,4,4,11.0,83.0,5.0,3/26,16.6,7.54,13.2,0,0,2008,most_wickets
44,Shoaib Akhtar,3,3,7.0,54.0,5.0,4/11,10.8,7.71,8.4,1,0,2008,most_wickets
45,Vinay Kumar,8,8,23.0,182.0,5.0,3/27,36.4,7.91,27.6,0,0,2008,most_wickets
46,Harbhajan Singh,3,3,10.0,82.0,5.0,3/32,16.4,8.2,12.0,0,0,2008,most_wickets
47,Rohan Raje,6,6,16.2,137.0,5.0,2/16,27.4,8.38,19.6,0,0,2008,most_wickets
48,Chaminda Vaas,5,5,17.0,145.0,5.0,2/9,29.0,8.52,20.4,0,0,2008,most_wickets
49,Pradeep Sangwan,7,7,24.0,215.0,5.0,2/29,43.0,8.95,28.8,0,0,2008,most_wickets
50,Brett Lee,4,4,16.0,112.0,4.0,1/9,28.0,7.0,24.0,0,0,2008,most_wickets
51,Sanath Jayasuriya,14,8,21.0,159.0,4.0,3/14,39.75,7.57,31.5,0,0,2008,most_wickets
52,Paidikalva Vijaykumar,9,9,25.2,199.0,4.0,1/17,49.75,7.85,38.0,0,0,2008,most_wickets
53,Sanjay Bangar,11,9,25.0,219.0,4.0,2/34,54.75,8.76,37.5,0,0,2008,most_wickets
54,Jacques Kallis,11,11,34.2,311.0,4.0,2/39,77.75,9.05,51.5,0,0,2008,most_wickets
55,Dominic Thornely,6,4,7.0,40.0,3.0,2/7,13.33,5.71,14.0,0,0,2008,most_wickets
56,Scott Styris,8,8,27.0,199.0,3.0,1/24,66.33,7.37,54.0,0,0,2008,most_wickets
57,Ramesh Powar,5,5,12.0,91.0,3.0,2/22,30.33,7.58,24.0,0,0,2008,most_wickets
58,Murali Kartik,6,5,14.4,127.0,3.0,3/17,42.33,8.65,29.33,0,0,2008,most_wickets
59,Yuvraj Singh,15,6,9.0,83.0,3.0,2/12,27.66,9.22,18.0,0,0,2008,most_wickets
60,Jacob Oram,4,4,16.0,149.0,3.0,3/32,49.66,9.31,32.0,0,0,2008,most_wickets
61,Gajendra Singh,4,4,14.0,141.0,3.0,1/33,47.0,10.07,28.0,0,0,2008,most_wickets
62,Virender Sehwag,14,7,11.0,133.0,3.0,1/2,44.33,12.09,22.0,0,0,2008,most_wickets
63,Daniel Vettori,2,2,8.0,54.0,2.0,1/19,27.0,6.75,24.0,0,0,2008,most_wickets
64,Dimitri Mascarenhas,1,1,4.0,29.0,2.0,2/29,14.5,7.25,12.0,0,0,2008,most_wickets
65,Balachandra Akhil,7,6,17.2,134.0,2.0,2/17,67.0,7.73,52.0,0,0,2008,most_wickets
66,Virat Kohli,13,4,7.4,61.0,2.0,2/25,30.5,7.95,23.0,0,0,2008,most_wickets
67,Nuwan Zoysa,3,3,11.0,99.0,2.0,1/30,49.5,9.0,33.0,0,0,2008,most_wickets
68,Venugopal Rao,11,7,14.0,137.0,2.0,2/25,68.5,9.78,42.0,0,0,2008,most_wickets
69,Siddharth Chitnis,3,2,6.0,60.0,2.0,2/40,30.0,10.0,18.0,0,0,2008,most_wickets
70,Shoaib Malik,7,5,8.3,85.0,2.0,1/6,42.5,10.0,25.5,0,0,2008,most_wickets
71,David Hussey,13,5,13.0,130.0,2.0,1/23,65.0,10.0,39.0,0,0,2008,most_wickets
72,Musavir Khote,4,2,5.0,51.0,2.0,2/29,25.5,10.2,15.0,0,0,2008,most_wickets
73,Doddapaneni Kalyankrishna,3,3,8.0,87.0,2.0,1/30,43.5,10.87,24.0,0,0,2008,most_wickets
74,Tillakaratne Dilshan,7,1,1.0,3.0,1.0,1/3,3.0,3.0,6.0,0,0,2008,most_wickets
75,Mohammad Hafeez,8,2,5.0,24.0,1.0,1/8,24.0,4.8,30.0,0,0,2008,most_wickets
76,Ajantha Mendis,1,1,4.0,24.0,1.0,1/24,24.0,6.0,24.0,0,0,2008,most_wickets
77,Rohit Sharma,13,1,4.0,25.0,1.0,1/25,25.0,6.25,24.0,0,0,2008,most_wickets
78,PM Sarvesh Kumar,2,2,5.0,42.0,1.0,1/18,42.0,8.4,30.0,0,0,2008,most_wickets
79,Sunil Joshi,4,4,9.1,82.0,1.0,1/27,82.0,8.94,55.0,0,0,2008,most_wickets
80,Suresh Raina,16,2,3.2,30.0,1.0,1/20,30.0,9.0,20.0,0,0,2008,most_wickets
81,Dwaraka Ravi Teja,7,1,2.0,19.0,1.0,1/19,19.0,9.5,12.0,0,0,2008,most_wickets
82,Abhishek Nayar,14,5,7.0,68.0,1.0,1/18,68.0,9.71,42.0,0,0,2008,most_wickets
83,Dinesh Salunkhe,6,5,7.5,78.0,1.0,1/21,78.0,9.95,47.0,0,0,2008,most_wickets
84,Ashley Noffke,1,1,4.0,40.0,1.0,1/40,40.0,10.0,24.0,0,0,2008,most_wickets
85,Andre Nel,1,1,3.0,31.0,1.0,1/31,31.0,10.33,18.0,0,0,2008,most_wickets
86,Vidyut Sivaramakrishnan,9,1,2.0,22.0,1.0,1/22,22.0,11.0,12.0,0,0,2008,most_wickets
87,Brett Geeves,2,2,8.0,91.0,1.0,1/50,91.0,11.37,48.0,0,0,2008,most_wickets
88,Wilkin Mota,4,2,3.0,36.0,1.0,1/24,36.0,12.0,18.0,0,0,2008,most_wickets
89,Iqbal Abdulla,1,1,3.0,22.0,0.0,0/22,0.0,7.33,0.0,0,0,2008,most_wickets
90,Ravindra Jadeja,14,2,2.1,21.0,0.0,0/0,0.0,9.69,0.0,0,0,2008,most_wickets
91,Pankaj Singh,5,5,12.0,129.0,0.0,0/12,0.0,10.75,0.0,0,0,2008,most_wickets
92,Vikrant Yeligati,2,2,5.0,59.0,0.0,0/16,0.0,11.8,0.0,0,0,2008,most_wickets
93,Karan Goel,7,1,2.0,25.0,0.0,0/25,0.0,12.5,0.0,0,0,2008,most_wickets
94,Abdur Razzak,1,1,2.0,29.0,0.0,0/29,0.0,14.5,0.0,0,0,2008,most_wickets
95,Andrew Symonds,4,3,6.5,101.0,0.0,0/20,0.0,14.78,0.0,0,0,2008,most_wickets
96,Chamara Kapugedera,5,3,2.5,49.0,0.0,0/8,0.0,17.29,0.0,0,0,2008,most_wickets
97,LPC Silva,3,1,1.0,21.0,0.0,0/21,0.0,21.0,0.0,0,0,2008,most_wickets
98,Cameron White,8,1,1.0,24.0,0.0,0/24,0.0,24.0,0.0,0,0,2008,most_wickets
1,RP Singh,16,16,59.4,417.0,23.0,4/22,18.13,6.98,15.56,1,0,2009,most_wickets
2,Anil Kumble,16,16,59.1,347.0,21.0,5/5,16.52,5.86,16.9,1,1,2009,most_wickets
3,Lasith Malinga,13,13,49.3,312.0,18.0,3/11,17.33,6.3,16.5,0,0,2009,most_wickets
4,Pragyan Ojha,15,15,53.3,348.0,18.0,3/21,19.33,6.5,17.83,0,0,2009,most_wickets
5,Irfan Pathan,14,14,50.2,390.0,17.0,3/35,22.94,7.74,17.76,0,0,2009,most_wickets
6,Munaf Patel,11,11,34.5,241.0,16.0,2/14,15.06,6.91,13.06,0,0,2009,most_wickets
7,Muttiah Muralitharan,13,13,50.0,261.0,14.0,3/11,18.64,5.22,21.42,0,0,2009,most_wickets
8,Amit Mishra,11,11,42.1,294.0,14.0,3/14,21.0,6.97,18.07,0,0,2009,most_wickets
9,Shane Warne,13,13,50.0,365.0,14.0,3/24,26.07,7.3,21.42,0,0,2009,most_wickets
10,Yusuf Abdulla,9,9,28.0,241.0,14.0,4/31,17.21,8.6,12.0,2,0,2009,most_wickets
11,Shadab Jakati,9,8,29.0,217.0,13.0,4/22,16.69,7.48,13.38,2,0,2009,most_wickets
12,Praveen Kumar,13,13,49.4,394.0,13.0,3/30,30.3,7.93,22.92,0,0,2009,most_wickets
13,Albie Morkel,12,12,40.0,324.0,13.0,2/13,24.92,8.1,18.46,0,0,2009,most_wickets
14,Lakshmipathy Balaji,13,13,37.2,316.0,13.0,4/21,24.3,8.46,17.23,1,0,2009,most_wickets
15,Harbhajan Singh,13,13,44.0,256.0,12.0,4/17,21.33,5.81,22.0,1,0,2009,most_wickets
16,Piyush Chawla,14,14,44.5,308.0,12.0,2/22,25.66,6.86,22.41,0,0,2009,most_wickets
17,Ishant Sharma,11,11,43.0,297.0,11.0,2/15,27.0,6.9,23.45,0,0,2009,most_wickets
18,Ishant Sharma,11,11,43.0,297.0,11.0,2/15,27.0,6.9,23.45,0,0,2009,most_wickets
19,Rohit Sharma,16,12,23.0,161.0,11.0,4/6,14.63,7.0,12.54,1,0,2009,most_wickets
20,Dwayne Bravo,11,11,33.1,259.0,11.0,3/34,23.54,7.8,18.09,0,0,2009,most_wickets
21,Amit Singh,5,5,17.3,95.0,9.0,4/19,10.55,5.42,11.66,1,0,2009,most_wickets
22,Roelof van der Merwe,10,10,34.0,248.0,9.0,2/22,27.55,7.29,22.66,0,0,2009,most_wickets
23,Vinay Kumar,11,11,32.2,271.0,9.0,2/30,30.11,8.38,21.55,0,0,2009,most_wickets
24,Suresh Raina,14,10,27.4,164.0,7.0,2/17,23.42,5.92,23.71,0,0,2009,most_wickets
25,Andrew Symonds,8,8,24.0,160.0,7.0,2/18,22.85,6.66,20.57,0,0,2009,most_wickets
26,Yusuf Pathan,13,11,35.0,243.0,7.0,3/34,34.71,6.94,30.0,0,0,2009,most_wickets
27,Brad Hodge,12,9,20.0,161.0,7.0,3/29,23.0,8.05,17.14,0,0,2009,most_wickets
28,Sanath Jayasuriya,12,9,19.0,163.0,7.0,2/3,23.28,8.57,16.28,0,0,2009,most_wickets
29,Ravindra Jadeja,13,10,23.2,151.0,6.0,3/15,25.16,6.47,23.33,0,0,2009,most_wickets
30,Zaheer Khan,6,6,21.0,142.0,6.0,3/31,23.66,6.76,21.0,0,0,2009,most_wickets
31,Dimitri Mascarenhas,5,5,19.2,132.0,6.0,3/20,22.0,6.82,19.33,0,0,2009,most_wickets
32,Kamran Khan,5,5,17.4,124.0,6.0,3/18,20.66,7.01,17.66,0,0,2009,most_wickets
33,Yuvraj Singh,14,9,20.0,142.0,6.0,3/13,23.66,7.1,20.0,0,0,2009,most_wickets
34,Ryan Harris,8,8,31.0,230.0,6.0,3/27,38.33,7.41,31.0,0,0,2009,most_wickets
35,Siddharth Trivedi,7,7,20.0,152.0,6.0,2/19,25.33,7.6,20.0,0,0,2009,most_wickets
36,Jacques Kallis,15,14,46.0,353.0,6.0,2/18,58.83,7.67,46.0,0,0,2009,most_wickets
37,Shanthakumaran Sreesanth,7,7,23.0,192.0,6.0,2/20,32.0,8.34,23.0,0,0,2009,most_wickets
38,Ajit Agarkar,11,11,31.0,284.0,6.0,2/15,47.33,9.16,31.0,0,0,2009,most_wickets
39,Brett Lee,5,5,20.0,111.0,5.0,3/15,22.2,5.55,24.0,0,0,2009,most_wickets
40,Ramesh Powar,9,8,21.0,132.0,5.0,2/11,26.4,6.28,25.2,0,0,2009,most_wickets
41,Sudeep Tyagi,8,8,19.0,136.0,5.0,2/18,27.2,7.15,22.8,0,0,2009,most_wickets
42,Tirumalasetti Suman,12,5,15.0,108.0,5.0,2/14,21.6,7.2,18.0,0,0,2009,most_wickets
43,Dhawal Kulkarni,8,8,26.0,206.0,5.0,1/21,41.2,7.92,31.2,0,0,2009,most_wickets
44,Scott Styris,2,2,8.0,64.0,5.0,3/32,12.8,8.0,9.6,0,0,2009,most_wickets
45,Jacob Oram,11,7,15.3,133.0,5.0,2/12,26.6,8.58,18.6,0,0,2009,most_wickets
46,Shoaib Ahmed,7,7,17.0,152.0,5.0,2/20,30.4,8.94,20.4,0,0,2009,most_wickets
47,Manpreet Gony,7,7,17.0,172.0,5.0,2/32,34.4,10.11,20.4,0,0,2009,most_wickets
48,JP Duminy,13,6,17.3,93.0,4.0,2/15,23.25,5.31,26.25,0,0,2009,most_wickets
49,Murali Kartik,10,10,34.0,201.0,4.0,2/28,50.25,5.91,51.0,0,0,2009,most_wickets
50,Kevin Pietersen,6,4,13.0,85.0,4.0,2/31,21.25,6.53,19.5,0,0,2009,most_wickets
51,Abhishek Nayar,13,4,12.0,84.0,4.0,3/13,21.0,7.0,18.0,0,0,2009,most_wickets
52,Balachandra Akhil,6,5,11.0,80.0,4.0,2/18,20.0,7.27,16.5,0,0,2009,most_wickets
53,Dillon du Preez,2,2,7.0,56.0,4.0,3/32,14.0,8.0,10.5,0,0,2009,most_wickets
54,Ashok Dinda,9,8,24.0,193.0,4.0,1/24,48.25,8.04,36.0,0,0,2009,most_wickets
55,Venugopal Rao,16,6,15.0,122.0,4.0,2/23,30.5,8.13,22.5,0,0,2009,most_wickets
56,Chaminda Vaas,2,2,8.0,71.0,4.0,2/19,17.75,8.87,12.0,0,0,2009,most_wickets
57,Charl Langeveldt,1,1,4.0,15.0,3.0,3/15,5.0,3.75,8.0,0,0,2009,most_wickets
58,Johan Botha,3,3,12.0,74.0,3.0,2/19,24.66,6.16,24.0,0,0,2009,most_wickets
59,Jesse Ryder,5,5,17.0,115.0,3.0,2/14,38.33,6.76,34.0,0,0,2009,most_wickets
60,Wilkin Mota,8,5,9.0,61.0,3.0,1/6,20.33,6.77,18.0,0,0,2009,most_wickets
61,Laxmi Ratan Shukla,9,5,14.0,100.0,3.0,3/25,33.33,7.14,28.0,0,0,2009,most_wickets
62,Shane Harwood,3,3,10.0,73.0,3.0,2/25,24.33,7.3,20.0,0,0,2009,most_wickets
63,Ajantha Mendis,4,4,16.0,117.0,3.0,2/19,39.0,7.31,32.0,0,0,2009,most_wickets
64,Thilan Thushara,2,2,8.0,60.0,3.0,2/28,20.0,7.5,16.0,0,0,2009,most_wickets
65,Harmeet Singh Bansal,7,7,22.5,192.0,3.0,2/23,64.0,8.4,45.66,0,0,2009,most_wickets
66,Ravichandran Ashwin,2,1,4.0,13.0,2.0,2/13,6.5,3.25,12.0,0,0,2009,most_wickets
67,Dale Steyn,3,3,9.0,62.0,2.0,1/21,31.0,6.88,27.0,0,0,2009,most_wickets
68,Chetanya Nanda,3,3,8.0,57.0,2.0,1/4,28.5,7.12,24.0,0,0,2009,most_wickets
69,KP Appanna,5,5,12.0,87.0,2.0,1/24,43.5,7.25,36.0,0,0,2009,most_wickets
70,Sourav Ganguly,13,6,12.0,97.0,2.0,2/24,48.5,8.08,36.0,0,0,2009,most_wickets
71,Joginder Sharma,4,4,7.0,57.0,2.0,1/10,28.5,8.14,21.0,0,0,2009,most_wickets
72,Vikramjeet Malik,5,5,12.0,98.0,2.0,1/12,49.0,8.16,36.0,0,0,2009,most_wickets
73,Moises Henriques,4,4,12.1,107.0,2.0,1/32,53.5,8.79,36.5,0,0,2009,most_wickets
74,Pankaj Singh,3,3,7.0,65.0,2.0,2/31,32.5,9.28,21.0,0,0,2009,most_wickets
75,Anureet Singh,3,2,5.0,47.0,2.0,2/35,23.5,9.4,15.0,0,0,2009,most_wickets
76,Andrew Flintoff,3,3,11.0,105.0,2.0,1/11,52.5,9.54,33.0,0,0,2009,most_wickets
77,Ajinkya Rahane,8,1,1.0,5.0,1.0,1/5,5.0,5.0,6.0,0,0,2009,most_wickets
78,Lee Carseldine,5,1,1.0,6.0,1.0,1/6,6.0,6.0,6.0,0,0,2009,most_wickets
79,Tyron Henderson,2,2,6.0,40.0,1.0,1/30,40.0,6.66,36.0,0,0,2009,most_wickets
80,Graham Napier,1,1,4.0,27.0,1.0,1/27,27.0,6.75,24.0,0,0,2009,most_wickets
81,Chris Gayle,7,7,18.5,144.0,1.0,1/21,144.0,7.64,113.0,0,0,2009,most_wickets
82,Dwayne Smith,8,8,14.0,124.0,1.0,1/25,124.0,8.85,84.0,0,0,2009,most_wickets
83,Vikram Singh,5,4,9.0,82.0,1.0,1/22,82.0,9.11,54.0,0,0,2009,most_wickets
84,Rohan Raje,4,4,6.5,72.0,1.0,1/25,72.0,10.53,41.0,0,0,2009,most_wickets
85,Ravi Bopara,5,2,1.2,5.0,0.0,0/1,0.0,3.75,0.0,0,0,2009,most_wickets
86,Morne Morkel,2,2,7.0,40.0,0.0,0/20,0.0,5.71,0.0,0,0,2009,most_wickets
87,Karan Goel,9,4,8.0,61.0,0.0,0/11,0.0,7.62,0.0,0,0,2009,most_wickets
88,Virat Kohli,16,3,6.0,46.0,0.0,0/9,0.0,7.66,0.0,0,0,2009,most_wickets
89,David Hussey,4,3,4.0,34.0,0.0,0/6,0.0,8.5,0.0,0,0,2009,most_wickets
90,Abhishek Raut,9,4,4.0,36.0,0.0,0/6,0.0,9.0,0.0,0,0,2009,most_wickets
91,Sachin Tendulkar,13,4,6.0,58.0,0.0,0/7,0.0,9.66,0.0,0,0,2009,most_wickets
92,Abhimanyu Mithun,1,1,4.0,42.0,0.0,0/42,0.0,10.5,0.0,0,0,2009,most_wickets
93,Jaskaran Singh,2,1,3.0,32.0,0.0,0/32,0.0,10.66,0.0,0,0,2009,most_wickets
94,Rahil Shaikh,1,1,1.0,11.0,0.0,0/11,0.0,11.0,0.0,0,0,2009,most_wickets
95,Ranadeb Bose,1,1,2.0,24.0,0.0,0/24,0.0,12.0,0.0,0,0,2009,most_wickets
96,Ross Taylor,11,1,1.0,13.0,0.0,0/13,0.0,13.0,0.0,0,0,2009,most_wickets
97,Angelo Mathews,1,1,2.2,31.0,0.0,0/31,0.0,13.28,0.0,0,0,2009,most_wickets
98,Mashrafe Mortaza,1,1,4.0,58.0,0.0,0/58,0.0,14.5,0.0,0,0,2009,most_wickets
1,Pragyan Ojha,16,16,58.5,429.0,21.0,3/26,20.42,7.29,16.8,0,0,2010,most_wickets
2,Anil Kumble,16,16,63.2,407.0,17.0,4/16,23.94,6.42,22.35,1,0,2010,most_wickets
3,Amit Mishra,14,14,53.0,363.0,17.0,3/25,21.35,6.84,18.7,0,0,2010,most_wickets
4,Harbhajan Singh,15,14,53.3,377.0,17.0,3/31,22.17,7.04,18.88,0,0,2010,most_wickets
5,Vinay Kumar,14,14,46.1,396.0,16.0,4/40,24.75,8.57,17.31,1,0,2010,most_wickets
6,Muttiah Muralitharan,12,12,48.0,329.0,15.0,3/16,21.93,6.85,19.2,0,0,2010,most_wickets
7,Dale Steyn,15,15,59.0,406.0,15.0,3/18,27.06,6.88,23.6,0,0,2010,most_wickets
8,Lasith Malinga,13,13,49.0,344.0,15.0,4/22,22.93,7.02,19.6,1,0,2010,most_wickets
9,Kieron Pollard,14,12,37.0,274.0,15.0,3/17,18.26,7.4,14.8,0,0,2010,most_wickets
10,Zaheer Khan,14,14,48.2,376.0,15.0,3/21,25.06,7.77,19.33,0,0,2010,most_wickets
11,Irfan Pathan,14,14,46.2,426.0,15.0,3/24,28.4,9.19,18.53,0,0,2010,most_wickets
12,Ryan Harris,8,8,30.4,233.0,14.0,3/18,16.64,7.59,13.14,0,0,2010,most_wickets
13,Ravichandran Ashwin,12,12,48.0,293.0,13.0,3/16,22.53,6.1,22.15,0,0,2010,most_wickets
14,Shadab Jakati,11,11,38.0,291.0,13.0,2/17,22.38,7.65,17.53,0,0,2010,most_wickets
15,Jacques Kallis,16,16,57.0,476.0,13.0,2/3,36.61,8.35,26.3,0,0,2010,most_wickets
16,RP Singh,12,12,42.0,370.0,13.0,3/17,28.46,8.8,19.38,0,0,2010,most_wickets
17,Doug Bollinger,8,8,31.0,207.0,12.0,4/13,17.25,6.67,15.5,1,0,2010,most_wickets
18,Andrew Symonds,16,16,53.0,372.0,12.0,3/21,31.0,7.01,26.5,0,0,2010,most_wickets
19,Piyush Chawla,14,14,49.0,367.0,12.0,3/24,30.58,7.48,24.5,0,0,2010,most_wickets
20,Siddharth Trivedi,11,10,35.3,260.0,11.0,3/16,23.63,7.32,19.36,0,0,2010,most_wickets
21,Shane Warne,14,14,50.0,381.0,11.0,4/21,34.63,7.62,27.27,1,0,2010,most_wickets
22,Albie Morkel,14,14,47.4,405.0,11.0,2/23,36.81,8.49,26.0,0,0,2010,most_wickets
23,Praveen Kumar,12,12,45.0,380.0,10.0,3/18,38.0,8.44,27.0,0,0,2010,most_wickets
24,Shaun Tait,8,8,31.1,264.0,10.0,3/22,26.4,8.47,18.7,0,0,2010,most_wickets
25,Chaminda Vaas,6,6,22.0,139.0,9.0,3/21,15.44,6.31,14.66,0,0,2010,most_wickets
26,Murali Kartik,10,10,39.0,253.0,9.0,2/20,28.11,6.48,26.0,0,0,2010,most_wickets
27,Ashok Dinda,7,7,23.1,152.0,9.0,2/15,16.88,6.56,15.44,0,0,2010,most_wickets
28,Shane Bond,8,8,31.0,224.0,9.0,2/24,24.88,7.22,20.66,0,0,2010,most_wickets
29,Pradeep Sangwan,8,8,31.0,258.0,9.0,3/22,28.66,8.32,20.66,0,0,2010,most_wickets
30,Harmeet Singh Bansal,8,8,24.0,174.0,8.0,2/24,21.75,7.25,18.0,0,0,2010,most_wickets
31,Angelo Mathews,14,12,37.3,314.0,8.0,4/19,39.25,8.37,28.12,1,0,2010,most_wickets
32,MF Maharoof,7,7,24.0,206.0,8.0,2/13,25.75,8.58,18.0,0,0,2010,most_wickets
33,Dirk Nannes,9,9,34.2,224.0,7.0,2/12,32.0,6.52,29.42,0,0,2010,most_wickets
34,Dilhara Fernando,5,5,19.0,138.0,7.0,2/23,19.71,7.26,16.28,0,0,2010,most_wickets
35,Lakshmipathy Balaji,7,7,23.2,207.0,7.0,2/9,29.57,8.87,20.0,0,0,2010,most_wickets
36,Ishant Sharma,7,7,25.0,236.0,7.0,2/33,33.71,9.44,21.42,0,0,2010,most_wickets
37,Ashish Nehra,4,4,14.0,96.0,6.0,3/26,16.0,6.85,14.0,0,0,2010,most_wickets
38,Suresh Raina,16,12,23.5,178.0,6.0,1/0,29.66,7.46,23.83,0,0,2010,most_wickets
39,Umesh Yadav,7,7,24.0,184.0,6.0,2/24,30.66,7.66,24.0,0,0,2010,most_wickets
40,Juan Theron,7,7,24.0,187.0,6.0,2/17,31.16,7.79,24.0,0,0,2010,most_wickets
41,Shane Watson,6,6,22.0,184.0,6.0,3/37,30.66,8.36,22.0,0,0,2010,most_wickets
42,Shalabh Srivastava,8,8,27.0,255.0,6.0,2/23,42.5,9.44,27.0,0,0,2010,most_wickets
43,Jaskaran Singh,6,6,14.0,139.0,6.0,2/18,23.16,9.92,14.0,0,0,2010,most_wickets
44,Yuvraj Singh,14,10,23.0,152.0,5.0,2/21,30.4,6.6,27.6,0,0,2010,most_wickets
45,Paul Collingwood,8,6,14.5,101.0,5.0,2/19,20.2,6.8,17.8,0,0,2010,most_wickets
46,Thilan Thushara,4,4,14.3,101.0,5.0,2/16,20.2,6.96,17.4,0,0,2010,most_wickets
47,Yusuf Pathan,14,11,34.0,246.0,5.0,2/9,49.2,7.23,40.8,0,0,2010,most_wickets
48,Charl Langeveldt,3,3,11.0,88.0,5.0,2/26,17.6,8.0,13.2,0,0,2010,most_wickets
49,Rahul Sharma,6,6,20.4,167.0,5.0,2/42,33.4,8.08,24.8,0,0,2010,most_wickets
50,Ravi Bopara,10,5,13.0,127.0,5.0,3/31,25.4,9.76,15.6,0,0,2010,most_wickets
51,Andrew McDonald,4,4,14.0,138.0,5.0,2/37,27.6,9.85,16.8,0,0,2010,most_wickets
52,Aditya Dole,3,3,11.0,112.0,5.0,2/36,22.4,10.18,13.2,0,0,2010,most_wickets
53,Sumit Narwal,5,5,15.4,185.0,5.0,3/36,37.0,11.8,18.8,0,0,2010,most_wickets
54,Ryan McLaren,10,10,34.0,270.0,4.0,2/28,67.5,7.94,51.0,0,0,2010,most_wickets
55,Dimitri Mascarenhas,2,2,8.0,65.0,4.0,2/31,16.25,8.12,12.0,0,0,2010,most_wickets
56,Jaydev Unadkat,3,3,10.2,85.0,4.0,3/26,21.25,8.22,15.5,0,0,2010,most_wickets
57,Dwayne Bravo,10,10,26.1,228.0,4.0,2/11,57.0,8.71,39.25,0,0,2010,most_wickets
58,Ajit Agarkar,7,7,22.0,203.0,4.0,2/32,50.75,9.22,33.0,0,0,2010,most_wickets
59,Chris Gayle,9,6,16.0,152.0,4.0,1/9,38.0,9.5,24.0,0,0,2010,most_wickets
60,Sarabjit Ladda,5,5,15.0,143.0,4.0,2/44,35.75,9.53,22.5,0,0,2010,most_wickets
61,Virender Sehwag,14,3,5.4,23.0,3.0,2/18,7.66,4.05,11.33,0,0,2010,most_wickets
62,Ramesh Powar,7,7,23.0,160.0,3.0,2/28,53.33,6.95,46.0,0,0,2010,most_wickets
63,JM Kemp,5,5,7.2,54.0,3.0,3/12,18.0,7.36,14.66,0,0,2010,most_wickets
64,Ali Murtaza,3,3,12.0,91.0,3.0,2/18,30.33,7.58,24.0,0,0,2010,most_wickets
65,Kevin Pietersen,7,6,10.0,77.0,3.0,1/10,25.66,7.7,20.0,0,0,2010,most_wickets
66,Rajat Bhatia,5,5,16.0,132.0,3.0,1/24,44.0,8.25,32.0,0,0,2010,most_wickets
67,Tillakaratne Dilshan,6,4,8.1,70.0,3.0,1/7,23.33,8.57,16.33,0,0,2010,most_wickets
68,Kamran Khan,3,3,6.0,53.0,3.0,2/13,17.66,8.83,12.0,0,0,2010,most_wickets
69,Laxmi Ratan Shukla,4,4,12.0,106.0,3.0,1/30,35.33,8.83,24.0,0,0,2010,most_wickets
70,Love Ablish,2,2,4.0,36.0,3.0,2/17,12.0,9.0,8.0,0,0,2010,most_wickets
71,Munaf Patel,4,4,13.0,118.0,3.0,1/20,39.33,9.07,26.0,0,0,2010,most_wickets
72,Bipul Sharma,5,4,10.0,94.0,3.0,1/19,31.33,9.4,20.0,0,0,2010,most_wickets
73,Shanthakumaran Sreesanth,6,6,19.0,191.0,3.0,2/24,63.66,10.05,38.0,0,0,2010,most_wickets
74,Roelof van der Merwe,1,1,4.0,27.0,2.0,2/27,13.5,6.75,12.0,0,0,2010,most_wickets
75,Sanath Jayasuriya,4,4,9.0,68.0,2.0,2/17,34.0,7.55,27.0,0,0,2010,most_wickets
76,Rohit Sharma,16,9,19.0,153.0,2.0,1/19,76.5,8.05,57.0,0,0,2010,most_wickets
77,Brad Hodge,4,4,5.0,41.0,2.0,1/4,20.5,8.2,15.0,0,0,2010,most_wickets
78,Ajantha Mendis,2,2,8.0,66.0,2.0,2/22,33.0,8.25,24.0,0,0,2010,most_wickets
79,Daniel Vettori,3,3,11.4,97.0,2.0,1/30,48.5,8.31,35.0,0,0,2010,most_wickets
80,Mitchell Marsh,3,3,10.0,88.0,2.0,1/19,44.0,8.8,30.0,0,0,2010,most_wickets
81,Pankaj Singh,2,2,8.0,81.0,2.0,2/27,40.5,10.12,24.0,0,0,2010,most_wickets
82,Rajagopal Sathish,12,4,8.0,81.0,2.0,1/11,40.5,10.12,24.0,0,0,2010,most_wickets
83,Amit Uniyal,2,2,6.0,66.0,2.0,2/41,33.0,11.0,18.0,0,0,2010,most_wickets
84,Joginder Sharma,3,3,8.0,89.0,2.0,1/23,44.5,11.12,24.0,0,0,2010,most_wickets
85,Nayan Doshi,1,1,4.0,17.0,1.0,1/17,17.0,4.25,24.0,0,0,2010,most_wickets
86,JP Duminy,7,2,5.3,37.0,1.0,1/15,37.0,6.72,33.0,0,0,2010,most_wickets
87,Iqbal Abdulla,3,3,8.3,61.0,1.0,1/28,61.0,7.17,51.0,0,0,2010,most_wickets
88,KP Appanna,2,2,7.0,51.0,1.0,1/24,51.0,7.28,42.0,0,0,2010,most_wickets
89,Yo Mahesh,1,1,3.0,23.0,1.0,1/23,23.0,7.66,18.0,0,0,2010,most_wickets
90,Vikramjeet Malik,3,3,7.1,62.0,1.0,1/23,62.0,8.65,43.0,0,0,2010,most_wickets
91,Moises Henriques,1,1,4.0,35.0,1.0,1/35,35.0,8.75,24.0,0,0,2010,most_wickets
92,Dwayne Smith,3,2,3.5,36.0,1.0,1/22,36.0,9.39,23.0,0,0,2010,most_wickets
93,Yusuf Abdulla,2,2,6.5,66.0,1.0,1/30,66.0,9.65,41.0,0,0,2010,most_wickets
94,Dhawal Kulkarni,1,1,4.0,40.0,1.0,1/40,40.0,10.0,24.0,0,0,2010,most_wickets
95,Sudeep Tyagi,6,6,15.5,159.0,1.0,1/20,159.0,10.04,95.0,0,0,2010,most_wickets
96,Manoj Tiwary,13,1,1.0,11.0,1.0,1/11,11.0,11.0,6.0,0,0,2010,most_wickets
97,Manpreet Gony,3,3,8.0,92.0,1.0,1/33,92.0,11.5,48.0,0,0,2010,most_wickets
98,Abhimanyu Mithun,1,1,3.0,39.0,1.0,1/39,39.0,13.0,18.0,0,0,2010,most_wickets
99,Shrikant Wagh,1,1,1.0,16.0,1.0,1/16,16.0,16.0,6.0,0,0,2010,most_wickets
100,Aaron Finch,1,1,1.1,5.0,0.0,0/5,0.0,4.28,0.0,0,0,2010,most_wickets
101,Balachandra Akhil,1,1,1.0,6.0,0.0,0/6,0.0,6.0,0.0,0,0,2010,most_wickets
102,Karan Goel,6,1,1.0,7.0,0.0,0/7,0.0,7.0,0.0,0,0,2010,most_wickets
103,David Hussey,6,5,10.0,80.0,0.0,0/7,0.0,8.0,0.0,0,0,2010,most_wickets
104,Rohan Gavaskar,2,1,1.0,8.0,0.0,0/8,0.0,8.0,0.0,0,0,2010,most_wickets
105,Adam Voges,9,7,9.0,76.0,0.0,0/5,0.0,8.44,0.0,0,0,2010,most_wickets
106,Stuart Binny,1,1,1.0,9.0,0.0,0/9,0.0,9.0,0.0,0,0,2010,most_wickets
107,Virat Kohli,16,4,5.2,50.0,0.0,0/1,0.0,9.37,0.0,0,0,2010,most_wickets
108,Morne Morkel,2,2,7.0,66.0,0.0,0/32,0.0,9.42,0.0,0,0,2010,most_wickets
109,Kemar Roach,2,2,8.0,80.0,0.0,0/32,0.0,10.0,0.0,0,0,2010,most_wickets
110,Faiz Fazal,10,2,2.0,20.0,0.0,0/6,0.0,10.0,0.0,0,0,2010,most_wickets
111,Venugopal Rao,6,1,1.0,10.0,0.0,0/10,0.0,10.0,0.0,0,0,2010,most_wickets
112,Brett Lee,4,4,14.3,149.0,0.0,0/24,0.0,10.27,0.0,0,0,2010,most_wickets
113,Sourav Ganguly,14,3,4.0,43.0,0.0,0/12,0.0,10.75,0.0,0,0,2010,most_wickets
114,Abhishek Jhunjhunwala,13,5,6.1,69.0,0.0,0/2,0.0,11.18,0.0,0,0,2010,most_wickets
115,Sridharan Sriram,1,1,2.0,24.0,0.0,0/24,0.0,12.0,0.0,0,0,2010,most_wickets
116,Tirumalasetti Suman,14,2,2.0,24.0,0.0,0/8,0.0,12.0,0.0,0,0,2010,most_wickets
117,Chandrasekar Ganapathy,1,1,1.0,13.0,0.0,0/13,0.0,13.0,0.0,0,0,2010,most_wickets
118,Thisara Perera,1,1,1.0,19.0,0.0,0/19,0.0,19.0,0.0,0,0,2010,most_wickets
119,Cameron White,7,1,1.0,19.0,0.0,0/19,0.0,19.0,0.0,0,0,2010,most_wickets
1,Lasith Malinga,16,16,63.0,375.0,28.0,5/13,13.39,5.95,13.5,0,1,2011,most_wickets
2,Munaf Patel,15,15,54.2,358.0,22.0,5/21,16.27,6.58,14.81,0,1,2011,most_wickets
3,Sreenath Aravind,13,13,46.0,368.0,21.0,4/14,17.52,8.0,13.14,1,0,2011,most_wickets
4,Ravichandran Ashwin,16,16,63.0,388.0,20.0,3/16,19.4,6.15,18.9,0,0,2011,most_wickets
5,Amit Mishra,14,14,53.2,358.0,19.0,4/9,18.84,6.71,16.84,1,0,2011,most_wickets
6,Doug Bollinger,13,13,47.0,329.0,17.0,3/21,19.35,7.0,16.58,0,0,2011,most_wickets
7,Rahul Sharma,14,14,50.0,273.0,16.0,3/13,17.06,5.46,18.75,0,0,2011,most_wickets
8,Iqbal Abdulla,15,15,50.0,305.0,16.0,3/24,19.06,6.1,18.75,0,0,2011,most_wickets
9,Ryan Harris,13,13,47.0,382.0,16.0,3/28,23.87,8.12,17.62,0,0,2011,most_wickets
10,Piyush Chawla,12,12,41.2,336.0,16.0,4/17,21.0,8.12,15.5,1,0,2011,most_wickets
11,Albie Morkel,15,14,45.0,382.0,15.0,3/29,25.46,8.48,18.0,0,0,2011,most_wickets
12,Dale Steyn,12,12,45.3,299.0,14.0,3/16,21.35,6.57,19.5,0,0,2011,most_wickets
13,Harbhajan Singh,15,15,53.0,370.0,14.0,5/18,26.42,6.98,22.71,0,1,2011,most_wickets
14,Zaheer Khan,15,15,59.0,455.0,14.0,3/32,32.5,7.71,25.28,0,0,2011,most_wickets
15,Yusuf Pathan,15,14,39.0,238.0,13.0,3/20,18.3,6.1,18.0,0,0,2011,most_wickets
16,Shane Warne,13,12,47.0,297.0,13.0,3/16,22.84,6.31,21.69,0,0,2011,most_wickets
17,RP Singh,14,14,50.0,345.0,13.0,4/25,26.53,6.9,23.07,1,0,2011,most_wickets
18,Morne Morkel,11,11,43.0,325.0,13.0,3/18,25.0,7.55,19.84,0,0,2011,most_wickets
19,Daniel Vettori,13,13,51.4,311.0,12.0,3/19,25.91,6.01,25.83,0,0,2011,most_wickets
20,Vinay Kumar,13,13,44.4,335.0,12.0,3/25,27.91,7.5,22.33,0,0,2011,most_wickets
21,Shakib Al Hasan,7,7,25.3,175.0,11.0,3/28,15.9,6.86,13.9,0,0,2011,most_wickets
22,Ishant Sharma,12,12,44.0,314.0,11.0,5/12,28.54,7.13,24.0,0,1,2011,most_wickets
23,Irfan Pathan,14,13,45.5,344.0,11.0,3/28,31.27,7.5,25.0,0,0,2011,most_wickets
24,Dan Christian,14,14,45.4,350.0,11.0,2/13,31.81,7.66,24.9,0,0,2011,most_wickets
25,Alfonso Thomas,11,11,38.3,297.0,11.0,2/23,27.0,7.71,21.0,0,0,2011,most_wickets
26,Pragyan Ojha,10,10,36.5,267.0,10.0,3/26,26.7,7.24,22.1,0,0,2011,most_wickets
27,Praveen Kumar,13,13,46.0,345.0,10.0,2/19,34.5,7.5,27.6,0,0,2011,most_wickets
28,Shadab Jakati,15,14,44.1,336.0,10.0,2/21,33.6,7.6,26.5,0,0,2011,most_wickets
29,Lakshmipathy Balaji,14,14,44.2,371.0,10.0,3/15,37.1,8.36,26.6,0,0,2011,most_wickets
30,Kieron Pollard,16,16,42.3,361.0,10.0,2/24,36.1,8.49,25.5,0,0,2011,most_wickets
31,Siddharth Trivedi,12,12,35.4,303.0,10.0,3/15,30.3,8.49,21.4,0,0,2011,most_wickets
32,Yuvraj Singh,14,13,29.0,192.0,9.0,4/29,21.33,6.62,19.33,1,0,2011,most_wickets
33,Wayne Parnell,8,8,29.2,213.0,9.0,3/35,23.66,7.26,19.55,0,0,2011,most_wickets
34,Amit Singh,9,9,28.3,215.0,9.0,3/35,23.88,7.54,19.0,0,0,2011,most_wickets
35,Bhargav Bhatt,10,8,27.5,229.0,9.0,4/22,25.44,8.22,18.55,1,0,2011,most_wickets
36,Rajat Bhatia,14,12,32.0,210.0,8.0,3/22,26.25,6.56,24.0,0,0,2011,most_wickets
37,Chris Gayle,12,12,36.0,244.0,8.0,3/21,30.5,6.77,27.0,0,0,2011,most_wickets
38,Ravindra Jadeja,14,14,42.0,305.0,8.0,2/25,38.12,7.26,31.5,0,0,2011,most_wickets
39,Ajit Agarkar,7,7,27.0,231.0,8.0,2/23,28.87,8.55,20.25,0,0,2011,most_wickets
40,Shalabh Srivastava,6,6,20.0,186.0,8.0,2/20,23.25,9.3,15.0,0,0,2011,most_wickets
41,Shanthakumaran Sreesanth,9,9,31.5,206.0,7.0,2/10,29.42,6.47,27.28,0,0,2011,most_wickets
42,Johan Botha,10,10,36.0,239.0,7.0,3/6,34.14,6.63,30.85,0,0,2011,most_wickets
43,Mitchell Marsh,5,5,14.1,99.0,7.0,4/25,14.14,6.98,12.14,1,0,2011,most_wickets
44,Brad Hodge,14,4,11.0,77.0,7.0,4/13,11.0,7.0,9.42,1,0,2011,most_wickets
45,Jacques Kallis,15,9,24.0,170.0,7.0,2/16,24.28,7.08,20.57,0,0,2011,most_wickets
46,Paul Valthaty,14,9,24.1,189.0,7.0,4/29,27.0,7.82,20.71,1,0,2011,most_wickets
47,James Hopes,10,9,32.0,272.0,7.0,1/25,38.85,8.5,27.42,0,0,2011,most_wickets
48,Shane Watson,11,10,36.0,241.0,6.0,3/19,40.16,6.69,36.0,0,0,2011,most_wickets
49,Suraj Randiv,8,8,29.0,223.0,6.0,2/24,37.16,7.68,29.0,0,0,2011,most_wickets
50,Dwayne Bravo,6,6,20.0,157.0,6.0,2/21,26.16,7.85,20.0,0,0,2011,most_wickets
51,Jaydev Unadkat,7,6,18.0,150.0,6.0,2/25,25.0,8.33,18.0,0,0,2011,most_wickets
52,Shaun Tait,4,4,14.5,127.0,6.0,3/22,21.16,8.56,14.83,0,0,2011,most_wickets
53,Roelof van der Merwe,4,4,14.5,92.0,5.0,3/20,18.4,6.2,17.8,0,0,2011,most_wickets
54,Dhawal Kulkarni,6,6,20.0,149.0,5.0,3/26,29.8,7.45,24.0,0,0,2011,most_wickets
55,Brett Lee,12,12,45.2,338.0,5.0,1/12,67.6,7.45,54.4,0,0,2011,most_wickets
56,Charl Langeveldt,3,3,11.0,84.0,5.0,2/10,16.8,7.63,13.2,0,0,2011,most_wickets
57,Raiphi Gomez,11,8,15.0,124.0,5.0,2/14,24.8,8.26,18.0,0,0,2011,most_wickets
58,Syed Mohammad,5,5,15.0,127.0,5.0,2/25,25.4,8.46,18.0,0,0,2011,most_wickets
59,Ashok Dinda,6,5,17.0,152.0,5.0,2/42,30.4,8.94,20.4,0,0,2011,most_wickets
60,Abhimanyu Mithun,12,12,34.0,321.0,5.0,2/37,64.2,9.44,40.8,0,0,2011,most_wickets
61,Ryan McLaren,6,6,18.0,178.0,5.0,2/33,35.6,9.88,21.6,0,0,2011,most_wickets
62,Bipul Sharma,4,4,12.0,78.0,4.0,2/32,19.5,6.5,18.0,0,0,2011,most_wickets
63,Suresh Raina,16,12,27.3,201.0,4.0,2/0,50.25,7.3,41.25,0,0,2011,most_wickets
64,Shahbaz Nadeem,5,5,19.0,142.0,4.0,2/39,35.5,7.47,28.5,0,0,2011,most_wickets
65,Shrikant Wagh,7,7,16.0,121.0,4.0,3/16,30.25,7.56,24.0,0,0,2011,most_wickets
66,Jesse Ryder,13,7,15.2,118.0,4.0,1/8,29.5,7.69,23.0,0,0,2011,most_wickets
67,JP Duminy,10,8,18.0,143.0,4.0,1/3,35.75,7.94,27.0,0,0,2011,most_wickets
68,Tim Southee,5,5,19.0,166.0,4.0,1/30,41.5,8.73,28.5,0,0,2011,most_wickets
69,P Parameswaran,5,5,15.4,137.0,4.0,2/20,34.25,8.74,23.5,0,0,2011,most_wickets
70,Manpreet Gony,3,3,9.0,85.0,4.0,3/31,21.25,9.44,13.5,0,0,2011,most_wickets
71,Ali Murtaza,5,5,20.0,117.0,3.0,2/18,39.0,5.85,40.0,0,0,2011,most_wickets
72,Bhuvneshwar Kumar,4,4,11.0,67.0,3.0,2/14,22.33,6.09,22.0,0,0,2011,most_wickets
73,Harmeet Singh Bansal,2,2,7.0,53.0,3.0,2/27,17.66,7.57,14.0,0,0,2011,most_wickets
74,Aavishkar Salvi,2,2,8.0,66.0,3.0,2/40,22.0,8.25,16.0,0,0,2011,most_wickets
75,James Franklin,8,6,10.1,99.0,3.0,2/35,33.0,9.73,20.33,0,0,2011,most_wickets
76,Anand Rajan,2,2,5.0,50.0,3.0,3/27,16.66,10.0,10.0,0,0,2011,most_wickets
77,Johan van der Wath,3,3,12.0,129.0,3.0,2/49,43.0,10.75,24.0,0,0,2011,most_wickets
78,Ryan Ninan,2,2,6.0,65.0,3.0,2/31,21.66,10.83,12.0,0,0,2011,most_wickets
79,Varun Aaron,4,3,12.0,82.0,2.0,1/20,41.0,6.83,36.0,0,0,2011,most_wickets
80,Muttiah Muralitharan,5,5,19.0,141.0,2.0,1/18,70.5,7.42,57.0,0,0,2011,most_wickets
81,Dirk Nannes,2,2,4.0,31.0,2.0,1/0,15.5,7.75,12.0,0,0,2011,most_wickets
82,Thisara Perera,4,4,14.0,111.0,2.0,1/30,55.5,7.92,42.0,0,0,2011,most_wickets
83,Ashok Menaria,13,9,15.0,121.0,2.0,2/20,60.5,8.06,45.0,0,0,2011,most_wickets
84,Virat Kohli,16,10,17.0,139.0,2.0,1/8,69.5,8.17,51.0,0,0,2011,most_wickets
85,Ramesh Powar,5,5,12.0,112.0,2.0,1/20,56.0,9.33,36.0,0,0,2011,most_wickets
86,Abhishek Nayar,10,6,10.1,95.0,2.0,1/22,47.5,9.34,30.5,0,0,2011,most_wickets
87,Umesh Yadav,7,6,18.0,169.0,2.0,2/29,84.5,9.38,54.0,0,0,2011,most_wickets
88,James Faulkner,1,1,2.0,9.0,1.0,1/9,9.0,4.5,12.0,0,0,2011,most_wickets
89,Shikhar Dhawan,14,2,2.0,11.0,1.0,1/7,11.0,5.5,12.0,0,0,2011,most_wickets
90,SS Mundhe,1,1,1.0,6.0,1.0,1/6,6.0,6.0,6.0,0,0,2011,most_wickets
91,Murali Kartik,6,6,20.5,166.0,1.0,1/27,166.0,7.96,125.0,0,0,2011,most_wickets
92,Nuwan Kulasekara,1,1,3.0,26.0,1.0,1/26,26.0,8.66,18.0,0,0,2011,most_wickets
93,Tillakaratne Dilshan,10,6,12.0,108.0,1.0,1/30,108.0,9.0,72.0,0,0,2011,most_wickets
94,Andrew Symonds,11,3,4.0,41.0,1.0,1/11,41.0,10.25,24.0,0,0,2011,most_wickets
95,Nayan Doshi,3,3,5.2,62.0,1.0,1/15,62.0,11.62,32.0,0,0,2011,most_wickets
96,David Hussey,8,2,3.0,38.0,1.0,1/19,38.0,12.66,18.0,0,0,2011,most_wickets
97,Yogesh Nagar,11,5,5.0,67.0,1.0,1/3,67.0,13.4,30.0,0,0,2011,most_wickets
98,Jacob Oram,2,1,2.0,32.0,1.0,1/32,32.0,16.0,12.0,0,0,2011,most_wickets
99,Sachin Rana,2,1,0.4,2.0,0.0,0/2,0.0,3.0,0.0,0,0,2011,most_wickets
100,Ankeet Chavan,2,2,5.0,27.0,0.0,0/10,0.0,5.4,0.0,0,0,2011,most_wickets
101,Mithun Manhas,10,3,7.0,42.0,0.0,0/9,0.0,6.0,0.0,0,0,2011,most_wickets
102,Nathan Rimmington,1,1,3.0,19.0,0.0,0/19,0.0,6.33,0.0,0,0,2011,most_wickets
103,Aaron Finch,6,1,2.0,13.0,0.0,0/13,0.0,6.5,0.0,0,0,2011,most_wickets
104,Vikramjeet Malik,1,1,2.0,13.0,0.0,0/13,0.0,6.5,0.0,0,0,2011,most_wickets
105,Nathan McCullum,2,2,5.0,34.0,0.0,0/12,0.0,6.8,0.0,0,0,2011,most_wickets
106,Abhishek Raut,7,2,3.0,21.0,0.0,0/8,0.0,7.0,0.0,0,0,2011,most_wickets
107,Ryan ten Doeschate,6,1,1.0,7.0,0.0,0/7,0.0,7.0,0.0,0,0,2011,most_wickets
108,Y Gnaneswara Rao,2,1,1.0,7.0,0.0,0/7,0.0,7.0,0.0,0,0,2011,most_wickets
109,Ambati Rayudu,16,1,3.0,22.0,0.0,0/22,0.0,7.33,0.0,0,0,2011,most_wickets
110,Rajagopal Sathish,9,4,5.1,41.0,0.0,0/5,0.0,7.93,0.0,0,0,2011,most_wickets
111,Tirumalasetti Suman,8,3,6.0,50.0,0.0,0/12,0.0,8.33,0.0,0,0,2011,most_wickets
112,Asad Pathan,6,2,5.3,49.0,0.0,0/19,0.0,8.9,0.0,0,0,2011,most_wickets
113,Dwaraka Ravi Teja,12,1,1.0,9.0,0.0,0/9,0.0,9.0,0.0,0,0,2011,most_wickets
114,Abrar Kazi,1,1,2.0,21.0,0.0,0/21,0.0,10.5,0.0,0,0,2011,most_wickets
115,Sarabjit Ladda,2,2,4.0,42.0,0.0,0/13,0.0,10.5,0.0,0,0,2011,most_wickets
116,Stuart Binny,6,3,4.0,44.0,0.0,0/12,0.0,11.0,0.0,0,0,2011,most_wickets
117,Ross Taylor,12,1,1.0,11.0,0.0,0/11,0.0,11.0,0.0,0,0,2011,most_wickets
118,Abhishek Jhunjhunwala,3,2,2.0,22.0,0.0,0/11,0.0,11.0,0.0,0,0,2011,most_wickets
119,Balachandra Akhil,1,1,2.0,22.0,0.0,0/22,0.0,11.0,0.0,0,0,2011,most_wickets
120,Joginder Sharma,1,1,3.0,34.0,0.0,0/34,0.0,11.33,0.0,0,0,2011,most_wickets
121,Pankaj Singh,4,1,2.0,23.0,0.0,0/23,0.0,11.5,0.0,0,0,2011,most_wickets
122,Manoj Tiwary,15,2,2.0,23.0,0.0,0/9,0.0,11.5,0.0,0,0,2011,most_wickets
123,Andrew McDonald,1,1,2.0,23.0,0.0,0/23,0.0,11.5,0.0,0,0,2011,most_wickets
124,Scott Styris,2,1,1.0,13.0,0.0,0/13,0.0,13.0,0.0,0,0,2011,most_wickets
125,Venugopal Rao,14,2,2.0,26.0,0.0,0/12,0.0,13.0,0.0,0,0,2011,most_wickets
126,Love Ablish,1,1,3.0,39.0,0.0,0/39,0.0,13.0,0.0,0,0,2011,most_wickets
127,Rohit Sharma,16,3,4.0,53.0,0.0,0/14,0.0,13.25,0.0,0,0,2011,most_wickets
128,Kamran Khan,1,1,3.0,47.0,0.0,0/47,0.0,15.66,0.0,0,0,2011,most_wickets
129,Padmanabhan Prasanth,1,1,1.0,18.0,0.0,0/18,0.0,18.0,0.0,0,0,2011,most_wickets
130,Bharat Chipli,14,1,1.0,20.0,0.0,0/20,0.0,20.0,0.0,0,0,2011,most_wickets
131,Ishan Malhotra,1,1,1.0,23.0,0.0,0/23,0.0,23.0,0.0,0,0,2011,most_wickets
132,Sridharan Sriram,1,1,1.0,25.0,0.0,0/25,0.0,25.0,0.0,0,0,2011,most_wickets
1,Morne Morkel,16,16,63.0,453.0,25.0,4/20,18.12,7.19,15.12,1,0,2012,most_wickets
2,Sunil Narine,15,15,59.1,324.0,24.0,5/19,13.5,5.47,14.79,1,1,2012,most_wickets
3,Lasith Malinga,14,14,55.3,350.0,22.0,4/16,15.9,6.3,15.13,1,0,2012,most_wickets
4,Umesh Yadav,17,17,61.0,453.0,19.0,3/19,23.84,7.42,19.26,0,0,2012,most_wickets
5,Vinay Kumar,15,14,55.5,480.0,19.0,3/22,25.26,8.59,17.63,0,0,2012,most_wickets
6,Dale Steyn,12,12,46.4,285.0,18.0,3/8,15.83,6.1,15.55,0,0,2012,most_wickets
7,Zaheer Khan,16,15,60.0,453.0,17.0,3/38,26.64,7.55,21.17,0,0,2012,most_wickets
8,Parvinder Awana,12,12,47.0,372.0,17.0,4/34,21.88,7.91,16.58,1,0,2012,most_wickets
9,Piyush Chawla,16,16,57.0,419.0,16.0,3/18,26.18,7.35,21.37,0,0,2012,most_wickets
10,Kieron Pollard,14,14,43.5,350.0,16.0,4/44,21.87,7.98,16.43,1,0,2012,most_wickets
11,Muttiah Muralitharan,10,10,40.0,260.0,15.0,3/21,17.33,6.5,16.0,0,0,2012,most_wickets
12,Jacques Kallis,17,16,54.0,403.0,15.0,2/7,26.86,7.46,21.6,0,0,2012,most_wickets
13,Munaf Patel,12,12,46.4,367.0,15.0,4/20,24.46,7.86,18.66,2,0,2012,most_wickets
14,Dwayne Bravo,19,18,57.4,461.0,15.0,2/10,30.73,7.99,23.06,0,0,2012,most_wickets
15,Ravichandran Ashwin,19,18,65.5,432.0,14.0,3/24,30.85,6.56,28.21,0,0,2012,most_wickets
16,Ben Hilfenhaus,9,9,34.0,233.0,14.0,3/27,16.64,6.85,14.57,0,0,2012,most_wickets
17,Azhar Mahmood,11,11,42.4,329.0,14.0,3/20,23.5,7.71,18.28,0,0,2012,most_wickets
18,Siddharth Trivedi,14,14,52.0,380.0,13.0,4/25,29.23,7.3,24.0,1,0,2012,most_wickets
19,Rajat Bhatia,17,16,53.1,389.0,13.0,2/14,29.92,7.31,24.53,0,0,2012,most_wickets
20,Albie Morkel,16,15,49.3,385.0,13.0,3/29,29.61,7.77,22.84,0,0,2012,most_wickets
21,Amit Mishra,14,14,47.0,377.0,13.0,3/32,29.0,8.02,21.69,0,0,2012,most_wickets
22,Shakib Al Hasan,8,8,30.0,195.0,12.0,3/17,16.25,6.5,15.0,0,0,2012,most_wickets
23,Ravindra Jadeja,19,14,35.0,273.0,12.0,5/16,22.75,7.8,17.5,0,1,2012,most_wickets
24,Lakshmipathy Balaji,8,8,29.5,162.0,11.0,4/18,14.72,5.43,16.27,1,0,2012,most_wickets
25,Ashish Nehra,13,13,48.0,402.0,11.0,3/23,36.54,8.37,26.18,0,0,2012,most_wickets
26,Brad Hogg,9,9,36.0,253.0,10.0,2/31,25.3,7.02,21.6,0,0,2012,most_wickets
27,Kevon Cooper,6,6,24.0,174.0,10.0,4/26,17.4,7.25,14.4,1,0,2012,most_wickets
28,RP Singh,11,11,41.0,318.0,10.0,3/28,31.8,7.75,24.6,0,0,2012,most_wickets
29,Ashish Reddy,9,8,24.1,205.0,10.0,3/25,20.5,8.48,14.5,0,0,2012,most_wickets
30,Veer Pratap Singh,9,9,34.0,296.0,10.0,2/31,29.6,8.7,20.4,0,0,2012,most_wickets
31,Amit Singh,9,9,32.5,310.0,10.0,2/29,31.0,9.44,19.7,0,0,2012,most_wickets
32,Praveen Kumar,16,16,63.0,434.0,9.0,2/15,48.22,6.88,42.0,0,0,2012,most_wickets
33,Ashok Dinda,7,7,24.0,169.0,9.0,4/18,18.77,7.04,16.0,1,0,2012,most_wickets
34,Johan Botha,11,11,41.0,297.0,9.0,2/21,33.0,7.24,27.33,0,0,2012,most_wickets
35,Pragyan Ojha,9,9,30.0,220.0,9.0,2/17,24.44,7.33,20.0,0,0,2012,most_wickets
36,Rahul Sharma,11,11,37.0,300.0,9.0,2/16,33.33,8.1,24.66,0,0,2012,most_wickets
37,Shadab Jakati,15,15,41.0,335.0,9.0,2/14,37.22,8.17,27.33,0,0,2012,most_wickets
38,Harshal Patel,12,11,41.0,340.0,9.0,2/24,37.77,8.29,27.33,0,0,2012,most_wickets
39,Shahbaz Nadeem,12,12,45.0,318.0,8.0,3/16,39.75,7.06,33.75,0,0,2012,most_wickets
40,Bhuvneshwar Kumar,11,11,39.0,281.0,8.0,2/9,35.12,7.2,29.25,0,0,2012,most_wickets
41,Ryan Harris,5,5,18.0,130.0,8.0,4/34,16.25,7.22,13.5,1,0,2012,most_wickets
42,Marlon Samuels,8,8,28.4,216.0,8.0,3/39,27.0,7.53,21.5,0,0,2012,most_wickets
43,Irfan Pathan,17,17,60.0,465.0,8.0,2/46,58.12,7.75,45.0,0,0,2012,most_wickets
44,Dan Christian,7,7,27.0,233.0,8.0,2/26,29.12,8.62,20.25,0,0,2012,most_wickets
45,Doug Bollinger,6,6,18.0,157.0,8.0,3/24,19.62,8.72,13.5,0,0,2012,most_wickets
46,Varun Aaron,8,8,31.0,271.0,8.0,2/19,33.87,8.74,23.25,0,0,2012,most_wickets
47,Dimitri Mascarenhas,4,4,16.0,105.0,7.0,5/25,15.0,6.56,13.71,0,1,2012,most_wickets
48,Pawan Negi,8,6,22.0,152.0,7.0,4/18,21.71,6.9,18.85,1,0,2012,most_wickets
49,Angelo Mathews,9,9,26.0,192.0,7.0,2/17,27.42,7.38,22.28,0,0,2012,most_wickets
50,Brett Lee,10,10,38.0,299.0,7.0,2/26,42.71,7.86,32.57,0,0,2012,most_wickets
51,Pankaj Singh,6,6,21.0,170.0,7.0,2/18,24.28,8.09,18.0,0,0,2012,most_wickets
52,Ankeet Chavan,8,8,27.2,236.0,7.0,2/23,33.71,8.63,23.42,0,0,2012,most_wickets
53,Shaun Tait,6,6,22.5,151.0,6.0,3/13,25.16,6.61,22.83,0,0,2012,most_wickets
54,Shane Watson,7,7,23.0,161.0,6.0,2/19,26.83,7.0,23.0,0,0,2012,most_wickets
55,Harbhajan Singh,17,16,54.0,384.0,6.0,2/13,64.0,7.11,54.0,0,0,2012,most_wickets
56,Dhawal Kulkarni,2,2,8.0,64.0,6.0,3/18,10.66,8.0,8.0,0,0,2012,most_wickets
57,James Franklin,12,9,15.0,121.0,6.0,2/18,20.16,8.06,15.0,0,0,2012,most_wickets
58,Harmeet Singh Bansal,7,6,19.2,168.0,6.0,3/24,28.0,8.68,19.33,0,0,2012,most_wickets
59,KP Appanna,7,6,17.0,148.0,6.0,4/19,24.66,8.7,17.0,1,0,2012,most_wickets
60,Wayne Parnell,6,6,21.0,128.0,5.0,2/18,25.6,6.09,25.2,0,0,2012,most_wickets
61,Andrew McDonald,4,3,10.0,61.0,5.0,2/25,12.2,6.1,12.0,0,0,2012,most_wickets
62,Ajit Chandila,4,4,14.0,86.0,5.0,4/13,17.2,6.14,16.8,1,0,2012,most_wickets
63,Daniel Vettori,9,9,35.0,236.0,5.0,1/20,47.2,6.74,42.0,0,0,2012,most_wickets
64,Iqbal Abdulla,9,8,22.0,144.0,4.0,1/20,36.0,6.54,33.0,0,0,2012,most_wickets
65,Nuwan Kulasekara,5,4,14.0,94.0,4.0,2/10,23.5,6.71,21.0,0,0,2012,most_wickets
66,Ankit Sharma,9,9,24.1,165.0,4.0,1/9,41.25,6.82,36.25,0,0,2012,most_wickets
67,Murali Kartik,11,11,36.0,266.0,4.0,2/14,66.5,7.38,54.0,0,0,2012,most_wickets
68,David Hussey,16,6,9.0,63.0,3.0,2/2,21.0,7.0,18.0,0,0,2012,most_wickets
69,Alfonso Thomas,4,4,14.0,109.0,3.0,3/22,36.33,7.78,28.0,0,0,2012,most_wickets
70,Stuart Binny,8,6,10.0,78.0,3.0,1/8,26.0,7.8,20.0,0,0,2012,most_wickets
71,Doug Bracewell,1,1,4.0,32.0,3.0,3/32,10.66,8.0,8.0,0,0,2012,most_wickets
72,Yusuf Pathan,17,12,22.0,182.0,3.0,2/12,60.66,8.27,44.0,0,0,2012,most_wickets
73,Manpreet Gony,6,6,24.0,207.0,3.0,1/26,69.0,8.62,48.0,0,0,2012,most_wickets
74,Yo Mahesh,5,4,9.2,81.0,3.0,2/21,27.0,8.67,18.66,0,0,2012,most_wickets
75,Robin Peterson,5,4,8.0,70.0,3.0,3/37,23.33,8.75,16.0,0,0,2012,most_wickets
76,James Faulkner,2,2,8.0,72.0,3.0,2/41,24.0,9.0,16.0,0,0,2012,most_wickets
77,Shikhar Dhawan,15,4,6.0,55.0,3.0,1/8,18.33,9.16,12.0,0,0,2012,most_wickets
78,Anand Rajan,4,4,11.5,109.0,3.0,1/11,36.33,9.21,23.66,0,0,2012,most_wickets
79,Ajit Agarkar,4,4,14.2,134.0,3.0,2/27,44.66,9.34,28.66,0,0,2012,most_wickets
80,Marchant de Lange,3,3,10.0,107.0,3.0,3/34,35.66,10.7,20.0,0,0,2012,most_wickets
81,Roelof van der Merwe,3,3,10.0,60.0,2.0,2/28,30.0,6.0,30.0,0,0,2012,most_wickets
82,Michael Clarke,6,5,11.0,67.0,2.0,1/12,33.5,6.09,33.0,0,0,2012,most_wickets
83,Dwayne Smith,7,6,13.0,95.0,2.0,1/8,47.5,7.3,39.0,0,0,2012,most_wickets
84,Suresh Raina,19,7,14.0,105.0,2.0,1/5,52.5,7.5,42.0,0,0,2012,most_wickets
85,Bhargav Bhatt,5,5,16.3,136.0,2.0,2/24,68.0,8.24,49.5,0,0,2012,most_wickets
86,Juan Theron,2,2,8.0,66.0,2.0,2/37,33.0,8.25,24.0,0,0,2012,most_wickets
87,Sourav Ganguly,15,4,10.0,95.0,2.0,2/27,47.5,9.5,30.0,0,0,2012,most_wickets
88,Laxmi Ratan Shukla,11,2,2.0,12.0,1.0,1/5,12.0,6.0,12.0,0,0,2012,most_wickets
89,Abhishek Jhunjhunwala,5,3,6.0,38.0,1.0,1/13,38.0,6.33,36.0,0,0,2012,most_wickets
90,Ashok Menaria,15,3,3.2,23.0,1.0,1/3,23.0,6.9,20.0,0,0,2012,most_wickets
91,Glenn Maxwell,2,2,3.0,22.0,1.0,1/10,22.0,7.33,18.0,0,0,2012,most_wickets
92,Mandeep Singh,16,1,3.0,23.0,1.0,1/23,23.0,7.66,18.0,0,0,2012,most_wickets
93,Ryan ten Doeschate,3,1,3.0,24.0,1.0,1/24,24.0,8.0,18.0,0,0,2012,most_wickets
94,Clint McKay,2,2,7.0,60.0,1.0,1/36,60.0,8.57,42.0,0,0,2012,most_wickets
95,JP Duminy,9,6,12.0,104.0,1.0,1/8,104.0,8.66,72.0,0,0,2012,most_wickets
96,Jesse Ryder,11,4,7.0,70.0,1.0,1/25,70.0,10.0,42.0,0,0,2012,most_wickets
97,Andre Russell,4,4,16.0,161.0,1.0,1/51,161.0,10.06,96.0,0,0,2012,most_wickets
98,Brad Hodge,12,2,2.0,21.0,1.0,1/13,21.0,10.5,12.0,0,0,2012,most_wickets
99,Pradeep Sangwan,1,1,4.0,42.0,1.0,1/42,42.0,10.5,24.0,0,0,2012,most_wickets
100,Akshath Reddy,5,1,3.0,32.0,1.0,1/32,32.0,10.66,18.0,0,0,2012,most_wickets
101,TP Sudhindra,3,3,11.4,136.0,1.0,1/46,136.0,11.65,70.0,0,0,2012,most_wickets
102,Ali Murtaza,1,1,2.0,11.0,0.0,0/11,0.0,5.5,0.0,0,0,2012,most_wickets
103,Krishnakant Upadhyay,1,1,4.0,33.0,0.0,0/33,0.0,8.25,0.0,0,0,2012,most_wickets
104,Abu Nechim,1,1,2.0,17.0,0.0,0/17,0.0,8.5,0.0,0,0,2012,most_wickets
105,Daniel Harris,4,2,3.0,26.0,0.0,0/11,0.0,8.66,0.0,0,0,2012,most_wickets
106,Kevin Pietersen,8,3,6.0,53.0,0.0,0/16,0.0,8.83,0.0,0,0,2012,most_wickets
107,Cameron White,13,2,3.0,27.0,0.0,0/8,0.0,9.0,0.0,0,0,2012,most_wickets
108,Syed Mohammad,2,2,7.0,65.0,0.0,0/27,0.0,9.28,0.0,0,0,2012,most_wickets
109,Yogesh Nagar,13,1,1.0,10.0,0.0,0/10,0.0,10.0,0.0,0,0,2012,most_wickets
110,Bipul Sharma,5,3,7.4,79.0,0.0,0/11,0.0,10.3,0.0,0,0,2012,most_wickets
111,Rahul Shukla,1,1,3.0,31.0,0.0,0/31,0.0,10.33,0.0,0,0,2012,most_wickets
112,Jaydev Unadkat,1,1,3.0,32.0,0.0,0/32,0.0,10.66,0.0,0,0,2012,most_wickets
113,Ramesh Powar,1,1,3.0,32.0,0.0,0/32,0.0,10.66,0.0,0,0,2012,most_wickets
114,Thisara Perera,2,2,2.3,27.0,0.0,0/8,0.0,10.8,0.0,0,0,2012,most_wickets
115,Abhimanyu Mithun,1,1,3.0,33.0,0.0,0/33,0.0,11.0,0.0,0,0,2012,most_wickets
116,Tillakaratne Dilshan,10,5,7.0,77.0,0.0,0/6,0.0,11.0,0.0,0,0,2012,most_wickets
117,Virender Sehwag,16,3,4.0,45.0,0.0,0/9,0.0,11.25,0.0,0,0,2012,most_wickets
118,Luke Wright,1,1,2.0,24.0,0.0,0/24,0.0,12.0,0.0,0,0,2012,most_wickets
119,Venugopal Rao,10,2,2.0,26.0,0.0,0/13,0.0,13.0,0.0,0,0,2012,most_wickets
120,Asad Pathan,2,1,1.0,14.0,0.0,0/14,0.0,14.0,0.0,0,0,2012,most_wickets
121,Chris Gayle,15,3,4.4,66.0,0.0,0/6,0.0,14.14,0.0,0,0,2012,most_wickets
122,Steve Smith,15,1,0.2,5.0,0.0,0/5,0.0,15.0,0.0,0,0,2012,most_wickets
123,Sunny Gupta,1,1,3.0,47.0,0.0,0/47,0.0,15.66,0.0,0,0,2012,most_wickets
124,Paul Valthaty,6,1,1.0,16.0,0.0,0/16,0.0,16.0,0.0,0,0,2012,most_wickets
125,Faf du Plessis,13,1,1.0,16.0,0.0,0/16,0.0,16.0,0.0,0,0,2012,most_wickets
126,Sreenath Aravind,1,1,3.0,48.0,0.0,0/48,0.0,16.0,0.0,0,0,2012,most_wickets
127,Rohit Sharma,17,1,1.0,16.0,0.0,0/16,0.0,16.0,0.0,0,0,2012,most_wickets
128,Abhishek Nayar,4,1,1.0,16.0,0.0,0/16,0.0,16.0,0.0,0,0,2012,most_wickets
129,Virat Kohli,16,2,3.0,49.0,0.0,0/13,0.0,16.33,0.0,0,0,2012,most_wickets
130,Raju Bhatkal,1,1,2.0,35.0,0.0,0/35,0.0,17.5,0.0,0,0,2012,most_wickets
1,Dwayne Bravo,18,18,62.3,497.0,32.0,4/42,15.53,7.95,11.71,1,0,2013,most_wickets
2,James Faulkner,16,16,63.1,427.0,28.0,5/16,15.25,6.75,13.53,0,2,2013,most_wickets
3,Harbhajan Singh,19,19,70.0,456.0,24.0,3/14,19.0,6.51,17.5,0,0,2013,most_wickets
4,Mitchell Johnson,17,17,64.0,459.0,24.0,3/27,19.12,7.17,16.0,0,0,2013,most_wickets
5,Vinay Kumar,16,16,60.1,493.0,23.0,3/18,21.43,8.19,15.69,0,0,2013,most_wickets
6,Sunil Narine,16,16,64.0,350.0,22.0,4/13,15.9,5.46,17.45,2,0,2013,most_wickets
7,Amit Mishra,17,17,62.0,394.0,21.0,4/19,18.76,6.35,17.71,1,0,2013,most_wickets
8,Mohit Sharma,15,15,50.4,326.0,20.0,3/10,16.3,6.43,15.2,0,0,2013,most_wickets
9,Lasith Malinga,17,17,65.2,468.0,20.0,3/39,23.4,7.16,19.6,0,0,2013,most_wickets
10,Dale Steyn,17,17,67.5,384.0,19.0,3/11,20.21,5.66,21.42,0,0,2013,most_wickets
11,Thisara Perera,16,16,59.4,478.0,19.0,3/20,25.15,8.01,18.84,0,0,2013,most_wickets
12,Kevon Cooper,14,14,54.0,449.0,19.0,3/15,23.63,8.31,17.05,0,0,2013,most_wickets
13,Pragyan Ojha,16,15,52.2,381.0,16.0,3/11,23.81,7.28,19.62,0,0,2013,most_wickets
14,Jacques Kallis,16,15,53.0,394.0,16.0,3/13,24.62,7.43,19.87,0,0,2013,most_wickets
15,Umesh Yadav,16,16,57.5,508.0,16.0,4/24,31.75,8.78,21.68,1,0,2013,most_wickets
16,Ashok Dinda,13,13,49.0,465.0,16.0,3/31,29.06,9.48,18.37,0,0,2013,most_wickets
17,Ravichandran Ashwin,18,18,58.0,390.0,15.0,2/18,26.0,6.72,23.2,0,0,2013,most_wickets
18,Azhar Mahmood,11,11,43.5,330.0,15.0,3/21,22.0,7.52,17.53,0,0,2013,most_wickets
19,Parvinder Awana,14,14,54.0,412.0,15.0,3/39,27.46,7.62,21.6,0,0,2013,most_wickets
20,Ishant Sharma,16,16,59.4,466.0,15.0,3/27,31.06,7.81,23.86,0,0,2013,most_wickets
21,Chris Morris,16,16,50.0,401.0,15.0,3/40,26.73,8.02,20.0,0,0,2013,most_wickets
22,Bhuvneshwar Kumar,16,16,57.0,371.0,13.0,3/18,28.53,6.5,26.3,0,0,2013,most_wickets
23,Ravi Rampaul,10,10,37.4,261.0,13.0,3/31,20.07,6.92,17.38,0,0,2013,most_wickets
24,Shane Watson,16,13,41.4,298.0,13.0,3/22,22.92,7.15,19.23,0,0,2013,most_wickets
25,Ravindra Jadeja,18,15,43.1,323.0,13.0,3/20,24.84,7.48,19.92,0,0,2013,most_wickets
26,Jaydev Unadkat,13,13,49.0,370.0,13.0,5/25,28.46,7.55,22.61,0,1,2013,most_wickets
27,RP Singh,11,11,39.5,335.0,13.0,3/13,25.76,8.41,18.38,0,0,2013,most_wickets
28,Praveen Kumar,15,15,56.2,373.0,12.0,2/10,31.08,6.62,28.16,0,0,2013,most_wickets
29,Siddharth Trivedi,17,17,59.5,410.0,12.0,3/23,34.16,6.85,29.91,0,0,2013,most_wickets
30,Lakshmipathy Balaji,13,13,50.0,387.0,12.0,3/19,32.25,7.74,25.0,0,0,2013,most_wickets
31,Karn Sharma,13,13,34.5,230.0,11.0,2/19,20.9,6.6,19.0,0,0,2013,most_wickets
32,Piyush Chawla,16,16,58.2,418.0,11.0,2/20,38.0,7.16,31.81,0,0,2013,most_wickets
33,Rajat Bhatia,15,15,43.5,332.0,11.0,2/23,30.18,7.57,23.9,0,0,2013,most_wickets
34,Ashish Nehra,10,10,36.0,316.0,11.0,2/35,28.72,8.77,19.63,0,0,2013,most_wickets
35,Irfan Pathan,15,15,51.2,382.0,10.0,2/29,38.2,7.44,30.8,0,0,2013,most_wickets
36,Kieron Pollard,18,14,31.0,292.0,10.0,2/6,29.2,9.41,18.6,0,0,2013,most_wickets
37,Shahbaz Nadeem,12,12,44.0,259.0,9.0,2/17,28.77,5.88,29.33,0,0,2013,most_wickets
38,Sachithra Senanayake,8,8,32.0,209.0,9.0,2/26,23.22,6.53,21.33,0,0,2013,most_wickets
39,Rahul Sharma,11,11,41.0,281.0,9.0,2/16,31.22,6.85,27.33,0,0,2013,most_wickets
40,Murali Kartik,11,11,39.0,284.0,9.0,2/24,31.55,7.28,26.0,0,0,2013,most_wickets
41,Sandeep Sharma,4,4,16.0,119.0,8.0,3/21,14.87,7.43,12.0,0,0,2013,most_wickets
42,Darren Sammy,10,9,22.2,168.0,8.0,4/22,21.0,7.52,16.75,1,0,2013,most_wickets
43,Dhawal Kulkarni,6,6,18.4,151.0,8.0,3/19,18.87,8.08,14.0,0,0,2013,most_wickets
44,Albie Morkel,8,7,24.0,159.0,7.0,3/32,22.71,6.62,20.57,0,0,2013,most_wickets
45,Iqbal Abdulla,5,5,18.5,142.0,7.0,3/29,20.28,7.53,16.14,0,0,2013,most_wickets
46,Morne Morkel,10,10,40.0,335.0,7.0,2/27,47.85,8.37,34.28,0,0,2013,most_wickets
47,Moises Henriques,10,8,21.1,185.0,7.0,2/14,26.42,8.74,18.14,0,0,2013,most_wickets
48,Manpreet Gony,8,8,28.0,256.0,7.0,2/24,36.57,9.14,24.0,0,0,2013,most_wickets
49,Mitchell Marsh,9,7,19.2,182.0,7.0,2/7,26.0,9.41,16.57,0,0,2013,most_wickets
50,Ajit Chandila,8,8,25.0,156.0,6.0,2/6,26.0,6.24,25.0,0,0,2013,most_wickets
51,Stuart Binny,17,14,24.0,162.0,6.0,2/14,27.0,6.75,24.0,0,0,2013,most_wickets
52,Yuvraj Singh,13,10,22.0,152.0,6.0,2/27,25.33,6.9,22.0,0,0,2013,most_wickets
53,Wayne Parnell,4,4,14.5,137.0,6.0,3/27,22.83,9.23,14.83,0,0,2013,most_wickets
54,Johan Botha,6,6,16.4,109.0,5.0,2/11,21.8,6.54,20.0,0,0,2013,most_wickets
55,Shanthakumaran Sreesanth,7,7,21.4,163.0,5.0,2/20,32.6,7.52,26.0,0,0,2013,most_wickets
56,Harmeet Singh Bansal,3,3,11.2,87.0,5.0,3/24,17.4,7.67,13.6,0,0,2013,most_wickets
57,Angelo Mathews,11,10,31.0,240.0,5.0,3/14,48.0,7.74,37.2,0,0,2013,most_wickets
58,Zaheer Khan,2,2,6.0,47.0,5.0,4/17,9.4,7.83,7.2,1,0,2013,most_wickets
59,Brett Lee,3,3,12.0,86.0,4.0,2/40,21.5,7.16,18.0,0,0,2013,most_wickets
60,Siddarth Kaul,6,6,21.5,170.0,4.0,2/27,42.5,7.78,32.75,0,0,2013,most_wickets
61,Dirk Nannes,5,5,19.5,158.0,4.0,2/17,39.5,7.96,29.75,0,0,2013,most_wickets
62,Abu Nechim,2,2,7.0,45.0,3.0,2/27,15.0,6.42,14.0,0,0,2013,most_wickets
63,Roelof van der Merwe,3,3,11.0,71.0,3.0,1/17,23.66,6.45,22.0,0,0,2013,most_wickets
64,Muttiah Muralitharan,6,6,23.0,177.0,3.0,1/18,59.0,7.69,46.0,0,0,2013,most_wickets
65,Syed Mohammad,4,4,10.0,91.0,3.0,2/15,30.33,9.1,20.0,0,0,2013,most_wickets
66,Munaf Patel,4,4,15.0,137.0,3.0,3/29,45.66,9.13,30.0,0,0,2013,most_wickets
67,Ali Murtaza,3,3,10.0,94.0,3.0,3/15,31.33,9.4,20.0,0,0,2013,most_wickets
68,Rahul Shukla,3,3,8.0,79.0,3.0,2/28,26.33,9.87,16.0,0,0,2013,most_wickets
69,Chris Gayle,16,4,4.0,40.0,3.0,2/5,13.33,10.0,8.0,0,0,2013,most_wickets
70,Jasprit Bumrah,2,2,7.0,70.0,3.0,3/32,23.33,10.0,14.0,0,0,2013,most_wickets
71,Ashish Reddy,12,5,6.4,70.0,3.0,1/7,23.33,10.5,13.33,0,0,2013,most_wickets
72,Ryan McLaren,2,2,7.0,94.0,3.0,2/60,31.33,13.42,14.0,0,0,2013,most_wickets
73,Anand Rajan,2,2,8.0,42.0,2.0,1/20,21.0,5.25,24.0,0,0,2013,most_wickets
74,Vikramjeet Malik,3,3,10.0,59.0,2.0,2/14,29.5,5.9,30.0,0,0,2013,most_wickets
75,Ajantha Mendis,3,3,12.0,78.0,2.0,1/15,39.0,6.5,36.0,0,0,2013,most_wickets
76,Rishi Dhawan,6,5,15.0,109.0,2.0,1/6,54.5,7.26,45.0,0,0,2013,most_wickets
77,Abhishek Nayar,11,3,8.0,59.0,2.0,1/15,29.5,7.37,24.0,0,0,2013,most_wickets
78,Jason Holder,6,6,20.0,168.0,2.0,2/20,84.0,8.4,60.0,0,0,2013,most_wickets
79,Kane Richardson,3,3,11.5,101.0,2.0,1/28,50.5,8.53,35.5,0,0,2013,most_wickets
80,Luke Wright,6,5,9.5,100.0,2.0,1/12,50.0,10.16,29.5,0,0,2013,most_wickets
81,Dwayne Smith,13,3,5.0,59.0,2.0,2/20,29.5,11.8,15.0,0,0,2013,most_wickets
82,Adam Gilchrist,13,1,0.1,0.0,1.0,1/0,0.0,0.0,1.0,0,0,2013,most_wickets
83,Bipul Sharma,1,1,4.0,21.0,1.0,1/21,21.0,5.25,24.0,0,0,2013,most_wickets
84,Parveez Rasool,2,2,5.0,28.0,1.0,1/23,28.0,5.6,30.0,0,0,2013,most_wickets
85,Ryan Harris,3,3,12.0,72.0,1.0,1/12,72.0,6.0,72.0,0,0,2013,most_wickets
86,Hanuma Vihari,17,5,6.0,38.0,1.0,1/5,38.0,6.33,36.0,0,0,2013,most_wickets
87,Bhargav Bhatt,2,2,5.0,32.0,1.0,1/11,32.0,6.4,30.0,0,0,2013,most_wickets
88,Ankeet Chavan,3,3,9.0,63.0,1.0,1/28,63.0,7.0,54.0,0,0,2013,most_wickets
89,Pawan Suyal,1,1,3.0,21.0,1.0,1/21,21.0,7.0,18.0,0,0,2013,most_wickets
90,Jeevan Mendis,3,2,5.0,36.0,1.0,1/16,36.0,7.2,30.0,0,0,2013,most_wickets
91,Nathan Coulter-Nile,1,1,4.0,29.0,1.0,1/29,29.0,7.25,24.0,0,0,2013,most_wickets
92,Laxmi Ratan Shukla,4,2,3.0,22.0,1.0,1/14,22.0,7.33,18.0,0,0,2013,most_wickets
93,Tirumalasetti Suman,7,1,2.0,15.0,1.0,1/15,15.0,7.5,12.0,0,0,2013,most_wickets
94,Cameron White,13,2,2.0,16.0,1.0,1/14,16.0,8.0,12.0,0,0,2013,most_wickets
95,Pravin Tambe,3,3,11.0,88.0,1.0,1/38,88.0,8.0,66.0,0,0,2013,most_wickets
96,Yusuf Pathan,16,5,9.0,73.0,1.0,1/9,73.0,8.11,54.0,0,0,2013,most_wickets
97,Harmeet Singh,1,1,4.0,34.0,1.0,1/34,34.0,8.5,24.0,0,0,2013,most_wickets
98,Andrew McDonald,1,1,2.0,17.0,1.0,1/17,17.0,8.5,12.0,0,0,2013,most_wickets
99,Marlon Samuels,2,1,4.0,34.0,1.0,1/34,34.0,8.5,24.0,0,0,2013,most_wickets
100,Mohammad Shami,3,3,9.0,78.0,1.0,1/32,78.0,8.66,54.0,0,0,2013,most_wickets
101,Ankit Rajpoot,2,2,4.0,35.0,1.0,1/25,35.0,8.75,24.0,0,0,2013,most_wickets
102,Sarabjit Ladda,1,1,2.0,18.0,1.0,1/18,18.0,9.0,12.0,0,0,2013,most_wickets
103,Abhimanyu Mithun,1,1,4.0,37.0,1.0,1/37,37.0,9.25,24.0,0,0,2013,most_wickets
104,Shaun Tait,3,3,10.0,98.0,1.0,1/29,98.0,9.8,60.0,0,0,2013,most_wickets
105,Ben Laughlin,2,2,7.0,71.0,1.0,1/25,71.0,10.14,42.0,0,0,2013,most_wickets
106,Suresh Raina,18,2,2.0,23.0,1.0,1/4,23.0,11.5,12.0,0,0,2013,most_wickets
107,Aaron Finch,14,3,4.0,49.0,1.0,1/11,49.0,12.25,24.0,0,0,2013,most_wickets
108,Ishwar Pandey,2,2,4.0,50.0,1.0,1/17,50.0,12.5,24.0,0,0,2013,most_wickets
109,Brad Hodge,17,1,1.0,3.0,0.0,0/3,0.0,3.0,0.0,0,0,2013,most_wickets
110,Rohit Sharma,19,2,1.2,6.0,0.0,0/1,0.0,4.5,0.0,0,0,2013,most_wickets
111,Raiphi Gomez,2,1,1.0,5.0,0.0,0/5,0.0,5.0,0.0,0,0,2013,most_wickets
112,Jacob Oram,1,1,4.0,22.0,0.0,0/22,0.0,5.5,0.0,0,0,2013,most_wickets
113,Dimitri Mascarenhas,1,1,4.0,25.0,0.0,0/25,0.0,6.25,0.0,0,0,2013,most_wickets
114,Pawan Negi,1,1,4.0,28.0,0.0,0/28,0.0,7.0,0.0,0,0,2013,most_wickets
115,Ryan ten Doeschate,4,3,3.0,24.0,0.0,0/3,0.0,8.0,0.0,0,0,2013,most_wickets
116,David Hussey,12,4,11.0,91.0,0.0,0/14,0.0,8.27,0.0,0,0,2013,most_wickets
117,Samuel Badree,1,1,4.0,34.0,0.0,0/34,0.0,8.5,0.0,0,0,2013,most_wickets
118,Ankit Sharma,1,1,2.0,17.0,0.0,0/17,0.0,8.5,0.0,0,0,2013,most_wickets
119,Yuzvendra Chahal,1,1,4.0,34.0,0.0,0/34,0.0,8.5,0.0,0,0,2013,most_wickets
120,Sumit Narwal,2,1,2.0,17.0,0.0,0/17,0.0,8.5,0.0,0,0,2013,most_wickets
121,Virender Sehwag,13,1,1.0,9.0,0.0,0/9,0.0,9.0,0.0,0,0,2013,most_wickets
122,Dan Christian,2,2,6.0,55.0,0.0,0/13,0.0,9.16,0.0,0,0,2013,most_wickets
123,Ajit Agarkar,4,4,10.0,92.0,0.0,0/4,0.0,9.2,0.0,0,0,2013,most_wickets
124,Brad Hogg,1,1,3.2,31.0,0.0,0/31,0.0,9.3,0.0,0,0,2013,most_wickets
125,Krishnakant Upadhyay,2,2,5.0,48.0,0.0,0/19,0.0,9.6,0.0,0,0,2013,most_wickets
126,Andre Russell,3,3,7.0,68.0,0.0,0/13,0.0,9.71,0.0,0,0,2013,most_wickets
127,Tillakaratne Dilshan,5,1,1.0,10.0,0.0,0/10,0.0,10.0,0.0,0,0,2013,most_wickets
128,Glenn Maxwell,3,2,2.0,23.0,0.0,0/5,0.0,11.5,0.0,0,0,2013,most_wickets
129,Ben Rohrer,8,1,1.0,12.0,0.0,0/12,0.0,12.0,0.0,0,0,2013,most_wickets
130,Pradeep Sangwan,2,2,4.0,51.0,0.0,0/17,0.0,12.75,0.0,0,0,2013,most_wickets
131,Rajagopal Sathish,9,3,4.0,51.0,0.0,0/10,0.0,12.75,0.0,0,0,2013,most_wickets
132,Michael Neser,1,1,4.0,62.0,0.0,0/62,0.0,15.5,0.0,0,0,2013,most_wickets
1,Mohit Sharma,16,16,53.5,452.0,23.0,4/14,19.65,8.39,14.04,1,0,2014,most_wickets
2,Sunil Narine,16,16,64.0,407.0,21.0,4/20,19.38,6.35,18.28,2,0,2014,most_wickets
3,Bhuvneshwar Kumar,14,14,53.1,354.0,20.0,4/14,17.7,6.65,15.95,1,0,2014,most_wickets
4,Ravindra Jadeja,16,16,54.2,443.0,19.0,4/12,23.31,8.15,17.15,2,0,2014,most_wickets
5,Sandeep Sharma,11,11,40.1,354.0,18.0,3/15,19.66,8.81,13.38,0,0,2014,most_wickets
6,Axar Patel,17,17,66.0,405.0,17.0,3/24,23.82,6.13,23.29,0,0,2014,most_wickets
7,Mitchell Johnson,14,14,53.3,444.0,17.0,2/19,26.11,8.29,18.88,0,0,2014,most_wickets
8,Lasith Malinga,10,10,39.1,253.0,16.0,4/23,15.81,6.45,14.68,1,0,2014,most_wickets
9,Ravichandran Ashwin,16,16,59.5,437.0,16.0,3/30,27.31,7.3,22.43,0,0,2014,most_wickets
10,Varun Aaron,10,10,36.4,299.0,16.0,3/16,18.68,8.15,13.75,0,0,2014,most_wickets
11,Pravin Tambe,13,13,49.0,356.0,15.0,4/20,23.73,7.26,19.6,1,0,2014,most_wickets
12,Karn Sharma,14,14,50.4,376.0,15.0,4/38,25.06,7.42,20.26,1,0,2014,most_wickets
13,Harbhajan Singh,14,14,55.0,356.0,14.0,2/13,25.42,6.47,23.57,0,0,2014,most_wickets
14,Mitchell Starc,14,14,53.4,402.0,14.0,2/21,28.71,7.49,23.0,0,0,2014,most_wickets
15,Piyush Chawla,11,11,39.3,303.0,14.0,3/19,21.64,7.67,16.92,0,0,2014,most_wickets
16,Rishi Dhawan,13,13,47.2,365.0,13.0,2/14,28.07,7.71,21.84,0,0,2014,most_wickets
17,Yuzvendra Chahal,14,14,55.0,386.0,12.0,2/17,32.16,7.01,27.5,0,0,2014,most_wickets
18,Rajat Bhatia,12,12,38.0,283.0,12.0,3/23,23.58,7.44,19.0,0,0,2014,most_wickets
19,Morne Morkel,12,12,48.0,367.0,12.0,2/20,30.58,7.64,24.0,0,0,2014,most_wickets
20,Lakshmipathy Balaji,9,9,34.0,299.0,12.0,4/13,24.91,8.79,17.0,1,0,2014,most_wickets
21,Shakib Al Hasan,13,13,50.0,334.0,11.0,2/22,30.36,6.68,27.27,0,0,2014,most_wickets
22,Dale Steyn,14,14,56.0,431.0,11.0,2/20,39.18,7.69,30.54,0,0,2014,most_wickets
23,Umesh Yadav,12,12,45.0,367.0,11.0,3/13,33.36,8.15,24.54,0,0,2014,most_wickets
24,Karanveer Singh,5,5,20.0,164.0,11.0,4/54,14.9,8.2,10.9,1,0,2014,most_wickets
25,James Faulkner,13,13,43.0,419.0,11.0,3/11,38.09,9.74,23.45,0,0,2014,most_wickets
26,Kane Richardson,7,7,27.0,206.0,9.0,2/18,22.88,7.62,18.0,0,0,2014,most_wickets
27,Imran Tahir,6,6,20.5,171.0,9.0,3/22,19.0,8.2,13.88,0,0,2014,most_wickets
28,Jaydev Unadkat,9,9,31.1,270.0,9.0,3/32,30.0,8.66,20.77,0,0,2014,most_wickets
29,Shahbaz Nadeem,11,11,38.0,311.0,8.0,2/35,38.87,8.18,28.5,0,0,2014,most_wickets
30,Ben Hilfenhaus,8,8,28.0,246.0,8.0,2/32,30.75,8.78,21.0,0,0,2014,most_wickets
31,Ashish Nehra,4,4,15.0,142.0,8.0,3/33,17.75,9.46,11.25,0,0,2014,most_wickets
32,Shane Watson,13,9,21.0,165.0,7.0,3/13,23.57,7.85,18.0,0,0,2014,most_wickets
33,Mohammad Shami,12,12,44.0,369.0,7.0,1/22,52.71,8.38,37.71,0,0,2014,most_wickets
34,Vinay Kumar,9,9,32.0,281.0,7.0,2/26,40.14,8.78,27.42,0,0,2014,most_wickets
35,Amit Mishra,10,10,37.3,340.0,7.0,2/23,48.57,9.06,32.14,0,0,2014,most_wickets
36,Parvinder Awana,7,7,23.3,245.0,7.0,2/15,35.0,10.42,20.14,0,0,2014,most_wickets
37,Wayne Parnell,8,8,30.1,223.0,6.0,2/21,37.16,7.39,30.16,0,0,2014,most_wickets
38,Ishwar Pandey,13,12,42.0,318.0,6.0,2/23,53.0,7.57,42.0,0,0,2014,most_wickets
39,Shreyas Gopal,4,4,14.0,113.0,6.0,2/25,18.83,8.07,14.0,0,0,2014,most_wickets
40,Dhawal Kulkarni,8,8,27.0,221.0,6.0,2/23,36.83,8.18,27.0,0,0,2014,most_wickets
41,Zaheer Khan,6,6,22.2,146.0,5.0,2/21,29.2,6.53,26.8,0,0,2014,most_wickets
42,Jasprit Bumrah,11,11,39.4,301.0,5.0,2/22,60.2,7.58,47.6,0,0,2014,most_wickets
43,Yuvraj Singh,14,10,22.4,187.0,5.0,4/35,37.4,8.25,27.2,1,0,2014,most_wickets
44,Ashok Dinda,9,9,31.0,270.0,5.0,1/14,54.0,8.7,37.2,0,0,2014,most_wickets
45,Ankit Sharma,3,2,8.0,43.0,4.0,2/20,10.75,5.37,12.0,0,0,2014,most_wickets
46,Kevon Cooper,5,5,18.0,134.0,4.0,2/38,33.5,7.44,27.0,0,0,2014,most_wickets
47,Albie Morkel,7,6,16.0,126.0,4.0,1/18,31.5,7.87,24.0,0,0,2014,most_wickets
48,Jacques Kallis,8,8,22.0,186.0,4.0,1/15,46.5,8.45,33.0,0,0,2014,most_wickets
49,Irfan Pathan,10,10,23.4,205.0,4.0,2/10,51.25,8.66,35.5,0,0,2014,most_wickets
50,Dwayne Smith,16,5,10.0,95.0,4.0,1/11,23.75,9.5,15.0,0,0,2014,most_wickets
51,Moises Henriques,4,4,10.0,96.0,4.0,2/26,24.0,9.6,15.0,0,0,2014,most_wickets
52,Corey Anderson,12,9,18.0,184.0,4.0,2/18,46.0,10.22,27.0,0,0,2014,most_wickets
53,Harshal Patel,3,3,11.0,113.0,4.0,2/56,28.25,10.27,16.5,0,0,2014,most_wickets
54,Beuran Hendricks,3,3,12.0,126.0,4.0,3/36,31.5,10.5,18.0,0,0,2014,most_wickets
55,Praveen Kumar,3,3,12.0,78.0,3.0,2/31,26.0,6.5,24.0,0,0,2014,most_wickets
56,Stuart Binny,13,8,9.0,64.0,3.0,1/1,21.33,7.11,18.0,0,0,2014,most_wickets
57,JP Duminy,14,11,33.0,240.0,3.0,2/27,80.0,7.27,66.0,0,0,2014,most_wickets
58,Shivam Sharma,4,4,16.0,121.0,3.0,2/26,40.33,7.56,32.0,0,0,2014,most_wickets
59,Muttiah Muralitharan,5,5,16.0,124.0,3.0,2/25,41.33,7.75,32.0,0,0,2014,most_wickets
60,Abu Nechim,4,4,14.2,113.0,3.0,1/18,37.66,7.88,28.66,0,0,2014,most_wickets
61,Ishant Sharma,3,3,11.0,101.0,3.0,2/37,33.66,9.18,22.0,0,0,2014,most_wickets
62,Darren Sammy,10,8,14.0,157.0,3.0,1/20,52.33,11.21,28.0,0,0,2014,most_wickets
63,Krishmar Santokie,2,2,8.0,90.0,3.0,2/50,30.0,11.25,16.0,0,0,2014,most_wickets
64,Rahul Tewatia,3,3,9.0,59.0,2.0,1/17,29.5,6.55,27.0,0,0,2014,most_wickets
65,Nathan Coulter-Nile,2,1,4.0,27.0,2.0,2/27,13.5,6.75,12.0,0,0,2014,most_wickets
66,Samuel Badree,4,4,14.0,97.0,2.0,1/19,48.5,6.92,42.0,0,0,2014,most_wickets
67,Marchant de Lange,1,1,4.0,32.0,2.0,2/32,16.0,8.0,12.0,0,0,2014,most_wickets
68,Siddarth Kaul,5,5,13.0,126.0,2.0,1/5,63.0,9.69,39.0,0,0,2014,most_wickets
69,Kieron Pollard,15,12,25.0,262.0,2.0,1/33,131.0,10.48,75.0,0,0,2014,most_wickets
70,Rahul Shukla,3,3,9.0,98.0,2.0,1/13,49.0,10.88,27.0,0,0,2014,most_wickets
71,David Hussey,5,1,2.5,38.0,2.0,2/38,19.0,13.41,8.5,0,0,2014,most_wickets
72,Ravi Rampaul,2,2,6.0,37.0,1.0,1/21,37.0,6.16,36.0,0,0,2014,most_wickets
73,Ryan ten Doeschate,10,4,5.0,35.0,1.0,1/7,35.0,7.0,30.0,0,0,2014,most_wickets
74,Pat Cummins,1,1,4.0,29.0,1.0,1/29,29.0,7.25,24.0,0,0,2014,most_wickets
75,Suresh Raina,16,8,18.0,134.0,1.0,1/17,134.0,7.44,108.0,0,0,2014,most_wickets
76,Ben Cutting,1,1,4.0,31.0,1.0,1/31,31.0,7.75,24.0,0,0,2014,most_wickets
77,Rohit Sharma,15,2,3.0,26.0,1.0,1/20,26.0,8.66,18.0,0,0,2014,most_wickets
78,Laxmi Ratan Shukla,6,5,9.2,83.0,1.0,1/31,83.0,8.89,56.0,0,0,2014,most_wickets
79,Parveez Rasool,3,3,9.0,83.0,1.0,1/26,83.0,9.22,54.0,0,0,2014,most_wickets
80,John Hastings,1,1,3.0,29.0,1.0,1/29,29.0,9.66,18.0,0,0,2014,most_wickets
81,Vikramjeet Malik,1,1,3.0,29.0,1.0,1/29,29.0,9.66,18.0,0,0,2014,most_wickets
82,Jimmy Neesham,4,4,9.0,91.0,1.0,1/29,91.0,10.11,54.0,0,0,2014,most_wickets
83,Andre Russell,2,2,5.0,52.0,1.0,1/25,52.0,10.4,30.0,0,0,2014,most_wickets
84,Rahul Sharma,2,2,6.0,65.0,1.0,1/33,65.0,10.83,36.0,0,0,2014,most_wickets
85,Lendl Simmons,8,1,3.0,34.0,1.0,1/34,34.0,11.33,18.0,0,0,2014,most_wickets
86,Murali Kartik,2,2,8.0,91.0,1.0,1/51,91.0,11.37,48.0,0,0,2014,most_wickets
87,Pawan Suyal,1,1,3.0,35.0,1.0,1/35,35.0,11.66,18.0,0,0,2014,most_wickets
88,Jason Holder,1,1,3.0,35.0,1.0,1/35,35.0,11.66,18.0,0,0,2014,most_wickets
89,Glenn Maxwell,16,7,11.0,132.0,1.0,1/21,132.0,12.0,66.0,0,0,2014,most_wickets
90,Tim Southee,3,3,10.0,76.0,0.0,0/16,0.0,7.6,0.0,0,0,2014,most_wickets
91,Suryakumar Yadav,16,1,1.0,8.0,0.0,0/8,0.0,8.0,0.0,0,0,2014,most_wickets
92,Sachin Rana,9,2,2.0,16.0,0.0,0/7,0.0,8.0,0.0,0,0,2014,most_wickets
93,Venugopal Rao,7,2,2.0,16.0,0.0,0/7,0.0,8.0,0.0,0,0,2014,most_wickets
94,Iqbal Abdulla,1,1,2.0,17.0,0.0,0/17,0.0,8.5,0.0,0,0,2014,most_wickets
95,Yusuf Pathan,15,1,1.0,10.0,0.0,0/10,0.0,10.0,0.0,0,0,2014,most_wickets
96,Pawan Negi,2,2,7.0,75.0,0.0,0/37,0.0,10.71,0.0,0,0,2014,most_wickets
97,Shadab Jakati,1,1,3.4,41.0,0.0,0/41,0.0,11.18,0.0,0,0,2014,most_wickets
98,Murali Vijay,11,1,1.0,13.0,0.0,0/13,0.0,13.0,0.0,0,0,2014,most_wickets
99,Manoj Tiwary,8,1,2.0,28.0,0.0,0/28,0.0,14.0,0.0,0,0,2014,most_wickets
100,Vijay Shankar,1,1,1.0,19.0,0.0,0/19,0.0,19.0,0.0,0,0,2014,most_wickets
1,Dwayne Bravo,17,16,52.2,426.0,26.0,3/22,16.38,8.14,12.07,0,0,2015,most_wickets
2,Lasith Malinga,15,15,60.0,444.0,24.0,4/23,18.5,7.4,15.0,1,0,2015,most_wickets
3,Yuzvendra Chahal,15,14,46.5,415.0,23.0,3/40,18.04,8.86,12.21,0,0,2015,most_wickets
4,Ashish Nehra,16,16,62.0,449.0,22.0,4/10,20.4,7.24,16.9,1,0,2015,most_wickets
5,Mitchell Starc,13,12,43.0,291.0,20.0,4/15,14.55,6.76,12.9,1,0,2015,most_wickets
6,Harbhajan Singh,15,15,57.0,446.0,18.0,3/27,24.77,7.82,19.0,0,0,2015,most_wickets
7,Bhuvneshwar Kumar,14,14,51.4,407.0,18.0,3/26,22.61,7.87,17.22,0,0,2015,most_wickets
8,Mitchell McClenaghan,12,12,47.0,386.0,18.0,3/16,21.44,8.21,15.66,0,0,2015,most_wickets
9,Harshal Patel,15,14,43.5,328.0,17.0,2/12,19.29,7.48,15.47,0,0,2015,most_wickets
10,David Wiese,14,13,42.2,353.0,16.0,4/33,22.06,8.33,15.87,1,0,2015,most_wickets
11,Nathan Coulter-Nile,11,11,42.3,321.0,15.0,4/20,21.4,7.55,17.0,1,0,2015,most_wickets
12,Imran Tahir,10,10,35.3,314.0,15.0,4/28,20.93,8.84,14.2,1,0,2015,most_wickets
13,Anureet Singh,14,14,51.4,465.0,15.0,3/23,31.0,9.0,20.66,0,0,2015,most_wickets
14,Andre Russell,13,13,40.4,324.0,14.0,3/32,23.14,7.96,17.42,0,0,2015,most_wickets
15,Mohit Sharma,16,16,57.0,481.0,14.0,3/25,34.35,8.43,24.42,0,0,2015,most_wickets
16,Sandeep Sharma,14,14,50.0,350.0,13.0,4/25,26.92,7.0,23.07,1,0,2015,most_wickets
17,Chris Morris,11,11,42.0,311.0,13.0,4/23,23.92,7.4,19.38,1,0,2015,most_wickets
18,Dhawal Kulkarni,11,11,35.0,277.0,13.0,2/9,21.3,7.91,16.15,0,0,2015,most_wickets
19,Axar Patel,14,14,46.4,392.0,13.0,2/11,30.15,8.4,21.53,0,0,2015,most_wickets
20,Moises Henriques,9,9,25.0,158.0,11.0,3/16,14.36,6.32,13.63,0,0,2015,most_wickets
21,Ishwar Pandey,10,10,31.0,223.0,11.0,2/27,20.27,7.19,16.9,0,0,2015,most_wickets
22,Piyush Chawla,13,13,35.0,269.0,11.0,4/32,24.45,7.68,19.09,1,0,2015,most_wickets
23,Ravindra Jadeja,17,15,42.4,330.0,11.0,4/11,30.0,7.73,23.27,1,0,2015,most_wickets
24,Ravichandran Ashwin,14,13,39.0,228.0,10.0,2/5,22.8,5.84,23.4,0,0,2015,most_wickets
25,Morne Morkel,7,7,28.0,206.0,10.0,2/18,20.6,7.35,16.8,0,0,2015,most_wickets
26,Karn Sharma,14,14,39.5,332.0,10.0,2/12,33.2,8.33,23.9,0,0,2015,most_wickets
27,Jagadeesha Suchith,13,12,39.0,337.0,10.0,2/14,33.7,8.64,23.4,0,0,2015,most_wickets
28,Umesh Yadav,12,12,42.0,382.0,10.0,3/33,38.2,9.09,25.2,0,0,2015,most_wickets
29,Brad Hogg,6,6,21.0,144.0,9.0,4/29,16.0,6.85,14.0,1,0,2015,most_wickets
30,Amit Mishra,12,12,40.1,310.0,9.0,2/32,34.44,7.71,26.77,0,0,2015,most_wickets
31,Trent Boult,7,7,28.0,236.0,9.0,3/19,26.22,8.42,18.66,0,0,2015,most_wickets
32,Mitchell Johnson,9,9,35.5,336.0,9.0,2/23,37.33,9.37,23.88,0,0,2015,most_wickets
33,Sreenath Aravind,5,5,18.0,132.0,8.0,4/27,16.5,7.33,13.5,1,0,2015,most_wickets
34,JP Duminy,14,9,17.0,126.0,8.0,4/17,15.75,7.41,12.75,1,0,2015,most_wickets
35,James Faulkner,13,13,45.0,426.0,8.0,3/26,53.25,9.46,33.75,0,0,2015,most_wickets
36,Zaheer Khan,7,7,24.1,156.0,7.0,2/9,22.28,6.45,20.71,0,0,2015,most_wickets
37,Sunil Narine,8,8,32.0,234.0,7.0,4/19,33.42,7.31,27.42,1,0,2015,most_wickets
38,Pravin Tambe,10,10,34.0,266.0,7.0,2/21,38.0,7.82,29.14,0,0,2015,most_wickets
39,Angelo Mathews,11,10,30.0,246.0,7.0,2/15,35.14,8.2,25.71,0,0,2015,most_wickets
40,Vinay Kumar,13,13,43.3,368.0,7.0,2/26,52.57,8.45,37.28,0,0,2015,most_wickets
41,Praveen Kumar,12,12,36.0,329.0,7.0,2/35,47.0,9.13,30.85,0,0,2015,most_wickets
42,Ravi Bopara,9,7,20.0,160.0,6.0,2/18,26.66,8.0,20.0,0,0,2015,most_wickets
43,Pawan Negi,10,10,30.0,252.0,6.0,2/25,42.0,8.4,30.0,0,0,2015,most_wickets
44,Tim Southee,7,7,28.0,247.0,6.0,2/32,41.16,8.82,28.0,0,0,2015,most_wickets
45,Shane Watson,10,10,29.0,269.0,6.0,2/36,44.83,9.27,29.0,0,0,2015,most_wickets
46,Beuran Hendricks,4,4,13.0,109.0,5.0,2/40,21.8,8.38,15.6,0,0,2015,most_wickets
47,Domnic Joseph,6,6,14.0,101.0,4.0,2/18,25.25,7.21,21.0,0,0,2015,most_wickets
48,Stuart Binny,13,10,19.0,140.0,4.0,2/27,35.0,7.36,28.5,0,0,2015,most_wickets
49,Iqbal Abdulla,5,5,19.0,150.0,4.0,2/36,37.5,7.89,28.5,0,0,2015,most_wickets
50,Shakib Al Hasan,4,4,14.0,123.0,4.0,2/22,30.75,8.78,21.0,0,0,2015,most_wickets
51,Bipul Sharma,4,3,7.0,50.0,3.0,2/13,16.66,7.14,14.0,0,0,2015,most_wickets
52,Gurkeerat Mann Singh,5,3,9.0,66.0,3.0,2/17,22.0,7.33,18.0,0,0,2015,most_wickets
53,Ankit Sharma,4,4,14.0,114.0,3.0,1/26,38.0,8.14,28.0,0,0,2015,most_wickets
54,Ashish Reddy,6,4,6.0,50.0,3.0,1/11,16.66,8.33,12.0,0,0,2015,most_wickets
55,Dale Steyn,6,6,19.0,170.0,3.0,2/38,56.66,8.94,38.0,0,0,2015,most_wickets
56,Albie Morkel,4,4,12.0,109.0,3.0,2/21,36.33,9.08,24.0,0,0,2015,most_wickets
57,Kieron Pollard,16,8,12.4,120.0,3.0,1/6,40.0,9.47,25.33,0,0,2015,most_wickets
58,Varun Aaron,6,5,17.2,177.0,3.0,2/24,59.0,10.21,34.66,0,0,2015,most_wickets
59,Jasprit Bumrah,4,4,15.0,184.0,3.0,1/38,61.33,12.26,30.0,0,0,2015,most_wickets
60,Jayant Yadav,3,3,7.0,29.0,2.0,1/8,14.5,4.14,21.0,0,0,2015,most_wickets
61,Suresh Raina,17,5,12.0,93.0,2.0,1/29,46.5,7.75,36.0,0,0,2015,most_wickets
62,Glenn Maxwell,11,7,10.0,97.0,2.0,1/5,48.5,9.7,30.0,0,0,2015,most_wickets
63,Yusuf Pathan,13,5,10.0,97.0,2.0,2/40,48.5,9.7,30.0,0,0,2015,most_wickets
64,Parveez Rasool,2,2,5.0,31.0,1.0,1/20,31.0,6.2,30.0,0,0,2015,most_wickets
65,Yuvraj Singh,14,6,9.0,72.0,1.0,1/14,72.0,8.0,54.0,0,0,2015,most_wickets
66,Johan Botha,4,4,10.0,81.0,1.0,1/32,81.0,8.1,60.0,0,0,2015,most_wickets
67,Corey Anderson,4,2,4.0,33.0,1.0,1/21,33.0,8.25,24.0,0,0,2015,most_wickets
68,Dwayne Smith,16,1,2.0,17.0,1.0,1/17,17.0,8.5,12.0,0,0,2015,most_wickets
69,Deepak Hooda,14,7,15.1,129.0,1.0,1/35,129.0,8.5,91.0,0,0,2015,most_wickets
70,Thisara Perera,2,2,6.0,55.0,1.0,1/33,55.0,9.16,36.0,0,0,2015,most_wickets
71,Rishi Dhawan,5,5,12.0,110.0,1.0,1/12,110.0,9.16,72.0,0,0,2015,most_wickets
72,Pat Cummins,3,3,10.0,97.0,1.0,1/54,97.0,9.7,60.0,0,0,2015,most_wickets
73,Juan Theron,1,1,4.0,40.0,1.0,1/40,40.0,10.0,24.0,0,0,2015,most_wickets
74,Ronit More,2,2,5.5,59.0,1.0,1/31,59.0,10.11,35.0,0,0,2015,most_wickets
75,Gurinder Sandhu,3,2,8.0,82.0,1.0,1/33,82.0,10.25,48.0,0,0,2015,most_wickets
76,Rahul Tewatia,1,1,3.0,31.0,1.0,1/31,31.0,10.33,18.0,0,0,2015,most_wickets
77,Hardik Pandya,9,8,17.0,176.0,1.0,1/13,176.0,10.35,102.0,0,0,2015,most_wickets
78,Shreyas Gopal,1,1,2.1,23.0,1.0,1/23,23.0,10.61,13.0,0,0,2015,most_wickets
79,Abu Nechim,3,3,12.0,128.0,1.0,1/28,128.0,10.66,72.0,0,0,2015,most_wickets
80,Karanveer Singh,4,4,14.0,157.0,1.0,1/30,157.0,11.21,84.0,0,0,2015,most_wickets
81,Ishant Sharma,4,4,14.0,159.0,1.0,1/25,159.0,11.35,84.0,0,0,2015,most_wickets
82,Shardul Thakur,1,1,3.0,38.0,1.0,1/38,38.0,12.66,18.0,0,0,2015,most_wickets
83,KC Cariappa,1,1,2.0,28.0,1.0,1/28,28.0,14.0,12.0,0,0,2015,most_wickets
84,Shivam Sharma,1,1,3.0,44.0,1.0,1/44,44.0,14.66,18.0,0,0,2015,most_wickets
85,Ryan ten Doeschate,6,1,1.0,4.0,0.0,0/4,0.0,4.0,0.0,0,0,2015,most_wickets
86,Virat Kohli,16,2,1.5,10.0,0.0,0/4,0.0,5.45,0.0,0,0,2015,most_wickets
87,Shahbaz Nadeem,4,2,7.0,43.0,0.0,0/18,0.0,6.14,0.0,0,0,2015,most_wickets
88,Murali Vijay,11,2,4.0,28.0,0.0,0/12,0.0,7.0,0.0,0,0,2015,most_wickets
89,Chris Gayle,14,1,2.0,15.0,0.0,0/15,0.0,7.5,0.0,0,0,2015,most_wickets
90,Marchant de Lange,1,1,4.0,30.0,0.0,0/30,0.0,7.5,0.0,0,0,2015,most_wickets
91,Darren Sammy,2,2,3.0,25.0,0.0,0/7,0.0,8.33,0.0,0,0,2015,most_wickets
92,Rajat Bhatia,2,2,5.0,46.0,0.0,0/23,0.0,9.2,0.0,0,0,2015,most_wickets
93,Pawan Suyal,3,3,10.0,95.0,0.0,0/22,0.0,9.5,0.0,0,0,2015,most_wickets
94,Jaydev Unadkat,1,1,3.0,30.0,0.0,0/30,0.0,10.0,0.0,0,0,2015,most_wickets
95,Sean Abbott,2,2,5.0,57.0,0.0,0/21,0.0,11.4,0.0,0,0,2015,most_wickets
96,Pragyan Ojha,1,1,2.0,23.0,0.0,0/23,0.0,11.5,0.0,0,0,2015,most_wickets
97,Barinder Sran,1,1,3.0,35.0,0.0,0/35,0.0,11.66,0.0,0,0,2015,most_wickets
98,Ashok Dinda,2,2,5.0,62.0,0.0,0/23,0.0,12.4,0.0,0,0,2015,most_wickets
99,Azhar Mahmood,1,1,3.0,41.0,0.0,0/41,0.0,13.66,0.0,0,0,2015,most_wickets
1,Bhuvneshwar Kumar,17,17,66.0,490.0,23.0,4/29,21.3,7.42,17.21,1,0,2016,most_wickets
2,Yuzvendra Chahal,13,13,49.1,401.0,21.0,4/25,19.09,8.15,14.04,1,0,2016,most_wickets
3,Shane Watson,16,16,56.3,485.0,20.0,4/29,24.25,8.58,16.95,1,0,2016,most_wickets
4,Dhawal Kulkarni,14,14,49.0,364.0,18.0,4/14,20.22,7.42,16.33,1,0,2016,most_wickets
5,Mustafizur Rahman,16,16,61.0,421.0,17.0,3/16,24.76,6.9,21.52,0,0,2016,most_wickets
6,Mitchell McClenaghan,14,14,53.2,436.0,17.0,4/21,25.64,8.17,18.82,1,0,2016,most_wickets
7,Dwayne Bravo,15,15,56.0,494.0,17.0,4/22,29.05,8.82,19.76,1,0,2016,most_wickets
8,Sandeep Sharma,14,14,50.0,366.0,15.0,2/11,24.4,7.32,20.0,0,0,2016,most_wickets
9,Jasprit Bumrah,14,14,52.0,406.0,15.0,3/13,27.06,7.8,20.8,0,0,2016,most_wickets
10,Andre Russell,12,12,36.3,291.0,15.0,4/20,19.4,7.97,14.6,1,0,2016,most_wickets
11,Barinder Sran,14,14,49.3,413.0,14.0,3/28,29.5,8.34,21.21,0,0,2016,most_wickets
12,Chris Morris,12,12,44.0,308.0,13.0,2/30,23.69,7.0,20.3,0,0,2016,most_wickets
13,Amit Mishra,14,14,46.0,344.0,13.0,4/11,26.46,7.47,21.23,1,0,2016,most_wickets
14,Axar Patel,14,14,47.5,388.0,13.0,4/21,29.84,8.11,22.07,1,0,2016,most_wickets
15,Mohit Sharma,14,14,48.3,407.0,13.0,3/23,31.3,8.39,22.38,0,0,2016,most_wickets
16,Adam Zampa,5,5,17.0,115.0,12.0,6/19,9.58,6.76,8.5,0,1,2016,most_wickets
17,Moises Henriques,17,17,52.0,415.0,12.0,2/17,34.58,7.98,26.0,0,0,2016,most_wickets
18,Sunil Narine,11,11,42.5,304.0,11.0,3/26,27.63,7.09,23.36,0,0,2016,most_wickets
19,Sreenath Aravind,9,9,29.1,216.0,11.0,2/18,19.63,7.4,15.9,0,0,2016,most_wickets
20,Ashok Dinda,9,9,30.3,231.0,11.0,3/20,21.0,7.57,16.63,0,0,2016,most_wickets
21,Piyush Chawla,12,11,35.2,273.0,11.0,2/21,24.81,7.72,19.27,0,0,2016,most_wickets
22,Chris Jordan,9,9,28.0,258.0,11.0,4/11,23.45,9.21,15.27,1,0,2016,most_wickets
23,Ravichandran Ashwin,14,14,44.0,319.0,10.0,4/34,31.9,7.25,26.4,1,0,2016,most_wickets
24,Zaheer Khan,12,12,43.4,337.0,10.0,3/21,33.7,7.71,26.2,0,0,2016,most_wickets
25,Morne Morkel,10,10,35.3,297.0,10.0,2/27,29.7,8.36,21.3,0,0,2016,most_wickets
26,Umesh Yadav,9,9,26.0,234.0,10.0,3/28,23.4,9.0,15.6,0,0,2016,most_wickets
27,Tim Southee,11,11,43.0,329.0,9.0,3/24,36.55,7.65,28.66,0,0,2016,most_wickets
28,Ashish Nehra,8,8,26.0,199.0,9.0,3/15,22.11,7.65,17.33,0,0,2016,most_wickets
29,Praveen Kumar,16,16,51.3,401.0,9.0,2/19,44.55,7.78,34.33,0,0,2016,most_wickets
30,Harbhajan Singh,14,14,49.0,392.0,9.0,2/29,43.55,8.0,32.66,0,0,2016,most_wickets
31,Thisara Perera,12,11,33.1,326.0,9.0,3/34,36.22,9.82,22.11,0,0,2016,most_wickets
32,Ravindra Jadeja,15,14,40.1,311.0,8.0,2/18,38.87,7.74,30.12,0,0,2016,most_wickets
33,Marcus Stoinis,7,7,23.0,194.0,8.0,4/15,24.25,8.43,17.25,1,0,2016,most_wickets
34,Dwayne Smith,12,8,18.0,153.0,8.0,4/8,19.12,8.5,13.5,1,0,2016,most_wickets
35,Carlos Brathwaite,8,8,23.1,185.0,7.0,3/43,26.42,7.98,19.85,0,0,2016,most_wickets
36,Murugan Ashwin,10,10,28.3,241.0,7.0,3/36,34.42,8.45,24.42,0,0,2016,most_wickets
37,Kane Richardson,4,4,14.0,136.0,7.0,3/13,19.42,9.71,12.0,0,0,2016,most_wickets
38,Rajat Bhatia,10,10,34.0,244.0,6.0,2/19,40.66,7.17,34.0,0,0,2016,most_wickets
39,Krunal Pandya,12,11,31.1,236.0,6.0,2/15,39.33,7.57,31.16,0,0,2016,most_wickets
40,Kuldeep Yadav,3,3,12.0,100.0,6.0,3/35,16.66,8.33,12.0,0,0,2016,most_wickets
41,Shivil Kaushik,7,7,23.0,192.0,6.0,3/20,32.0,8.34,23.0,0,0,2016,most_wickets
42,Iqbal Abdulla,8,8,25.0,213.0,6.0,3/40,35.5,8.52,25.0,0,0,2016,most_wickets
43,Ben Cutting,4,4,11.1,80.0,5.0,2/20,16.0,7.16,13.4,0,0,2016,most_wickets
44,Shakib Al Hasan,10,9,31.0,243.0,5.0,1/14,48.6,7.83,37.2,0,0,2016,most_wickets
45,Imran Tahir,4,4,16.0,138.0,5.0,3/24,27.6,8.62,19.2,0,0,2016,most_wickets
46,Pravin Tambe,7,7,16.0,143.0,5.0,2/12,28.6,8.93,19.2,0,0,2016,most_wickets
47,Mohammad Shami,8,8,25.1,244.0,5.0,2/34,48.8,9.69,30.2,0,0,2016,most_wickets
48,Mitchell Marsh,3,3,9.0,45.0,4.0,2/14,11.25,5.0,13.5,0,0,2016,most_wickets
49,Brad Hogg,5,5,16.0,142.0,4.0,3/19,35.5,8.87,24.0,0,0,2016,most_wickets
50,Vinay Kumar,3,3,9.0,64.0,3.0,2/17,21.33,7.11,18.0,0,0,2016,most_wickets
51,Deepak Hooda,17,6,13.0,97.0,3.0,2/16,32.33,7.46,26.0,0,0,2016,most_wickets
52,Nathan Coulter-Nile,4,4,15.0,114.0,3.0,2/25,38.0,7.6,30.0,0,0,2016,most_wickets
53,Pradeep Sahu,5,5,17.3,146.0,3.0,2/18,48.66,8.34,35.0,0,0,2016,most_wickets
54,Bipul Sharma,7,6,14.0,121.0,3.0,1/10,40.33,8.64,28.0,0,0,2016,most_wickets
55,Ankit Rajpoot,4,4,11.0,98.0,3.0,1/14,32.66,8.9,22.0,0,0,2016,most_wickets
56,Hardik Pandya,11,10,16.4,153.0,3.0,1/7,51.0,9.18,33.33,0,0,2016,most_wickets
57,Tabraiz Shamsi,4,4,16.0,147.0,3.0,1/21,49.0,9.18,32.0,0,0,2016,most_wickets
58,RP Singh,4,4,12.0,111.0,3.0,1/23,37.0,9.25,24.0,0,0,2016,most_wickets
59,KC Cariappa,5,5,17.0,159.0,3.0,2/16,53.0,9.35,34.0,0,0,2016,most_wickets
60,Ishant Sharma,4,4,15.0,148.0,3.0,2/36,49.33,9.86,30.0,0,0,2016,most_wickets
61,Sachin Baby,11,2,1.4,8.0,2.0,2/4,4.0,4.8,5.0,0,0,2016,most_wickets
62,John Hastings,2,2,6.4,37.0,2.0,2/6,18.5,5.55,20.0,0,0,2016,most_wickets
63,Chris Gayle,10,4,10.0,63.0,2.0,2/11,31.5,6.3,30.0,0,0,2016,most_wickets
64,Jayant Yadav,5,5,17.0,125.0,2.0,1/23,62.5,7.35,51.0,0,0,2016,most_wickets
65,Scott Boland,2,2,7.0,54.0,2.0,2/31,27.0,7.71,21.0,0,0,2016,most_wickets
66,Gurkeerat Mann Singh,7,3,4.0,31.0,2.0,2/15,15.5,7.75,12.0,0,0,2016,most_wickets
67,JP Duminy,10,5,7.0,55.0,2.0,1/4,27.5,7.85,21.0,0,0,2016,most_wickets
68,Jason Holder,4,4,13.0,103.0,2.0,2/33,51.5,7.92,39.0,0,0,2016,most_wickets
69,Rishi Dhawan,2,2,7.0,56.0,2.0,1/21,28.0,8.0,21.0,0,0,2016,most_wickets
70,Shahbaz Nadeem,4,4,15.0,127.0,2.0,2/23,63.5,8.46,45.0,0,0,2016,most_wickets
71,Shadab Jakati,6,6,20.0,178.0,2.0,1/13,89.0,8.9,60.0,0,0,2016,most_wickets
72,Varun Aaron,8,8,23.4,227.0,2.0,2/37,113.5,9.59,71.0,0,0,2016,most_wickets
73,Mitchell Johnson,3,3,11.0,106.0,2.0,1/35,53.0,9.63,33.0,0,0,2016,most_wickets
74,James Faulkner,7,7,17.0,167.0,2.0,1/23,83.5,9.82,51.0,0,0,2016,most_wickets
75,Kyle Abbott,5,5,16.0,177.0,2.0,1/38,88.5,11.06,48.0,0,0,2016,most_wickets
76,Albie Morkel,2,2,5.0,66.0,2.0,2/36,33.0,13.2,15.0,0,0,2016,most_wickets
77,Yusuf Pathan,15,4,6.0,33.0,1.0,1/6,33.0,5.5,36.0,0,0,2016,most_wickets
78,Ankit Sharma,3,3,11.0,84.0,1.0,1/27,84.0,7.63,66.0,0,0,2016,most_wickets
79,Stuart Binny,14,11,17.0,134.0,1.0,1/17,134.0,7.88,102.0,0,0,2016,most_wickets
80,Parveez Rasool,4,4,14.0,129.0,1.0,1/31,129.0,9.21,84.0,0,0,2016,most_wickets
81,Pawan Negi,8,5,9.0,84.0,1.0,1/19,84.0,9.33,54.0,0,0,2016,most_wickets
82,Trent Boult,1,1,4.0,39.0,1.0,1/39,39.0,9.75,24.0,0,0,2016,most_wickets
83,Rajagopal Sathish,4,3,6.0,59.0,1.0,1/20,59.0,9.83,36.0,0,0,2016,most_wickets
84,Ashish Reddy,4,2,3.5,39.0,1.0,1/14,39.0,10.17,23.0,0,0,2016,most_wickets
85,Harshal Patel,5,5,14.0,147.0,1.0,1/46,147.0,10.5,84.0,0,0,2016,most_wickets
86,Adam Milne,1,1,4.0,43.0,1.0,1/43,43.0,10.75,24.0,0,0,2016,most_wickets
87,Nitish Rana,4,1,1.0,3.0,0.0,0/3,0.0,3.0,0.0,0,0,2016,most_wickets
88,Shreyas Gopal,1,1,3.0,18.0,0.0,0/18,0.0,6.0,0.0,0,0,2016,most_wickets
89,Kane Williamson,6,1,1.0,7.0,0.0,0/7,0.0,7.0,0.0,0,0,2016,most_wickets
90,Anureet Singh,2,2,6.0,43.0,0.0,0/15,0.0,7.16,0.0,0,0,2016,most_wickets
91,Colin Munro,4,2,2.0,15.0,0.0,0/7,0.0,7.5,0.0,0,0,2016,most_wickets
92,Irfan Pathan,4,3,8.0,61.0,0.0,0/7,0.0,7.62,0.0,0,0,2016,most_wickets
93,Murali Vijay,14,1,1.0,8.0,0.0,0/8,0.0,8.0,0.0,0,0,2016,most_wickets
94,Deepak Chahar,2,2,5.0,41.0,0.0,0/13,0.0,8.2,0.0,0,0,2016,most_wickets
95,Suresh Raina,15,4,10.0,82.0,0.0,0/15,0.0,8.2,0.0,0,0,2016,most_wickets
96,Yuvraj Singh,10,5,6.1,52.0,0.0,0/7,0.0,8.43,0.0,0,0,2016,most_wickets
97,Dale Steyn,1,1,2.0,17.0,0.0,0/17,0.0,8.5,0.0,0,0,2016,most_wickets
98,Glenn Maxwell,11,7,9.0,80.0,0.0,0/3,0.0,8.88,0.0,0,0,2016,most_wickets
99,Swapnil Singh,1,1,3.0,29.0,0.0,0/29,0.0,9.66,0.0,0,0,2016,most_wickets
100,Karn Sharma,5,5,16.2,171.0,0.0,0/24,0.0,10.46,0.0,0,0,2016,most_wickets
101,Sarabjit Ladda,1,1,2.0,21.0,0.0,0/21,0.0,10.5,0.0,0,0,2016,most_wickets
102,David Wiese,1,1,4.0,49.0,0.0,0/49,0.0,12.25,0.0,0,0,2016,most_wickets
103,Pradeep Sangwan,2,2,4.0,49.0,0.0,0/21,0.0,12.25,0.0,0,0,2016,most_wickets
104,Virat Kohli,16,1,1.0,13.0,0.0,0/13,0.0,13.0,0.0,0,0,2016,most_wickets
105,Kieron Pollard,13,4,6.0,81.0,0.0,0/11,0.0,13.5,0.0,0,0,2016,most_wickets
106,Jagadeesha Suchith,1,1,2.0,31.0,0.0,0/31,0.0,15.5,0.0,0,0,2016,most_wickets
107,Jaydev Unadkat,1,1,3.0,49.0,0.0,0/49,0.0,16.33,0.0,0,0,2016,most_wickets
1,Bhuvneshwar Kumar,14,14,52.2,369.0,26.0,5/19,14.19,7.05,12.07,0,1,2017,most_wickets
2,Jaydev Unadkat,12,12,45.5,322.0,24.0,5/30,13.41,7.02,11.45,0,1,2017,most_wickets
3,Jasprit Bumrah,16,16,59.2,439.0,20.0,3/7,21.95,7.39,17.8,0,0,2017,most_wickets
4,Mitchell McClenaghan,14,14,54.0,507.0,19.0,3/24,26.68,9.38,17.05,0,0,2017,most_wickets
5,Imran Tahir,12,12,47.0,369.0,18.0,3/18,20.5,7.85,15.66,0,0,2017,most_wickets
6,Rashid Khan,14,14,54.0,358.0,17.0,3/19,21.05,6.62,19.05,0,0,2017,most_wickets
7,Sandeep Sharma,13,13,48.0,398.0,17.0,4/20,23.41,8.29,16.94,1,0,2017,most_wickets
8,Umesh Yadav,14,14,48.3,410.0,17.0,4/33,24.11,8.45,17.11,1,0,2017,most_wickets
9,Chris Woakes,13,13,44.0,386.0,17.0,3/6,22.7,8.77,15.52,0,0,2017,most_wickets
10,Pawan Negi,12,12,32.1,197.0,16.0,3/10,12.31,6.12,12.06,0,0,2017,most_wickets
11,Siddarth Kaul,10,10,35.4,300.0,16.0,4/29,18.75,8.41,13.37,1,0,2017,most_wickets
12,Axar Patel,14,14,48.0,362.0,15.0,3/11,24.13,7.54,19.2,0,0,2017,most_wickets
13,Nathan Coulter-Nile,8,8,28.2,228.0,15.0,3/20,15.2,8.04,11.33,0,0,2017,most_wickets
14,Pat Cummins,12,12,46.1,373.0,15.0,2/20,24.86,8.07,18.46,0,0,2017,most_wickets
15,Yuzvendra Chahal,13,13,43.3,333.0,14.0,3/16,23.78,7.65,18.64,0,0,2017,most_wickets
16,Karn Sharma,9,9,30.4,214.0,13.0,4/16,16.46,6.97,14.15,1,0,2017,most_wickets
17,Mohit Sharma,14,14,45.4,410.0,13.0,2/24,31.53,8.97,21.07,0,0,2017,most_wickets
18,Andrew Tye,6,6,21.0,141.0,12.0,5/17,11.75,6.71,10.5,0,1,2017,most_wickets
19,Ben Stokes,12,12,44.0,316.0,12.0,3/18,26.33,7.18,22.0,0,0,2017,most_wickets
20,Chris Morris,9,9,31.0,240.0,12.0,4/26,20.0,7.74,15.5,1,0,2017,most_wickets
21,Kuldeep Yadav,12,11,41.0,340.0,12.0,2/25,28.33,8.29,20.5,0,0,2017,most_wickets
22,Dan Christian,13,13,40.0,298.0,11.0,2/10,27.09,7.45,21.81,0,0,2017,most_wickets
23,Shardul Thakur,12,12,38.1,315.0,11.0,3/19,28.63,8.25,20.81,0,0,2017,most_wickets
24,Lasith Malinga,12,12,44.5,382.0,11.0,2/5,34.72,8.52,24.45,0,0,2017,most_wickets
25,Basil Thampi,12,12,44.4,424.0,11.0,3/29,38.54,9.49,24.36,0,0,2017,most_wickets
26,Krunal Pandya,13,13,40.0,273.0,10.0,3/14,27.3,6.82,24.0,0,0,2017,most_wickets
27,Sunil Narine,16,15,59.0,412.0,10.0,2/29,41.2,6.98,35.4,0,0,2017,most_wickets
28,Zaheer Khan,11,11,40.1,313.0,10.0,3/20,31.3,7.79,24.1,0,0,2017,most_wickets
29,Amit Mishra,14,14,38.5,343.0,10.0,3/11,34.3,8.83,23.3,0,0,2017,most_wickets
30,Mohammed Siraj,6,6,23.0,212.0,10.0,4/32,21.2,9.21,13.8,1,0,2017,most_wickets
31,Samuel Badree,7,7,25.0,188.0,9.0,4/9,20.88,7.52,16.66,1,0,2017,most_wickets
32,Washington Sundar,11,10,30.0,185.0,8.0,3/16,23.12,6.16,22.5,0,0,2017,most_wickets
33,Harbhajan Singh,11,11,41.0,266.0,8.0,3/22,33.25,6.48,30.75,0,0,2017,most_wickets
34,Ashish Nehra,6,6,21.1,197.0,8.0,3/42,24.62,9.3,15.87,0,0,2017,most_wickets
35,Glenn Maxwell,14,8,19.0,125.0,7.0,2/15,17.85,6.57,16.28,0,0,2017,most_wickets
36,Mitchell Johnson,5,5,20.0,141.0,7.0,3/26,20.14,7.05,17.14,0,0,2017,most_wickets
37,Varun Aaron,6,6,20.0,163.0,7.0,2/3,23.28,8.15,17.14,0,0,2017,most_wickets
38,Adam Zampa,6,6,19.5,163.0,7.0,2/22,23.28,8.21,17.0,0,0,2017,most_wickets
39,Shahbaz Nadeem,7,7,17.5,119.0,6.0,2/13,19.83,6.67,17.83,0,0,2017,most_wickets
40,Hardik Pandya,17,13,26.0,213.0,6.0,2/22,35.5,8.19,26.0,0,0,2017,most_wickets
41,Kagiso Rabada,6,6,21.2,188.0,6.0,2/20,31.33,8.81,21.33,0,0,2017,most_wickets
42,Piyush Chawla,6,6,20.0,179.0,6.0,2/34,29.83,8.95,20.0,0,0,2017,most_wickets
43,Praveen Kumar,6,6,16.3,151.0,6.0,2/22,25.16,9.15,16.5,0,0,2017,most_wickets
44,James Faulkner,8,8,26.2,258.0,6.0,2/34,43.0,9.79,26.33,0,0,2017,most_wickets
45,Aniket Choudhary,5,5,16.5,144.0,5.0,2/17,28.8,8.55,20.2,0,0,2017,most_wickets
46,Tymal Mills,5,5,17.5,153.0,5.0,2/31,30.6,8.57,21.4,0,0,2017,most_wickets
47,Sreenath Aravind,10,10,30.3,275.0,5.0,2/29,55.0,9.01,36.6,0,0,2017,most_wickets
48,Trent Boult,6,6,23.5,216.0,5.0,2/30,43.2,9.06,28.6,0,0,2017,most_wickets
49,Shane Watson,8,8,26.5,245.0,5.0,1/16,49.0,9.13,32.2,0,0,2017,most_wickets
50,Ravindra Jadeja,12,12,38.0,349.0,5.0,2/28,69.8,9.18,45.6,0,0,2017,most_wickets
51,Mohammad Shami,8,8,26.0,243.0,5.0,2/36,48.6,9.34,31.2,0,0,2017,most_wickets
52,Pradeep Sangwan,5,5,18.0,181.0,5.0,2/38,36.2,10.05,21.6,0,0,2017,most_wickets
53,Ankit Rajpoot,5,5,14.0,107.0,4.0,3/37,26.75,7.64,21.0,0,0,2017,most_wickets
54,Stuart Binny,8,4,6.0,50.0,4.0,1/9,12.5,8.33,9.0,0,0,2017,most_wickets
55,Colin de Grandhomme,12,9,16.0,135.0,4.0,3/4,33.75,8.43,24.0,0,0,2017,most_wickets
56,KC Cariappa,4,4,15.0,127.0,4.0,2/24,31.75,8.46,22.5,0,0,2017,most_wickets
57,Rahul Tewatia,3,3,9.0,49.0,3.0,2/18,16.33,5.44,18.0,0,0,2017,most_wickets
58,Lockie Ferguson,4,4,13.0,93.0,3.0,2/7,31.0,7.15,26.0,0,0,2017,most_wickets
59,Bipul Sharma,7,7,16.2,129.0,3.0,1/4,43.0,7.89,32.66,0,0,2017,most_wickets
60,Dhawal Kulkarni,6,6,18.5,173.0,3.0,1/24,57.66,9.18,37.66,0,0,2017,most_wickets
61,Adam Milne,4,4,14.0,134.0,3.0,2/27,44.66,9.57,28.0,0,0,2017,most_wickets
62,Tim Southee,3,3,10.0,96.0,3.0,2/39,32.0,9.6,20.0,0,0,2017,most_wickets
63,Corey Anderson,11,8,18.5,186.0,3.0,1/23,62.0,9.87,37.66,0,0,2017,most_wickets
64,Harshal Patel,1,1,4.0,43.0,3.0,3/43,14.33,10.75,8.0,0,0,2017,most_wickets
65,Mohammad Nabi,3,3,11.0,58.0,2.0,1/13,29.0,5.27,33.0,0,0,2017,most_wickets
66,Rajat Bhatia,3,3,7.0,55.0,2.0,2/14,27.5,7.85,21.0,0,0,2017,most_wickets
67,Ankit Soni,7,6,18.1,144.0,2.0,1/16,72.0,7.92,54.5,0,0,2017,most_wickets
68,Rahul Chahar,3,2,7.0,58.0,2.0,1/26,29.0,8.28,21.0,0,0,2017,most_wickets
69,Billy Stanlake,2,2,8.0,70.0,2.0,2/29,35.0,8.75,24.0,0,0,2017,most_wickets
70,T Natarajan,6,6,12.4,115.0,2.0,1/26,57.5,9.07,38.0,0,0,2017,most_wickets
71,Travis Head,7,5,8.0,81.0,2.0,2/30,40.5,10.12,24.0,0,0,2017,most_wickets
72,Vinay Kumar,1,1,3.0,31.0,2.0,2/31,15.5,10.33,9.0,0,0,2017,most_wickets
73,Marcus Stoinis,5,5,10.3,110.0,2.0,1/28,55.0,10.47,31.5,0,0,2017,most_wickets
74,Deepak Hooda,10,3,4.0,42.0,2.0,1/7,21.0,10.5,12.0,0,0,2017,most_wickets
75,Iqbal Abdulla,2,2,5.0,55.0,2.0,2/36,27.5,11.0,15.0,0,0,2017,most_wickets
76,Dwayne Smith,12,9,13.0,148.0,2.0,1/10,74.0,11.38,39.0,0,0,2017,most_wickets
77,Nathu Singh,2,2,4.0,15.0,1.0,1/7,15.0,3.75,24.0,0,0,2017,most_wickets
78,Avesh Khan,1,1,4.0,23.0,1.0,1/23,23.0,5.75,24.0,0,0,2017,most_wickets
79,Munaf Patel,2,2,7.0,57.0,1.0,1/35,57.0,8.14,42.0,0,0,2017,most_wickets
80,Suresh Raina,14,6,12.0,102.0,1.0,1/11,102.0,8.5,72.0,0,0,2017,most_wickets
81,Swapnil Singh,4,4,7.0,61.0,1.0,1/14,61.0,8.71,42.0,0,0,2017,most_wickets
82,Chris Jordan,1,1,1.0,9.0,1.0,1/9,9.0,9.0,6.0,0,0,2017,most_wickets
83,Ben Cutting,4,4,12.4,123.0,1.0,1/41,123.0,9.71,76.0,0,0,2017,most_wickets
84,Yusuf Pathan,15,4,4.0,41.0,1.0,1/2,41.0,10.25,24.0,0,0,2017,most_wickets
85,Moises Henriques,12,12,24.0,248.0,1.0,1/6,248.0,10.33,144.0,0,0,2017,most_wickets
86,Shubham Agarwal,1,1,4.0,42.0,1.0,1/42,42.0,10.5,24.0,0,0,2017,most_wickets
87,Deepak Chahar,3,3,7.0,74.0,1.0,1/35,74.0,10.57,42.0,0,0,2017,most_wickets
88,Yuvraj Singh,12,2,2.0,22.0,1.0,1/6,22.0,11.0,12.0,0,0,2017,most_wickets
89,Carlos Brathwaite,2,2,6.0,67.0,1.0,1/38,67.0,11.16,36.0,0,0,2017,most_wickets
90,Ashok Dinda,3,3,10.0,119.0,1.0,1/26,119.0,11.9,60.0,0,0,2017,most_wickets
91,Matt Henry,2,2,5.0,71.0,1.0,1/31,71.0,14.2,30.0,0,0,2017,most_wickets
92,Jayant Yadav,2,2,6.0,42.0,0.0,0/16,0.0,7.0,0.0,0,0,2017,most_wickets
93,Tejas Baroka,1,1,3.3,33.0,0.0,0/33,0.0,9.42,0.0,0,0,2017,most_wickets
94,Ishant Sharma,6,6,18.0,179.0,0.0,0/12,0.0,9.94,0.0,0,0,2017,most_wickets
95,Shakib Al Hasan,1,1,3.0,31.0,0.0,0/31,0.0,10.33,0.0,0,0,2017,most_wickets
96,Shadab Jakati,2,2,5.0,52.0,0.0,0/22,0.0,10.4,0.0,0,0,2017,most_wickets
97,Angelo Mathews,3,2,5.0,56.0,0.0,0/15,0.0,11.2,0.0,0,0,2017,most_wickets
98,Marlon Samuels,5,2,3.0,34.0,0.0,0/12,0.0,11.33,0.0,0,0,2017,most_wickets
99,Rahul Tripathi,14,1,1.0,12.0,0.0,0/12,0.0,12.0,0.0,0,0,2017,most_wickets
100,Mustafizur Rahman,1,1,2.4,34.0,0.0,0/34,0.0,12.75,0.0,0,0,2017,most_wickets
101,Anureet Singh,1,1,2.0,26.0,0.0,0/26,0.0,13.0,0.0,0,0,2017,most_wickets
102,Irfan Pathan,1,1,2.0,26.0,0.0,0/26,0.0,13.0,0.0,0,0,2017,most_wickets
103,Barinder Sran,1,1,2.0,29.0,0.0,0/29,0.0,14.5,0.0,0,0,2017,most_wickets
104,Manpreet Gony,1,1,2.0,32.0,0.0,0/32,0.0,16.0,0.0,0,0,2017,most_wickets
105,Ankit Sharma,1,1,1.0,16.0,0.0,0/16,0.0,16.0,0.0,0,0,2017,most_wickets
106,Kieron Pollard,17,1,1.5,30.0,0.0,0/30,0.0,16.36,0.0,0,0,2017,most_wickets
1,Andrew Tye,14,14,56.0,448.0,24.0,4/16,18.66,8.0,14.0,3,0,2018,most_wickets
2,Rashid Khan,17,17,68.0,458.0,21.0,3/19,21.8,6.73,19.42,0,0,2018,most_wickets
3,Siddarth Kaul,17,17,66.0,547.0,21.0,3/23,26.04,8.28,18.85,0,0,2018,most_wickets
4,Umesh Yadav,14,14,53.1,418.0,20.0,3/23,20.9,7.86,15.95,0,0,2018,most_wickets
5,Trent Boult,14,14,52.4,466.0,18.0,2/20,25.88,8.84,17.55,0,0,2018,most_wickets
6,Hardik Pandya,13,13,42.4,381.0,18.0,3/24,21.16,8.92,14.22,0,0,2018,most_wickets
7,Jasprit Bumrah,14,14,54.0,372.0,17.0,3/15,21.88,6.88,19.05,0,0,2018,most_wickets
8,Sunil Narine,16,16,61.0,467.0,17.0,3/18,27.47,7.65,21.52,0,0,2018,most_wickets
9,Kuldeep Yadav,16,16,51.2,418.0,17.0,4/20,24.58,8.14,18.11,1,0,2018,most_wickets
10,Shardul Thakur,13,13,46.4,431.0,16.0,2/18,26.93,9.23,17.5,0,0,2018,most_wickets
11,Mayank Markande,14,14,44.0,368.0,15.0,4/23,24.53,8.36,17.6,1,0,2018,most_wickets
12,Jofra Archer,10,10,38.5,325.0,15.0,3/22,21.66,8.36,15.53,0,0,2018,most_wickets
13,Mujeeb Ur Rahman,11,11,41.2,289.0,14.0,3/27,20.64,6.99,17.71,0,0,2018,most_wickets
14,Shakib Al Hasan,17,17,57.0,456.0,14.0,2/18,32.57,8.0,24.42,0,0,2018,most_wickets
15,Mitchell McClenaghan,11,11,40.0,332.0,14.0,2/22,23.71,8.3,17.14,0,0,2018,most_wickets
16,Piyush Chawla,15,15,49.0,412.0,14.0,3/48,29.42,8.4,21.0,0,0,2018,most_wickets
17,Dwayne Bravo,16,16,53.3,533.0,14.0,2/16,38.07,9.96,22.92,0,0,2018,most_wickets
18,Andre Russell,16,15,37.5,355.0,13.0,3/31,27.3,9.38,17.46,0,0,2018,most_wickets
19,Krunal Pandya,14,13,40.1,284.0,12.0,3/28,23.66,7.07,20.08,0,0,2018,most_wickets
20,Amit Mishra,10,10,37.0,264.0,12.0,3/19,22.0,7.13,18.5,0,0,2018,most_wickets
21,Yuzvendra Chahal,14,14,50.0,363.0,12.0,2/22,30.25,7.26,25.0,0,0,2018,most_wickets
22,Sandeep Sharma,12,12,44.0,333.0,12.0,2/17,27.75,7.56,22.0,0,0,2018,most_wickets
23,Lungi Ngidi,7,7,26.0,156.0,11.0,4/10,14.18,6.0,14.18,1,0,2018,most_wickets
24,Ravindra Jadeja,16,14,41.0,303.0,11.0,3/18,27.54,7.39,22.36,0,0,2018,most_wickets
25,Shreyas Gopal,11,10,31.0,236.0,11.0,4/16,21.45,7.61,16.9,1,0,2018,most_wickets
26,Krishnappa Gowtham,15,15,40.0,312.0,11.0,2/12,28.36,7.8,21.81,0,0,2018,most_wickets
27,Ankit Rajpoot,8,8,26.1,223.0,11.0,5/14,20.27,8.52,14.27,0,1,2018,most_wickets
28,Mohammed Siraj,11,11,41.0,367.0,11.0,3/25,33.36,8.95,22.36,0,0,2018,most_wickets
29,Jaydev Unadkat,15,15,50.2,486.0,11.0,3/46,44.18,9.65,27.45,0,0,2018,most_wickets
30,Deepak Chahar,12,12,38.1,278.0,10.0,3/15,27.8,7.28,22.9,0,0,2018,most_wickets
31,Ravichandran Ashwin,14,14,50.4,410.0,10.0,2/18,41.0,8.09,30.4,0,0,2018,most_wickets
32,Prasidh Krishna,7,7,28.0,260.0,10.0,4/30,26.0,9.28,16.8,1,0,2018,most_wickets
33,Bhuvneshwar Kumar,12,12,46.1,354.0,9.0,3/26,39.33,7.66,30.77,0,0,2018,most_wickets
34,Ben Laughlin,7,7,21.0,211.0,9.0,2/15,23.44,10.04,14.0,0,0,2018,most_wickets
35,Ben Stokes,13,12,37.0,303.0,8.0,3/15,37.87,8.18,27.75,0,0,2018,most_wickets
36,Chris Woakes,5,5,18.2,190.0,8.0,3/36,23.75,10.36,13.75,0,0,2018,most_wickets
37,Mustafizur Rahman,7,7,27.3,230.0,7.0,3/24,32.85,8.36,23.57,0,0,2018,most_wickets
38,Harbhajan Singh,13,12,31.5,270.0,7.0,2/22,38.57,8.48,27.28,0,0,2018,most_wickets
39,Harshal Patel,5,5,17.3,167.0,7.0,3/28,23.85,9.54,15.0,0,0,2018,most_wickets
40,Mohit Sharma,9,9,29.4,322.0,7.0,2/33,46.0,10.85,25.42,0,0,2018,most_wickets
41,Rahul Tewatia,8,8,22.0,173.0,6.0,3/18,28.83,7.86,22.0,0,0,2018,most_wickets
42,Shane Watson,15,11,28.0,251.0,6.0,2/29,41.83,8.96,28.0,0,0,2018,most_wickets
43,Imran Tahir,6,6,20.4,188.0,6.0,2/34,31.33,9.09,20.66,0,0,2018,most_wickets
44,Tom Curran,5,5,10.1,118.0,6.0,2/19,19.66,11.6,10.16,0,0,2018,most_wickets
45,Ish Sodhi,6,6,23.0,135.0,5.0,1/14,27.0,5.86,27.6,0,0,2018,most_wickets
46,Sandeep Lamichhane,3,3,12.0,82.0,5.0,3/36,16.4,6.83,14.4,0,0,2018,most_wickets
47,Billy Stanlake,4,4,16.0,130.0,5.0,2/21,26.0,8.12,19.2,0,0,2018,most_wickets
48,Glenn Maxwell,12,10,16.0,132.0,5.0,2/22,26.4,8.25,19.2,0,0,2018,most_wickets
49,Tim Southee,8,8,29.0,261.0,5.0,3/30,52.2,9.0,34.8,0,0,2018,most_wickets
50,Carlos Brathwaite,4,4,10.1,94.0,5.0,2/15,18.8,9.24,12.2,0,0,2018,most_wickets
51,Shivam Mavi,9,9,28.0,270.0,5.0,1/14,54.0,9.64,33.6,0,0,2018,most_wickets
52,Basil Thampi,4,4,10.1,114.0,5.0,2/4,22.8,11.21,12.2,0,0,2018,most_wickets
53,Nitish Rana,15,5,6.1,44.0,4.0,2/11,11.0,7.13,9.25,0,0,2018,most_wickets
54,Dan Christian,4,4,11.5,101.0,4.0,2/35,25.25,8.53,17.75,0,0,2018,most_wickets
55,Liam Plunkett,7,7,25.0,225.0,4.0,3/17,56.25,9.0,37.5,0,0,2018,most_wickets
56,Karn Sharma,6,5,9.3,89.0,4.0,2/13,22.25,9.36,14.25,0,0,2018,most_wickets
57,Dhawal Kulkarni,8,8,19.5,188.0,4.0,2/32,47.0,9.47,29.75,0,0,2018,most_wickets
58,Washington Sundar,7,7,20.0,192.0,4.0,2/22,48.0,9.6,30.0,0,0,2018,most_wickets
59,Barinder Sran,6,6,22.0,229.0,4.0,2/50,57.25,10.4,33.0,0,0,2018,most_wickets
60,Avesh Khan,6,6,19.0,204.0,4.0,2/29,51.0,10.73,28.5,0,0,2018,most_wickets
61,Moeen Ali,5,5,13.1,97.0,3.0,1/13,32.33,7.36,26.33,0,0,2018,most_wickets
62,Murugan Ashwin,2,2,7.0,53.0,3.0,2/36,17.66,7.57,14.0,0,0,2018,most_wickets
63,Axar Patel,9,8,26.0,218.0,3.0,1/21,72.66,8.38,52.0,0,0,2018,most_wickets
64,Chris Morris,4,4,14.0,143.0,3.0,2/41,47.66,10.21,28.0,0,0,2018,most_wickets
65,Mohammad Shami,4,4,13.5,144.0,3.0,1/29,48.0,10.4,27.66,0,0,2018,most_wickets
66,Shahbaz Nadeem,6,6,15.0,161.0,3.0,2/34,53.66,10.73,30.0,0,0,2018,most_wickets
67,Marcus Stoinis,7,6,11.0,120.0,3.0,1/15,40.0,10.9,22.0,0,0,2018,most_wickets
68,KM Asif,2,2,6.0,75.0,3.0,2/43,25.0,12.5,12.0,0,0,2018,most_wickets
69,Corey Anderson,3,3,8.4,115.0,3.0,2/47,38.33,13.26,17.33,0,0,2018,most_wickets
70,Colin de Grandhomme,9,7,15.0,129.0,2.0,1/8,64.5,8.6,45.0,0,0,2018,most_wickets
71,David Willey,3,3,10.0,95.0,2.0,1/24,47.5,9.5,30.0,0,0,2018,most_wickets
72,Kulwant Khejroliya,3,3,10.5,107.0,2.0,2/33,53.5,9.87,32.5,0,0,2018,most_wickets
73,Ben Cutting,9,7,17.0,168.0,2.0,1/12,84.0,9.88,51.0,0,0,2018,most_wickets
74,Mitchell Johnson,6,6,21.0,216.0,2.0,1/30,108.0,10.28,63.0,0,0,2018,most_wickets
75,Javon Searles,4,3,7.0,89.0,2.0,1/24,44.5,12.71,21.0,0,0,2018,most_wickets
76,Vinay Kumar,2,2,3.5,65.0,2.0,2/30,32.5,16.95,11.5,0,0,2018,most_wickets
77,D'Arcy Short,7,2,3.0,19.0,1.0,1/10,19.0,6.33,18.0,0,0,2018,most_wickets
78,Yusuf Pathan,15,1,2.0,14.0,1.0,1/14,14.0,7.0,12.0,0,0,2018,most_wickets
79,Mohammad Nabi,2,2,5.0,47.0,1.0,1/23,47.0,9.4,30.0,0,0,2018,most_wickets
80,Anureet Singh,3,3,4.0,42.0,1.0,1/20,42.0,10.5,24.0,0,0,2018,most_wickets
81,Vijay Shankar,13,4,5.0,58.0,1.0,1/22,58.0,11.6,30.0,0,0,2018,most_wickets
82,Pawan Negi,2,2,4.0,49.0,1.0,1/36,49.0,12.25,24.0,0,0,2018,most_wickets
83,Chris Jordan,1,1,4.0,31.0,0.0,0/31,0.0,7.75,0.0,0,0,2018,most_wickets
84,Deepak Hooda,9,2,3.0,24.0,0.0,0/8,0.0,8.0,0.0,0,0,2018,most_wickets
85,Mahipal Lomror,2,2,3.0,27.0,0.0,0/8,0.0,9.0,0.0,0,0,2018,most_wickets
86,Pradeep Sangwan,1,1,2.0,19.0,0.0,0/19,0.0,9.5,0.0,0,0,2018,most_wickets
87,Manoj Tiwary,5,1,1.0,10.0,0.0,0/10,0.0,10.0,0.0,0,0,2018,most_wickets
88,Ankit Sharma,1,1,1.0,11.0,0.0,0/11,0.0,11.0,0.0,0,0,2018,most_wickets
89,Junior Dala,1,1,3.0,34.0,0.0,0/34,0.0,11.33,0.0,0,0,2018,most_wickets
90,Yuvraj Singh,8,2,2.0,23.0,0.0,0/10,0.0,11.5,0.0,0,0,2018,most_wickets
91,Akila Dananjaya,1,1,4.0,47.0,0.0,0/47,0.0,11.75,0.0,0,0,2018,most_wickets
92,JP Duminy,6,2,3.0,36.0,0.0,0/8,0.0,12.0,0.0,0,0,2018,most_wickets
93,Mark Wood,1,1,4.0,49.0,0.0,0/49,0.0,12.25,0.0,0,0,2018,most_wickets
94,Khaleel Ahmed,1,1,3.0,38.0,0.0,0/38,0.0,12.66,0.0,0,0,2018,most_wickets
95,Stuart Binny,7,1,2.0,33.0,0.0,0/33,0.0,16.5,0.0,0,0,2018,most_wickets
1,Imran Tahir,17,17,64.2,431.0,26.0,4/12,16.57,6.69,14.84,2,0,2019,most_wickets
2,Kagiso Rabada,12,12,47.0,368.0,25.0,4/21,14.72,7.82,11.28,2,0,2019,most_wickets
3,Deepak Chahar,17,17,64.3,482.0,22.0,3/20,21.9,7.47,17.59,0,0,2019,most_wickets
4,Shreyas Gopal,14,14,48.0,347.0,20.0,3/12,17.35,7.22,14.4,0,0,2019,most_wickets
5,Jasprit Bumrah,16,16,61.4,409.0,19.0,3/20,21.52,6.63,19.47,0,0,2019,most_wickets
6,Khaleel Ahmed,9,9,34.5,287.0,19.0,3/30,15.1,8.23,11.0,0,0,2019,most_wickets
7,Mohammad Shami,14,14,54.0,469.0,19.0,3/21,24.68,8.68,17.05,0,0,2019,most_wickets
8,Yuzvendra Chahal,14,14,49.2,386.0,18.0,4/38,21.44,7.82,16.44,1,0,2019,most_wickets
9,Rashid Khan,15,15,60.0,377.0,17.0,3/21,22.17,6.28,21.17,0,0,2019,most_wickets
10,Harbhajan Singh,11,11,44.0,312.0,16.0,3/20,19.5,7.09,16.5,0,0,2019,most_wickets
11,Lasith Malinga,12,12,44.5,438.0,16.0,4/31,27.37,9.76,16.81,2,0,2019,most_wickets
12,Ravindra Jadeja,16,16,54.0,343.0,15.0,3/9,22.86,6.35,21.6,0,0,2019,most_wickets
13,Ravichandran Ashwin,14,14,55.0,400.0,15.0,3/23,26.66,7.27,22.0,0,0,2019,most_wickets
14,Hardik Pandya,16,16,42.3,390.0,14.0,3/20,27.85,9.17,18.21,0,0,2019,most_wickets
15,Rahul Chahar,13,13,47.0,308.0,13.0,3/19,23.69,6.55,21.69,0,0,2019,most_wickets
16,Ishant Sharma,13,13,46.0,349.0,13.0,3/38,26.84,7.58,21.23,0,0,2019,most_wickets
17,Bhuvneshwar Kumar,15,15,59.0,461.0,13.0,2/24,35.46,7.81,27.23,0,0,2019,most_wickets
18,Chris Morris,9,9,33.0,306.0,13.0,3/22,23.53,9.27,15.23,0,0,2019,most_wickets
19,Krunal Pandya,16,16,46.0,335.0,12.0,3/34,27.91,7.28,23.0,0,0,2019,most_wickets
20,Sandeep Sharma,11,11,42.4,352.0,12.0,3/19,29.33,8.25,21.33,0,0,2019,most_wickets
21,Amit Mishra,11,11,40.0,270.0,11.0,3/17,24.54,6.75,21.81,0,0,2019,most_wickets
22,Jofra Archer,11,11,43.0,291.0,11.0,3/15,26.45,6.76,23.45,0,0,2019,most_wickets
23,Dwayne Bravo,12,12,41.1,330.0,11.0,3/33,30.0,8.01,22.45,0,0,2019,most_wickets
24,Navdeep Saini,13,13,48.0,397.0,11.0,2/24,36.09,8.27,26.18,0,0,2019,most_wickets
25,Andre Russell,14,12,30.1,287.0,11.0,2/21,26.09,9.51,16.45,0,0,2019,most_wickets
26,Axar Patel,14,14,51.0,364.0,10.0,2/22,36.4,7.13,30.6,0,0,2019,most_wickets
27,Sunil Narine,12,12,44.2,347.0,10.0,2/19,34.7,7.82,26.6,0,0,2019,most_wickets
28,Piyush Chawla,13,13,44.3,399.0,10.0,3/20,39.9,8.96,26.7,0,0,2019,most_wickets
29,Sam Curran,9,9,33.0,323.0,10.0,4/11,32.3,9.78,19.8,1,0,2019,most_wickets
30,Jaydev Unadkat,11,11,37.2,398.0,10.0,2/26,39.8,10.66,22.4,0,0,2019,most_wickets
31,Keemo Paul,8,8,27.1,237.0,9.0,3/17,26.33,8.72,18.11,0,0,2019,most_wickets
32,Mohammad Nabi,8,8,29.1,194.0,8.0,4/11,24.25,6.65,21.87,1,0,2019,most_wickets
33,Sandeep Lamichhane,6,6,23.0,210.0,8.0,3/40,26.25,9.13,17.25,0,0,2019,most_wickets
34,Shardul Thakur,10,9,30.0,281.0,8.0,2/18,35.12,9.36,22.5,0,0,2019,most_wickets
35,Umesh Yadav,11,11,37.5,371.0,8.0,3/36,46.37,9.8,28.37,0,0,2019,most_wickets
36,Harry Gurney,8,8,27.0,238.0,7.0,2/25,34.0,8.81,23.14,0,0,2019,most_wickets
37,Mohammed Siraj,9,9,28.1,269.0,7.0,2/38,38.42,9.55,24.14,0,0,2019,most_wickets
38,Hardus Viljoen,6,6,23.0,222.0,7.0,2/39,31.71,9.65,19.71,0,0,2019,most_wickets
39,Moeen Ali,11,9,25.0,169.0,6.0,2/18,28.16,6.76,25.0,0,0,2019,most_wickets
40,Siddarth Kaul,7,7,27.0,242.0,6.0,2/34,40.33,8.96,27.0,0,0,2019,most_wickets
41,Dhawal Kulkarni,10,10,35.0,335.0,6.0,1/14,55.83,9.57,35.0,0,0,2019,most_wickets
42,Alzarri Joseph,3,3,8.4,87.0,6.0,6/12,14.5,10.03,8.66,0,1,2019,most_wickets
43,Ben Stokes,9,6,16.5,189.0,6.0,2/39,31.5,11.22,16.83,0,0,2019,most_wickets
44,Murugan Ashwin,10,10,34.0,255.0,5.0,2/25,51.0,7.5,40.8,0,0,2019,most_wickets
45,Oshane Thomas,4,4,10.0,79.0,5.0,2/6,15.8,7.9,12.0,0,0,2019,most_wickets
46,Trent Boult,5,5,19.0,163.0,5.0,2/27,32.6,8.57,22.8,0,0,2019,most_wickets
47,Jason Behrendorff,5,5,19.0,165.0,5.0,2/22,33.0,8.68,22.8,0,0,2019,most_wickets
48,Mitchell Santner,4,4,14.0,94.0,4.0,2/13,23.5,6.71,21.0,0,0,2019,most_wickets
49,Washington Sundar,3,3,9.0,74.0,4.0,3/24,18.5,8.22,13.5,0,0,2019,most_wickets
50,Dale Steyn,2,2,8.0,69.0,4.0,2/29,17.25,8.62,12.0,0,0,2019,most_wickets
51,Kuldeep Yadav,9,9,33.0,286.0,4.0,2/41,71.5,8.66,49.5,0,0,2019,most_wickets
52,Prasidh Krishna,11,11,40.2,377.0,4.0,1/22,94.25,9.34,60.5,0,0,2019,most_wickets
53,Ish Sodhi,2,2,7.1,67.0,4.0,3/26,16.75,9.34,10.75,0,0,2019,most_wickets
54,Varun Aaron,5,5,12.0,116.0,4.0,2/20,29.0,9.66,18.0,0,0,2019,most_wickets
55,Mitchell McClenaghan,5,5,18.0,142.0,3.0,3/40,47.33,7.88,36.0,0,0,2019,most_wickets
56,Nitish Rana,14,6,8.0,72.0,3.0,1/8,24.0,9.0,16.0,0,0,2019,most_wickets
57,Pawan Negi,7,4,11.1,102.0,3.0,2/21,34.0,9.13,22.33,0,0,2019,most_wickets
58,Ankit Rajpoot,4,4,16.0,152.0,3.0,2/33,50.66,9.5,32.0,0,0,2019,most_wickets
59,Mujeeb Ur Rahman,5,5,19.0,191.0,3.0,2/31,63.66,10.05,38.0,0,0,2019,most_wickets
60,Andrew Tye,6,6,22.0,233.0,3.0,1/37,77.66,10.59,44.0,0,0,2019,most_wickets
61,Arshdeep Singh,3,3,10.0,109.0,3.0,2/43,36.33,10.9,20.0,0,0,2019,most_wickets
62,Rahul Tewatia,5,3,6.2,42.0,2.0,1/10,21.0,6.63,19.0,0,0,2019,most_wickets
63,Jagadeesha Suchith,1,1,4.0,28.0,2.0,2/28,14.0,7.0,12.0,0,0,2019,most_wickets
64,Sandeep Warrier,3,3,12.0,85.0,2.0,2/31,42.5,7.08,36.0,0,0,2019,most_wickets
65,Riyan Parag,7,7,14.0,121.0,2.0,1/10,60.5,8.64,42.0,0,0,2019,most_wickets
66,Marcus Stoinis,10,6,16.4,145.0,2.0,1/13,72.5,8.7,50.0,0,0,2019,most_wickets
67,Shakib Al Hasan,3,3,10.5,95.0,2.0,1/26,47.5,8.76,32.5,0,0,2019,most_wickets
68,Scott Kuggeleijn,2,2,8.0,71.0,2.0,2/37,35.5,8.87,24.0,0,0,2019,most_wickets
69,Harshal Patel,2,2,8.0,77.0,2.0,2/40,38.5,9.62,24.0,0,0,2019,most_wickets
70,Shahbaz Nadeem,3,3,9.0,90.0,2.0,1/24,45.0,10.0,27.0,0,0,2019,most_wickets
71,Lockie Ferguson,5,5,17.0,183.0,2.0,1/38,91.5,10.76,51.0,0,0,2019,most_wickets
72,Anukul Roy,1,1,2.0,11.0,1.0,1/11,11.0,5.5,12.0,0,0,2019,most_wickets
73,Stuart Binny,8,5,7.0,44.0,1.0,1/19,44.0,6.28,42.0,0,0,2019,most_wickets
74,Jayant Yadav,2,2,7.0,50.0,1.0,1/25,50.0,7.14,42.0,0,0,2019,most_wickets
75,Krishnappa Gowtham,7,7,20.0,166.0,1.0,1/32,166.0,8.3,120.0,0,0,2019,most_wickets
76,Sherfane Rutherford,7,6,6.5,59.0,1.0,1/6,59.0,8.63,41.0,0,0,2019,most_wickets
77,Vijay Shankar,15,5,8.0,70.0,1.0,1/11,70.0,8.75,48.0,0,0,2019,most_wickets
78,Mohit Sharma,1,1,3.0,27.0,1.0,1/27,27.0,9.0,18.0,0,0,2019,most_wickets
79,Kulwant Khejroliya,2,2,5.0,47.0,1.0,1/29,47.0,9.4,30.0,0,0,2019,most_wickets
80,Mayank Markande,3,3,6.0,59.0,1.0,1/23,59.0,9.83,36.0,0,0,2019,most_wickets
81,Deepak Hooda,11,2,2.0,21.0,1.0,1/13,21.0,10.5,12.0,0,0,2019,most_wickets
82,Abhishek Sharma,3,2,2.0,21.0,1.0,1/10,21.0,10.5,12.0,0,0,2019,most_wickets
83,Prithvi Raj Yarra,2,2,5.0,57.0,1.0,1/29,57.0,11.4,30.0,0,0,2019,most_wickets
84,Karn Sharma,1,1,2.5,33.0,1.0,1/33,33.0,11.64,17.0,0,0,2019,most_wickets
85,Varun Chakaravarthy,1,1,3.0,35.0,1.0,1/35,35.0,11.66,18.0,0,0,2019,most_wickets
86,Tim Southee,3,3,9.0,118.0,1.0,1/24,118.0,13.11,54.0,0,0,2019,most_wickets
87,Ben Cutting,3,1,2.0,27.0,1.0,1/27,27.0,13.5,12.0,0,0,2019,most_wickets
88,Shivam Dube,4,2,1.4,8.0,0.0,0/3,0.0,4.8,0.0,0,0,2019,most_wickets
89,Suresh Raina,17,1,1.0,6.0,0.0,0/6,0.0,6.0,0.0,0,0,2019,most_wickets
90,Yusuf Pathan,10,1,1.0,8.0,0.0,0/8,0.0,8.0,0.0,0,0,2019,most_wickets
91,Hanuma Vihari,2,1,1.0,9.0,0.0,0/9,0.0,9.0,0.0,0,0,2019,most_wickets
92,Basil Thampi,3,3,12.0,110.0,0.0,0/29,0.0,9.16,0.0,0,0,2019,most_wickets
93,Harpreet Brar,2,2,5.0,48.0,0.0,0/24,0.0,9.6,0.0,0,0,2019,most_wickets
94,Carlos Brathwaite,2,2,3.0,29.0,0.0,0/13,0.0,9.66,0.0,0,0,2019,most_wickets
95,Avesh Khan,1,1,3.0,30.0,0.0,0/30,0.0,10.0,0.0,0,0,2019,most_wickets
96,Rasikh Salam,1,1,4.0,42.0,0.0,0/42,0.0,10.5,0.0,0,0,2019,most_wickets
97,Colin de Grandhomme,4,3,5.0,55.0,0.0,0/12,0.0,11.0,0.0,0,0,2019,most_wickets
98,Barinder Sran,2,2,4.0,51.0,0.0,0/24,0.0,12.75,0.0,0,0,2019,most_wickets
99,Liam Livingstone,4,1,1.0,13.0,0.0,0/13,0.0,13.0,0.0,0,0,2019,most_wickets
100,Mandeep Singh,13,2,2.0,26.0,0.0,0/8,0.0,13.0,0.0,0,0,2019,most_wickets
101,Sudhesan Midhun,1,1,2.0,27.0,0.0,0/27,0.0,13.5,0.0,0,0,2019,most_wickets
102,Prayas Ray Barman,1,1,4.0,56.0,0.0,0/56,0.0,14.0,0.0,0,0,2019,most_wickets
103,KC Cariappa,1,1,2.0,34.0,0.0,0/34,0.0,17.0,0.0,0,0,2019,most_wickets
104,Sarfaraz Khan,8,1,0.2,6.0,0.0,0/6,0.0,18.0,0.0,0,0,2019,most_wickets
1,Kagiso Rabada,17,17,65.4,548.0,30.0,4/24,18.26,8.34,13.13,2,0,2020,most_wickets
2,Jasprit Bumrah,15,15,60.0,404.0,27.0,4/14,14.96,6.73,13.33,2,0,2020,most_wickets
3,Trent Boult,15,15,57.2,457.0,25.0,4/18,18.28,7.97,13.76,1,0,2020,most_wickets
4,Anrich Nortje,16,16,61.0,512.0,22.0,3/33,23.27,8.39,16.63,0,0,2020,most_wickets
5,Yuzvendra Chahal,15,15,57.1,405.0,21.0,3/18,19.28,7.08,16.33,0,0,2020,most_wickets
6,Rashid Khan,16,16,64.0,344.0,20.0,3/7,17.2,5.37,19.2,0,0,2020,most_wickets
7,Jofra Archer,14,14,55.4,365.0,20.0,3/19,18.25,6.55,16.7,0,0,2020,most_wickets
8,Mohammad Shami,14,14,53.4,460.0,20.0,3/15,23.0,8.57,16.1,0,0,2020,most_wickets
9,Varun Chakaravarthy,13,13,52.0,356.0,17.0,5/20,20.94,6.84,18.35,0,1,2020,most_wickets
10,T Natarajan,16,16,62.5,504.0,16.0,2/24,31.5,8.02,23.56,0,0,2020,most_wickets
11,Rahul Chahar,15,15,53.0,433.0,15.0,2/18,28.86,8.16,21.2,0,0,2020,most_wickets
12,Sandeep Sharma,13,13,52.0,374.0,14.0,3/34,26.71,7.19,22.28,0,0,2020,most_wickets
13,Jason Holder,7,7,28.0,233.0,14.0,3/25,16.64,8.32,12.0,0,0,2020,most_wickets
14,Ravichandran Ashwin,15,15,51.0,391.0,13.0,3/29,30.07,7.66,23.53,0,0,2020,most_wickets
15,Sam Curran,14,13,42.0,344.0,13.0,3/19,26.46,8.19,19.38,0,0,2020,most_wickets
16,Marcus Stoinis,17,13,29.4,283.0,13.0,3/26,21.76,9.53,13.69,0,0,2020,most_wickets
17,Ravi Bishnoi,14,14,51.0,376.0,12.0,3/29,31.33,7.37,25.5,0,0,2020,most_wickets
18,Deepak Chahar,14,14,52.0,396.0,12.0,2/18,33.0,7.61,26.0,0,0,2020,most_wickets
19,Pat Cummins,14,14,52.0,409.0,12.0,4/34,34.08,7.86,26.0,1,0,2020,most_wickets
20,Chris Morris,9,9,31.4,210.0,11.0,4/26,19.09,6.63,17.27,1,0,2020,most_wickets
21,Mohammed Siraj,9,9,27.1,236.0,11.0,3/8,21.45,8.68,14.81,0,0,2020,most_wickets
22,James Pattinson,10,10,35.3,320.0,11.0,2/19,29.09,9.01,19.36,0,0,2020,most_wickets
23,Rahul Tewatia,14,14,46.0,326.0,10.0,3/25,32.6,7.08,27.6,0,0,2020,most_wickets
24,Murugan Ashwin,9,9,31.3,235.0,10.0,3/21,23.5,7.46,18.9,0,0,2020,most_wickets
25,Shardul Thakur,9,9,32.2,275.0,10.0,2/28,27.5,8.5,19.4,0,0,2020,most_wickets
26,Shreyas Gopal,14,14,50.0,427.0,10.0,2/28,42.7,8.54,30.0,0,0,2020,most_wickets
27,Axar Patel,15,15,51.0,327.0,9.0,2/18,36.33,6.41,34.0,0,0,2020,most_wickets
28,Shivam Mavi,8,8,26.0,212.0,9.0,2/15,23.55,8.15,17.33,0,0,2020,most_wickets
29,Arshdeep Singh,8,8,24.5,218.0,9.0,3/23,24.22,8.77,16.55,0,0,2020,most_wickets
30,Kartik Tyagi,10,10,38.1,367.0,9.0,2/36,40.77,9.61,25.44,0,0,2020,most_wickets
31,Chris Jordan,9,9,31.3,304.0,9.0,3/17,33.77,9.65,21.0,0,0,2020,most_wickets
32,Lungi Ngidi,4,4,16.0,167.0,9.0,3/38,18.55,10.43,10.66,0,0,2020,most_wickets
33,Washington Sundar,15,15,50.0,298.0,8.0,2/16,37.25,5.96,37.5,0,0,2020,most_wickets
34,Khaleel Ahmed,7,7,25.4,242.0,8.0,2/24,30.25,9.42,19.25,0,0,2020,most_wickets
35,Isuru Udana,10,10,29.0,282.0,8.0,2/41,35.25,9.72,21.75,0,0,2020,most_wickets
36,Lockie Ferguson,5,5,19.5,148.0,6.0,3/15,24.66,7.46,19.83,0,0,2020,most_wickets
37,Krunal Pandya,16,16,50.1,380.0,6.0,2/26,63.33,7.57,50.16,0,0,2020,most_wickets
38,Navdeep Saini,13,13,45.4,379.0,6.0,2/25,63.16,8.29,45.66,0,0,2020,most_wickets
39,Dwayne Bravo,6,6,21.0,180.0,6.0,3/37,30.0,8.57,21.0,0,0,2020,most_wickets
40,Ravindra Jadeja,14,13,36.2,318.0,6.0,2/42,53.0,8.75,36.33,0,0,2020,most_wickets
41,Sheldon Cottrell,6,6,20.0,176.0,6.0,2/17,29.33,8.8,20.0,0,0,2020,most_wickets
42,Piyush Chawla,7,7,21.0,191.0,6.0,2/33,31.83,9.09,21.0,0,0,2020,most_wickets
43,Andre Russell,10,7,18.0,175.0,6.0,2/29,29.16,9.72,18.0,0,0,2020,most_wickets
44,Nathan Coulter-Nile,7,7,26.0,206.0,5.0,2/29,41.2,7.92,31.2,0,0,2020,most_wickets
45,Sunil Narine,10,10,38.0,302.0,5.0,2/28,60.4,7.94,45.6,0,0,2020,most_wickets
46,Shahbaz Nadeem,7,7,22.0,178.0,5.0,2/19,35.6,8.09,26.4,0,0,2020,most_wickets
47,Karn Sharma,5,5,19.0,165.0,5.0,2/25,33.0,8.68,22.8,0,0,2020,most_wickets
48,Kamlesh Nagarkoti,10,9,26.0,231.0,5.0,2/13,46.2,8.88,31.2,0,0,2020,most_wickets
49,Vijay Shankar,7,5,13.1,82.0,4.0,1/11,20.5,6.22,19.75,0,0,2020,most_wickets
50,Shivam Dube,11,5,9.0,73.0,4.0,2/15,18.25,8.11,13.5,0,0,2020,most_wickets
51,Kieron Pollard,16,11,21.0,190.0,4.0,1/5,47.5,9.04,31.5,0,0,2020,most_wickets
52,Prasidh Krishna,6,6,17.3,164.0,4.0,3/29,41.0,9.37,26.25,0,0,2020,most_wickets
53,Jaydev Unadkat,7,7,23.0,228.0,4.0,2/32,57.0,9.91,34.5,0,0,2020,most_wickets
54,Bhuvneshwar Kumar,4,4,14.1,99.0,3.0,2/25,33.0,6.98,28.33,0,0,2020,most_wickets
55,Amit Mishra,3,3,10.0,72.0,3.0,2/35,24.0,7.2,20.0,0,0,2020,most_wickets
56,Glenn Maxwell,13,7,21.0,169.0,3.0,1/10,56.33,8.04,42.0,0,0,2020,most_wickets
57,Harshal Patel,5,5,15.0,134.0,3.0,2/34,44.66,8.93,30.0,0,0,2020,most_wickets
58,Tushar Deshpande,5,5,17.0,192.0,3.0,2/37,64.0,11.29,34.0,0,0,2020,most_wickets
59,Tom Curran,5,5,18.1,208.0,3.0,1/37,69.33,11.44,36.33,0,0,2020,most_wickets
60,Shahbaz Ahmed,2,2,6.0,44.0,2.0,2/26,22.0,7.33,18.0,0,0,2020,most_wickets
61,Mitchell Santner,2,2,7.0,53.0,2.0,1/23,26.5,7.57,21.0,0,0,2020,most_wickets
62,Adam Zampa,3,3,11.0,92.0,2.0,1/12,46.0,8.36,33.0,0,0,2020,most_wickets
63,Abhishek Sharma,8,6,10.0,91.0,2.0,1/15,45.5,9.1,30.0,0,0,2020,most_wickets
64,Jimmy Neesham,5,5,15.0,148.0,2.0,1/17,74.0,9.86,45.0,0,0,2020,most_wickets
65,Ben Stokes,8,6,15.0,154.0,2.0,2/32,77.0,10.26,45.0,0,0,2020,most_wickets
66,Ankit Rajpoot,6,6,17.0,199.0,2.0,1/39,99.5,11.7,51.0,0,0,2020,most_wickets
67,Siddarth Kaul,1,1,4.0,64.0,2.0,2/64,32.0,16.0,12.0,0,0,2020,most_wickets
68,Jayant Yadav,2,2,7.0,43.0,1.0,1/25,43.0,6.14,42.0,0,0,2020,most_wickets
69,Josh Hazlewood,3,3,10.0,64.0,1.0,1/19,64.0,6.4,60.0,0,0,2020,most_wickets
70,Imran Tahir,3,3,11.0,76.0,1.0,1/24,76.0,6.9,66.0,0,0,2020,most_wickets
71,Kuldeep Yadav,5,4,12.0,92.0,1.0,1/20,92.0,7.66,72.0,0,0,2020,most_wickets
72,Moeen Ali,3,3,5.0,42.0,1.0,1/21,42.0,8.4,30.0,0,0,2020,most_wickets
73,Krishnappa Gowtham,2,2,8.0,84.0,1.0,1/45,84.0,10.5,48.0,0,0,2020,most_wickets
74,Mohit Sharma,1,1,4.0,45.0,1.0,1/45,45.0,11.25,24.0,0,0,2020,most_wickets
75,Dale Steyn,3,3,11.4,133.0,1.0,1/33,133.0,11.4,70.0,0,0,2020,most_wickets
76,Basil Thampi,1,1,4.0,46.0,1.0,1/46,46.0,11.5,24.0,0,0,2020,most_wickets
77,Andrew Tye,1,1,4.0,50.0,1.0,1/50,50.0,12.5,24.0,0,0,2020,most_wickets
78,Abdul Samad,12,3,7.0,96.0,1.0,1/41,96.0,13.71,42.0,0,0,2020,most_wickets
79,Mohammad Nabi,1,1,4.0,23.0,0.0,0/23,0.0,5.75,0.0,0,0,2020,most_wickets
80,Chris Gayle,7,1,0.5,5.0,0.0,0/5,0.0,6.0,0.0,0,0,2020,most_wickets
81,Dhawal Kulkarni,1,1,3.0,22.0,0.0,0/22,0.0,7.33,0.0,0,0,2020,most_wickets
82,Chris Green,1,1,2.5,24.0,0.0,0/24,0.0,8.47,0.0,0,0,2020,most_wickets
83,Ishant Sharma,1,1,3.0,26.0,0.0,0/26,0.0,8.66,0.0,0,0,2020,most_wickets
84,Deepak Hooda,7,1,1.0,9.0,0.0,0/9,0.0,9.0,0.0,0,0,2020,most_wickets
85,Mitchell Marsh,1,1,0.4,6.0,0.0,0/6,0.0,9.0,0.0,0,0,2020,most_wickets
86,Pravin Dubey,3,3,8.0,72.0,0.0,0/14,0.0,9.0,0.0,0,0,2020,most_wickets
87,Daniel Sams,3,3,12.0,114.0,0.0,0/30,0.0,9.5,0.0,0,0,2020,most_wickets
88,Monu Kumar,1,1,2.0,20.0,0.0,0/20,0.0,10.0,0.0,0,0,2020,most_wickets
89,Harpreet Brar,1,1,4.0,41.0,0.0,0/41,0.0,10.25,0.0,0,0,2020,most_wickets
90,Mujeeb Ur Rahman,2,2,8.0,83.0,0.0,0/39,0.0,10.37,0.0,0,0,2020,most_wickets
91,Avesh Khan,1,1,4.0,42.0,0.0,0/42,0.0,10.5,0.0,0,0,2020,most_wickets
92,Sandeep Warrier,1,1,3.0,34.0,0.0,0/34,0.0,11.33,0.0,0,0,2020,most_wickets
93,Nitish Rana,14,2,2.0,23.0,0.0,0/7,0.0,11.5,0.0,0,0,2020,most_wickets
94,Varun Aaron,3,3,8.0,94.0,0.0,0/22,0.0,11.75,0.0,0,0,2020,most_wickets
95,Umesh Yadav,2,2,7.0,83.0,0.0,0/35,0.0,11.85,0.0,0,0,2020,most_wickets
96,Kane Williamson,12,1,2.0,24.0,0.0,0/24,0.0,12.0,0.0,0,0,2020,most_wickets
97,David Warner,16,1,0.1,2.0,0.0,0/2,0.0,12.0,0.0,0,0,2020,most_wickets
98,Riyan Parag,12,2,2.0,27.0,0.0,0/13,0.0,13.5,0.0,0,0,2020,most_wickets
1,Harshal Patel,15,15,56.2,459.0,32.0,5/27,14.34,8.14,10.56,1,1,2021,most_wickets
2,Avesh Khan,16,16,61.0,450.0,24.0,3/13,18.75,7.37,15.25,0,0,2021,most_wickets
3,Jasprit Bumrah,14,14,55.0,410.0,21.0,3/36,19.52,7.45,15.71,0,0,2021,most_wickets
4,Shardul Thakur,16,16,59.5,527.0,21.0,3/28,25.09,8.8,17.09,0,0,2021,most_wickets
5,Mohammad Shami,14,14,52.4,395.0,19.0,3/21,20.78,7.5,16.63,0,0,2021,most_wickets
6,Varun Chakaravarthy,17,17,68.0,448.0,18.0,3/13,24.88,6.58,22.66,0,0,2021,most_wickets
7,Rashid Khan,14,14,56.0,375.0,18.0,3/36,20.83,6.69,18.66,0,0,2021,most_wickets
8,Yuzvendra Chahal,15,15,53.0,374.0,18.0,3/11,20.77,7.05,17.66,0,0,2021,most_wickets
9,Arshdeep Singh,12,12,41.2,342.0,18.0,5/32,19.0,8.27,13.77,0,1,2021,most_wickets
10,Sunil Narine,14,14,56.0,361.0,16.0,4/21,22.56,6.44,21.0,1,0,2021,most_wickets
11,Jason Holder,8,8,31.5,247.0,16.0,4/52,15.43,7.75,11.93,1,0,2021,most_wickets
12,Axar Patel,12,12,46.0,306.0,15.0,3/21,20.4,6.65,18.4,0,0,2021,most_wickets
13,Kagiso Rabada,15,15,56.0,456.0,15.0,3/36,30.4,8.14,22.4,0,0,2021,most_wickets
14,Chris Morris,11,11,41.0,376.0,15.0,4/23,25.06,9.17,16.4,1,0,2021,most_wickets
15,Dwayne Bravo,11,11,33.4,263.0,14.0,3/24,18.78,7.81,14.42,0,0,2021,most_wickets
16,Chetan Sakariya,14,14,52.0,426.0,14.0,3/31,30.42,8.19,22.28,0,0,2021,most_wickets
17,Deepak Chahar,15,15,54.0,451.0,14.0,4/13,32.21,8.35,23.14,2,0,2021,most_wickets
18,Mustafizur Rahman,14,14,51.5,436.0,14.0,3/20,31.14,8.41,22.21,0,0,2021,most_wickets
19,Ravindra Jadeja,16,16,49.0,346.0,13.0,3/13,26.61,7.06,22.61,0,0,2021,most_wickets
20,Rahul Chahar,11,11,43.0,318.0,13.0,4/27,24.46,7.39,19.84,1,0,2021,most_wickets
21,Lockie Ferguson,8,8,30.0,224.0,13.0,3/18,17.23,7.46,13.84,0,0,2021,most_wickets
22,Trent Boult,14,14,51.2,406.0,13.0,3/28,31.23,7.9,23.69,0,0,2021,most_wickets
23,Anrich Nortje,8,8,30.2,187.0,12.0,2/12,15.58,6.16,15.16,0,0,2021,most_wickets
24,Ravi Bishnoi,9,9,35.0,222.0,12.0,3/24,18.5,6.34,17.5,0,0,2021,most_wickets
25,Prasidh Krishna,10,10,38.3,351.0,12.0,3/30,29.25,9.11,19.25,0,0,2021,most_wickets
26,Mohammed Siraj,15,15,52.0,353.0,11.0,3/27,32.09,6.78,28.36,0,0,2021,most_wickets
27,Shivam Mavi,9,9,32.1,233.0,11.0,4/21,21.18,7.24,17.54,1,0,2021,most_wickets
28,Josh Hazlewood,9,9,35.0,293.0,11.0,3/24,26.63,8.37,19.09,0,0,2021,most_wickets
29,Andre Russell,10,8,19.0,188.0,11.0,5/15,17.09,9.89,10.36,0,1,2021,most_wickets
30,Pat Cummins,7,7,26.5,237.0,9.0,3/24,26.33,8.83,17.88,0,0,2021,most_wickets
31,Kyle Jamieson,9,9,28.0,269.0,9.0,3/41,29.88,9.6,18.66,0,0,2021,most_wickets
32,Sam Curran,9,9,33.0,328.0,9.0,3/34,36.44,9.93,22.0,0,0,2021,most_wickets
33,Rahul Tewatia,14,13,37.0,340.0,8.0,3/39,42.5,9.18,27.75,0,0,2021,most_wickets
34,Nathan Coulter-Nile,5,5,20.0,127.0,7.0,4/14,18.14,6.35,17.14,1,0,2021,most_wickets
35,Shahbaz Ahmed,11,6,14.0,92.0,7.0,3/7,13.14,6.57,12.0,0,0,2021,most_wickets
36,Ravichandran Ashwin,13,13,44.4,331.0,7.0,2/27,47.28,7.41,38.28,0,0,2021,most_wickets
37,Siddarth Kaul,8,8,30.0,247.0,7.0,2/31,35.28,8.23,25.71,0,0,2021,most_wickets
38,Moeen Ali,15,10,25.2,161.0,6.0,3/7,26.83,6.35,25.33,0,0,2021,most_wickets
39,Amit Mishra,4,4,14.0,109.0,6.0,4/24,18.16,7.78,14.0,1,0,2021,most_wickets
40,Bhuvneshwar Kumar,11,11,42.0,335.0,6.0,1/16,55.83,7.97,42.0,0,0,2021,most_wickets
41,Harpreet Brar,7,7,23.0,139.0,5.0,3/19,27.8,6.04,27.6,0,0,2021,most_wickets
42,Kieron Pollard,14,9,13.1,95.0,5.0,2/8,19.0,7.21,15.8,0,0,2021,most_wickets
43,Jimmy Neesham,3,3,9.0,66.0,5.0,3/12,13.2,7.33,10.8,0,0,2021,most_wickets
44,Chris Woakes,3,3,11.0,82.0,5.0,2/18,16.4,7.45,13.2,0,0,2021,most_wickets
45,Krunal Pandya,13,12,33.1,265.0,5.0,1/13,53.0,7.98,39.8,0,0,2021,most_wickets
46,Khaleel Ahmed,7,7,27.0,219.0,5.0,3/21,43.8,8.11,32.4,0,0,2021,most_wickets
47,Lungi Ngidi,3,3,12.0,125.0,5.0,3/28,25.0,10.41,14.4,0,0,2021,most_wickets
48,Moises Henriques,5,5,10.0,45.0,4.0,3/12,11.25,4.5,15.0,0,0,2021,most_wickets
49,Abhishek Sharma,8,6,10.0,64.0,4.0,2/4,16.0,6.4,15.0,0,0,2021,most_wickets
50,Shakib Al Hasan,8,8,26.0,187.0,4.0,1/1,46.75,7.19,39.0,0,0,2021,most_wickets
51,Lalit Yadav,7,5,14.0,101.0,4.0,2/13,25.25,7.21,21.0,0,0,2021,most_wickets
52,Jaydev Unadkat,6,6,22.0,168.0,4.0,3/15,42.0,7.63,33.0,0,0,2021,most_wickets
53,Chris Jordan,4,4,12.0,96.0,4.0,2/20,24.0,8.0,18.0,0,0,2021,most_wickets
54,Kartik Tyagi,4,4,14.0,124.0,4.0,2/29,31.0,8.85,21.0,0,0,2021,most_wickets
55,Tom Curran,3,3,11.2,104.0,4.0,3/29,26.0,9.17,17.0,0,0,2021,most_wickets
56,Dan Christian,9,9,16.4,155.0,4.0,2/14,38.75,9.3,25.0,0,0,2021,most_wickets
57,Riley Meredith,5,5,17.0,169.0,4.0,1/29,42.25,9.94,25.5,0,0,2021,most_wickets
58,Washington Sundar,6,6,16.0,118.0,3.0,1/7,39.33,7.37,32.0,0,0,2021,most_wickets
59,Tim Southee,3,3,12.0,95.0,3.0,2/26,31.66,7.91,24.0,0,0,2021,most_wickets
60,Venkatesh Iyer,10,4,8.3,69.0,3.0,2/29,23.0,8.11,17.0,0,0,2021,most_wickets
61,Glenn Maxwell,15,6,16.0,135.0,3.0,2/23,45.0,8.43,32.0,0,0,2021,most_wickets
62,Sandeep Sharma,7,7,23.3,203.0,3.0,1/20,67.66,8.63,47.0,0,0,2021,most_wickets
63,George Garton,5,5,15.0,135.0,3.0,1/27,45.0,9.0,30.0,0,0,2021,most_wickets
64,Vijay Shankar,7,5,11.0,100.0,3.0,2/19,33.33,9.09,22.0,0,0,2021,most_wickets
65,Adam Milne,4,4,14.0,131.0,3.0,2/21,43.66,9.35,28.0,0,0,2021,most_wickets
66,Jhye Richardson,3,3,11.0,117.0,3.0,2/41,39.0,10.63,22.0,0,0,2021,most_wickets
67,Imran Tahir,1,1,4.0,16.0,2.0,2/16,8.0,4.0,12.0,0,0,2021,most_wickets
68,Mujeeb Ur Rahman,1,1,4.0,29.0,2.0,2/29,14.5,7.25,12.0,0,0,2021,most_wickets
69,Marco Jansen,2,2,6.0,45.0,2.0,2/28,22.5,7.5,18.0,0,0,2021,most_wickets
70,Jayant Yadav,5,5,17.0,130.0,2.0,1/25,65.0,7.64,51.0,0,0,2021,most_wickets
71,Umran Malik,3,3,12.0,96.0,2.0,1/21,48.0,8.0,36.0,0,0,2021,most_wickets
72,Deepak Hooda,12,7,16.0,136.0,2.0,1/15,68.0,8.5,48.0,0,0,2021,most_wickets
73,T Natarajan,2,2,8.0,69.0,2.0,1/32,34.5,8.62,24.0,0,0,2021,most_wickets
74,Marcus Stoinis,10,8,11.1,117.0,2.0,1/7,58.5,10.47,33.5,0,0,2021,most_wickets
75,Mohammad Nabi,3,3,8.0,86.0,2.0,2/32,43.0,10.75,24.0,0,0,2021,most_wickets
76,Daniel Sams,2,2,6.0,39.0,1.0,1/24,39.0,6.5,36.0,0,0,2021,most_wickets
77,Mahipal Lomror,4,4,7.0,47.0,1.0,1/22,47.0,6.71,42.0,0,0,2021,most_wickets
78,Ishant Sharma,3,3,12.0,97.0,1.0,1/26,97.0,8.08,72.0,0,0,2021,most_wickets
79,Nathan Ellis,3,3,12.0,98.0,1.0,1/20,98.0,8.16,72.0,0,0,2021,most_wickets
80,Fabian Allen,4,3,11.0,90.0,1.0,1/22,90.0,8.18,66.0,0,0,2021,most_wickets
81,KM Asif,1,1,2.1,18.0,1.0,1/18,18.0,8.3,13.0,0,0,2021,most_wickets
82,Murugan Ashwin,3,3,11.0,97.0,1.0,1/32,97.0,8.81,66.0,0,0,2021,most_wickets
83,Shahbaz Nadeem,1,1,4.0,36.0,1.0,1/36,36.0,9.0,24.0,0,0,2021,most_wickets
84,Abdul Samad,11,1,1.0,9.0,1.0,1/9,9.0,9.0,6.0,0,0,2021,most_wickets
85,Piyush Chawla,1,1,4.0,38.0,1.0,1/38,38.0,9.5,24.0,0,0,2021,most_wickets
86,Kane Richardson,1,1,3.0,29.0,1.0,1/29,29.0,9.66,18.0,0,0,2021,most_wickets
87,Ishan Porel,1,1,4.0,39.0,1.0,1/39,39.0,9.75,24.0,0,0,2021,most_wickets
88,Glenn Phillips,3,2,2.0,20.0,1.0,1/17,20.0,10.0,12.0,0,0,2021,most_wickets
89,Lukman Meriwala,1,1,3.0,32.0,1.0,1/32,32.0,10.66,18.0,0,0,2021,most_wickets
90,Riyan Parag,11,6,6.1,73.0,1.0,1/7,73.0,11.83,37.0,0,0,2021,most_wickets
91,Aiden Markram,6,2,4.0,23.0,0.0,0/5,0.0,5.75,0.0,0,0,2021,most_wickets
92,Nitish Rana,17,2,2.0,12.0,0.0,0/5,0.0,6.0,0.0,0,0,2021,most_wickets
93,Ripal Patel,2,1,3.0,22.0,0.0,0/22,0.0,7.33,0.0,0,0,2021,most_wickets
94,Sandeep Warrier,1,1,2.0,15.0,0.0,0/15,0.0,7.5,0.0,0,0,2021,most_wickets
95,Kuldip Yadav,1,1,2.0,16.0,0.0,0/16,0.0,8.0,0.0,0,0,2021,most_wickets
96,Tabraiz Shamsi,1,1,4.0,34.0,0.0,0/34,0.0,8.5,0.0,0,0,2021,most_wickets
97,Mayank Markande,1,1,3.0,26.0,0.0,0/26,0.0,8.66,0.0,0,0,2021,most_wickets
98,Harbhajan Singh,3,3,7.0,63.0,0.0,0/8,0.0,9.0,0.0,0,0,2021,most_wickets
99,Jalaj Saxena,1,1,3.0,27.0,0.0,0/27,0.0,9.0,0.0,0,0,2021,most_wickets
100,Jagadeesha Suchith,2,2,7.0,66.0,0.0,0/21,0.0,9.42,0.0,0,0,2021,most_wickets
101,Akash Singh,1,1,4.0,39.0,0.0,0/39,0.0,9.75,0.0,0,0,2021,most_wickets
102,Shivam Dube,9,4,5.0,49.0,0.0,0/5,0.0,9.8,0.0,0,0,2021,most_wickets
103,Wanindu Hasaranga,2,2,6.0,60.0,0.0,0/20,0.0,10.0,0.0,0,0,2021,most_wickets
104,Rohit Sharma,13,2,1.1,13.0,0.0,0/4,0.0,11.14,0.0,0,0,2021,most_wickets
105,Adil Rashid,1,1,3.0,35.0,0.0,0/35,0.0,11.66,0.0,0,0,2021,most_wickets
106,Ben Stokes,1,1,1.0,12.0,0.0,0/12,0.0,12.0,0.0,0,0,2021,most_wickets
107,Dhawal Kulkarni,1,1,4.0,48.0,0.0,0/48,0.0,12.0,0.0,0,0,2021,most_wickets
108,Shreyas Gopal,3,3,7.0,84.0,0.0,0/9,0.0,12.0,0.0,0,0,2021,most_wickets
109,Kamlesh Nagarkoti,1,1,2.0,25.0,0.0,0/25,0.0,12.5,0.0,0,0,2021,most_wickets
110,Navdeep Saini,2,2,4.0,52.0,0.0,0/25,0.0,13.0,0.0,0,0,2021,most_wickets
1,Yuzvendra Chahal,17,17,68.0,527.0,27.0,40/5,19.51,7.75,15.11,1,1,2022,most_wickets
2,Wanindu Hasaranga,16,16,57.0,430.0,26.0,18/5,16.53,7.54,13.15,1,1,2022,most_wickets
3,Kagiso Rabada,13,13,48.0,406.0,23.0,33/4,17.65,8.45,12.52,2,0,2022,most_wickets
4,Umran Malik,14,14,49.1,444.0,22.0,25/5,20.18,9.03,13.4,1,1,2022,most_wickets
5,Kuldeep Yadav,14,14,49.4,419.0,21.0,14/4,19.95,8.43,14.19,2,0,2022,most_wickets
6,Mohammad Shami,16,16,61.0,488.0,20.0,25/3,24.4,8.0,18.3,0,0,2022,most_wickets
7,Josh Hazlewood,12,12,46.3,377.0,20.0,25/4,18.85,8.1,13.95,1,0,2022,most_wickets
8,Rashid Khan,16,16,63.5,421.0,19.0,24/4,22.15,6.59,20.15,1,0,2022,most_wickets
9,Harshal Patel,15,15,53.3,410.0,19.0,34/4,21.57,7.66,16.89,1,0,2022,most_wickets
10,Prasidh Krishna,17,17,66.3,551.0,19.0,22/3,29.0,8.28,21.0,0,0,2022,most_wickets
11,Avesh Khan,13,13,47.4,416.0,18.0,24/4,23.11,8.72,15.88,1,0,2022,most_wickets
12,T Natarajan,11,11,43.0,406.0,18.0,10/3,22.55,9.44,14.33,0,0,2022,most_wickets
13,Andre Russell,14,13,28.1,278.0,17.0,5/4,16.35,9.86,9.94,1,0,2022,most_wickets
14,Umesh Yadav,12,12,48.0,339.0,16.0,23/4,21.18,7.06,18.0,1,0,2022,most_wickets
15,Trent Boult,16,16,62.0,492.0,16.0,18/2,30.75,7.93,23.25,0,0,2022,most_wickets
16,Khaleel Ahmed,10,10,39.1,315.0,16.0,25/3,19.68,8.04,14.68,0,0,2022,most_wickets
17,Dwayne Bravo,10,10,34.2,299.0,16.0,20/3,18.68,8.7,12.87,0,0,2022,most_wickets
18,Mukesh Choudhary,13,13,45.3,424.0,16.0,46/4,26.5,9.31,17.06,1,0,2022,most_wickets
19,Jasprit Bumrah,14,14,53.2,383.0,15.0,10/5,25.53,7.18,21.33,0,1,2022,most_wickets
20,Shardul Thakur,14,14,48.2,473.0,15.0,36/4,31.53,9.78,19.33,1,0,2022,most_wickets
21,Mohsin Khan,9,9,33.0,197.0,14.0,16/4,14.07,5.96,14.14,1,0,2022,most_wickets
22,Rahul Chahar,13,13,46.4,360.0,14.0,25/3,25.71,7.71,20.0,0,0,2022,most_wickets
23,Tim Southee,9,9,35.0,275.0,14.0,20/3,19.64,7.85,15.0,0,0,2022,most_wickets
24,Jason Holder,12,12,41.3,391.0,14.0,31/3,27.92,9.42,17.78,0,0,2022,most_wickets
25,Ravi Bishnoi,14,14,54.0,456.0,13.0,22/2,35.07,8.44,24.92,0,0,2022,most_wickets
26,Daniel Sams,11,11,42.0,370.0,13.0,30/4,28.46,8.8,19.38,1,0,2022,most_wickets
27,Bhuvneshwar Kumar,14,14,52.1,383.0,12.0,22/3,31.91,7.34,26.08,0,0,2022,most_wickets
28,Maheesh Theekshana,9,9,35.0,261.0,12.0,33/4,21.75,7.45,17.5,1,0,2022,most_wickets
29,Ravichandran Ashwin,17,17,67.0,503.0,12.0,17/3,41.91,7.5,33.5,0,0,2022,most_wickets
30,Lockie Ferguson,13,13,47.4,427.0,12.0,28/4,35.58,8.95,23.83,1,0,2022,most_wickets
31,Obed McCoy,7,7,25.5,237.0,11.0,23/3,21.54,9.17,14.09,0,0,2022,most_wickets
32,Yash Dayal,9,9,32.0,296.0,11.0,40/3,26.9,9.25,17.45,0,0,2022,most_wickets
33,Krunal Pandya,14,12,38.0,265.0,10.0,19/3,26.5,6.97,22.8,0,0,2022,most_wickets
34,Arshdeep Singh,14,14,50.0,385.0,10.0,37/3,38.5,7.7,30.0,0,0,2022,most_wickets
35,Sunil Narine,14,14,56.0,312.0,9.0,21/2,34.66,5.57,37.33,0,0,2022,most_wickets
36,Murugan Ashwin,8,8,29.0,228.0,9.0,14/2,25.33,7.86,19.33,0,0,2022,most_wickets
37,Dushmantha Chameera,12,12,44.0,384.0,9.0,17/2,42.66,8.72,29.33,0,0,2022,most_wickets
38,Anrich Nortje,6,6,22.2,217.0,9.0,42/3,24.11,9.71,14.88,0,0,2022,most_wickets
39,Mohammed Siraj,15,15,51.0,514.0,9.0,30/2,57.11,10.07,34.0,0,0,2022,most_wickets
40,Moeen Ali,10,10,23.5,158.0,8.0,13/3,19.75,6.62,17.87,0,0,2022,most_wickets
41,Hardik Pandya,15,10,30.3,222.0,8.0,17/3,27.75,7.27,22.87,0,0,2022,most_wickets
42,Mustafizur Rahman,8,8,32.0,244.0,8.0,18/3,30.5,7.62,24.0,0,0,2022,most_wickets
43,Riley Meredith,8,8,28.0,236.0,8.0,24/2,29.5,8.42,21.0,0,0,2022,most_wickets
44,Kuldeep Sen,7,7,25.1,237.0,8.0,20/4,29.62,9.41,18.87,1,0,2022,most_wickets
45,Jagadeesha Suchith,5,5,18.0,140.0,7.0,12/2,20.0,7.77,15.42,0,0,2022,most_wickets
46,Marco Jansen,8,8,32.0,274.0,7.0,25/3,39.14,8.56,27.42,0,0,2022,most_wickets
47,Alzarri Joseph,9,9,30.0,264.0,7.0,34/2,37.71,8.8,25.71,0,0,2022,most_wickets
48,Pat Cummins,5,5,19.5,212.0,7.0,22/3,30.28,10.68,17.0,0,0,2022,most_wickets
49,Glenn Maxwell,13,10,24.0,165.0,6.0,22/2,27.5,6.87,24.0,0,0,2022,most_wickets
50,Axar Patel,13,13,43.0,321.0,6.0,10/2,53.5,7.46,43.0,0,0,2022,most_wickets
51,Sai Kishore,5,5,16.0,121.0,6.0,7/2,20.16,7.56,16.0,0,0,2022,most_wickets
52,Rishi Dhawan,6,6,19.0,156.0,6.0,36/2,26.0,8.21,19.0,0,0,2022,most_wickets
53,Varun Chakaravarthy,11,11,39.0,332.0,6.0,22/1,55.33,8.51,39.0,0,0,2022,most_wickets
54,Washington Sundar,9,8,28.0,239.0,6.0,21/2,39.83,8.53,28.0,0,0,2022,most_wickets
55,Liam Livingstone,14,12,23.0,202.0,6.0,27/3,33.66,8.78,23.0,0,0,2022,most_wickets
56,Ramandeep Singh,5,3,6.0,54.0,6.0,20/3,9.0,9.0,6.0,0,0,2022,most_wickets
57,Jaydev Unadkat,5,5,20.0,190.0,6.0,32/2,31.66,9.5,20.0,0,0,2022,most_wickets
58,Dwaine Pretorius,6,6,21.0,210.0,6.0,30/2,35.0,10.0,21.0,0,0,2022,most_wickets
59,Tymal Mills,5,5,17.0,190.0,6.0,35/3,31.66,11.17,17.0,0,0,2022,most_wickets
60,Odean Smith,6,6,15.0,178.0,6.0,30/4,29.66,11.86,15.0,1,0,2022,most_wickets
61,Ravindra Jadeja,10,10,33.0,248.0,5.0,39/3,49.6,7.51,39.6,0,0,2022,most_wickets
62,Kumar Kartikeya Singh,4,4,13.0,102.0,5.0,22/2,20.4,7.84,15.6,0,0,2022,most_wickets
63,Krishnappa Gowtham,4,4,12.0,99.0,5.0,30/2,19.8,8.25,14.4,0,0,2022,most_wickets
64,Basil Thampi,5,5,16.0,152.0,5.0,35/3,30.4,9.5,19.2,0,0,2022,most_wickets
65,Shivam Mavi,6,6,22.0,227.0,5.0,33/1,45.4,10.31,26.4,0,0,2022,most_wickets
66,Akash Deep,5,5,18.5,205.0,5.0,45/3,41.0,10.88,22.6,0,0,2022,most_wickets
67,Mitchell Santner,6,6,19.0,130.0,4.0,15/1,32.5,6.84,28.5,0,0,2022,most_wickets
68,Simarjeet Singh,6,6,18.0,138.0,4.0,27/2,34.5,7.66,27.0,0,0,2022,most_wickets
69,Lalit Yadav,12,8,18.0,150.0,4.0,11/2,37.5,8.33,27.0,0,0,2022,most_wickets
70,Mitchell Marsh,8,4,12.0,102.0,4.0,25/2,25.5,8.5,18.0,0,0,2022,most_wickets
71,Kieron Pollard,11,6,14.0,125.0,4.0,8/2,31.25,8.92,21.0,0,0,2022,most_wickets
72,Harpreet Brar,5,5,16.0,146.0,4.0,26/3,36.5,9.12,24.0,0,0,2022,most_wickets
73,Shahbaz Ahmed,16,14,35.0,336.0,4.0,26/2,84.0,9.6,52.5,0,0,2022,most_wickets
74,Marcus Stoinis,11,5,7.0,79.0,4.0,23/3,19.75,11.28,10.5,0,0,2022,most_wickets
75,Pradeep Sangwan,3,3,9.0,65.0,3.0,19/2,21.66,7.22,18.0,0,0,2022,most_wickets
76,Chetan Sakariya,3,3,11.0,84.0,3.0,23/2,28.0,7.63,22.0,0,0,2022,most_wickets
77,Nathan Ellis,2,2,6.0,55.0,3.0,40/3,18.33,9.16,12.0,0,0,2022,most_wickets
78,Vaibhav Arora,5,5,17.5,164.0,3.0,21/2,54.66,9.19,35.66,0,0,2022,most_wickets
79,Romario Shepherd,3,3,9.0,98.0,3.0,42/2,32.66,10.88,18.0,0,0,2022,most_wickets
80,Navdeep Saini,2,2,6.0,72.0,3.0,36/2,24.0,12.0,12.0,0,0,2022,most_wickets
81,Ayush Badoni,13,2,2.0,11.0,2.0,5/1,5.5,5.5,6.0,0,0,2022,most_wickets
82,Prashant Solanki,2,2,6.0,38.0,2.0,20/2,19.0,6.33,18.0,0,0,2022,most_wickets
83,Matheesha Pathirana,2,2,6.5,52.0,2.0,24/2,26.0,7.6,20.5,0,0,2022,most_wickets
84,Sandeep Sharma,5,5,20.0,153.0,2.0,18/1,76.5,7.65,60.0,0,0,2022,most_wickets
85,Hrithik Shokeen,5,5,15.0,127.0,2.0,47/2,63.5,8.46,45.0,0,0,2022,most_wickets
86,Fazalhaq Farooqi,3,3,12.0,110.0,2.0,32/2,55.0,9.16,36.0,0,0,2022,most_wickets
87,Andrew Tye,3,3,11.0,107.0,2.0,40/2,53.5,9.72,33.0,0,0,2022,most_wickets
88,Varun Aaron,2,2,5.0,52.0,2.0,45/2,26.0,10.4,15.0,0,0,2022,most_wickets
89,Chris Jordan,4,4,12.5,135.0,2.0,23/2,67.5,10.51,38.5,0,0,2022,most_wickets
90,Darshan Nalkande,2,2,5.1,59.0,2.0,37/2,29.5,11.41,15.5,0,0,2022,most_wickets
91,David Willey,4,4,11.0,72.0,1.0,29/1,72.0,6.54,66.0,0,0,2022,most_wickets
92,Anukul Roy,2,2,7.0,55.0,1.0,28/1,55.0,7.85,42.0,0,0,2022,most_wickets
93,Mayank Markande,2,2,7.0,57.0,1.0,26/1,57.0,8.14,42.0,0,0,2022,most_wickets
94,Tushar Deshpande,2,2,7.0,63.0,1.0,40/1,63.0,9.0,42.0,0,0,2022,most_wickets
95,Kartik Tyagi,2,2,8.0,79.0,1.0,42/1,79.0,9.87,48.0,0,0,2022,most_wickets
96,Harshit Rana,2,2,5.0,51.0,1.0,24/1,51.0,10.2,30.0,0,0,2022,most_wickets
97,Aiden Markram,14,4,6.0,64.0,1.0,8/1,64.0,10.66,36.0,0,0,2022,most_wickets
98,Deepak Hooda,15,2,4.0,43.0,1.0,31/1,43.0,10.75,24.0,0,0,2022,most_wickets
99,Shreyas Gopal,1,1,3.0,34.0,1.0,34/1,34.0,11.33,18.0,0,0,2022,most_wickets
100,Fabian Allen,1,1,4.0,46.0,1.0,46/1,46.0,11.5,24.0,0,0,2022,most_wickets
101,Sean Abbott,1,1,4.0,47.0,1.0,47/1,47.0,11.75,24.0,0,0,2022,most_wickets
102,Riyan Parag,17,4,4.0,59.0,1.0,12/1,59.0,14.75,24.0,0,0,2022,most_wickets
103,Dewald Brevis,7,1,0.3,8.0,1.0,8/1,8.0,16.0,3.0,0,0,2022,most_wickets
