player,total_runs,bat_avg,bat_sr,total_fours,total_sixes,centuries,fifties,seasons_batted,last_season_bat,total_wickets,bowl_avg,economy,bowl_sr,seasons_bowled,last_season_bowl,best_economy,avg_dots_per_spell,inn_wickets,max_sr_inn,avg_sr_inn,max_6s_inn,max_4s_inn,role,bat_impact,bowl_impact,overall_impact,powerplay_bowler,death_bowler,finisher,anchor,runs_3yr_avg,sr_3yr_avg,wkts_3yr_avg,econ_3yr_avg
AB de Villiers,4697.0,37.075384615384614,147.28538461538463,374.0,239.0,2.0,37.0,13.0,2021.0,0.0,0.0,0.0,0.0,0.0,0.0,0.0,0.0,0.0,533.33,259.1842,12.0,19.0,batter,56.866219852622976,0.0,56.866219852622976,False,True,True,False,403.0,153.69333333333336,0.0,0.0
Aakash Chopra,53.0,9.7,69.325,7.0,0.0,0.0,0.0,2.0,2009.0,0.0,0.0,0.0,0.0,0.0,0.0,0.0,0.0,0.0,0.0,0.0,0.0,0.0,batter,7.127166822440176,0.0,7.127166822440176,False,True,False,False,26.5,69.325,0.0,0.0
Aaron Finch,2091.0,22.634545454545453,119.69272727272728,214.0,78.0,0.0,15.0,11.0,2022.0,1.0,16.333333333333332,7.676666666666667,8.0,3.0,2013.0,0.0,0.0,0.0,450.0,212.4662068965517,6.0,12.0,allrounder,26.914879947858864,0.19125683060109291,13.55306838922998,False,True,False,False,162.66666666666666,128.72666666666666,0.3333333333333333,7.676666666666667
Aavishkar Salvi,0.0,0.0,0.0,0.0,0.0,0.0,0.0,0.0,0.0,3.0,22.0,8.25,16.0,1.0,2011.0,0.0,0.0,0.0,0.0,0.0,0.0,0.0,bowler,0.0,0.5737704918032787,0.5737704918032787,False,True,False,False,0.0,0.0,3.0,8.25
Abdul Samad,226.0,12.176666666666668,118.49333333333334,12.0,14.0,0.0,0.0,3.0,2022.0,2.0,52.5,11.355,24.0,2.0,2021.0,0.0,0.0,0.0,375.0,268.55,3.0,2.0,allrounder,11.514325028974179,0.38251366120218583,5.948419345088182,False,False,False,False,75.33333333333333,118.49333333333334,1.0,11.355
Abdur Razzak,0.0,0.0,0.0,0.0,0.0,0.0,0.0,1.0,2008.0,0.0,0.0,14.5,0.0,1.0,2008.0,0.0,0.0,0.0,0.0,0.0,0.0,0.0,bowler,0.0,0.0,0.0,False,False,False,False,0.0,0.0,0.0,14.5
Abhijeet Tomar,4.0,4.0,50.0,1.0,0.0,0.0,0.0,1.0,2022.0,0.0,0.0,0.0,0.0,0.0,0.0,0.0,0.0,0.0,50.0,50.0,0.0,1.0,batter,3.9422663623589154,0.0,3.9422663623589154,False,True,False,False,4.0,50.0,0.0,0.0
Abhimanyu Mithun,32.0,7.0,130.0,4.0,1.0,0.0,0.0,2.0,2011.0,7.0,28.04,10.638,16.56,5.0,2013.0,0.0,0.0,0.0,0.0,0.0,0.0,0.0,bowler,9.146331203344193,1.3387978142076502,1.3387978142076502,False,False,False,False,16.0,130.0,2.0,9.896666666666667
Abhinav Manohar,108.0,18.0,144.0,14.0,3.0,0.0,0.0,1.0,2022.0,0.0,0.0,0.0,0.0,0.0,0.0,0.0,0.0,0.0,214.28,159.12333333333333,2.0,5.0,batter,14.113906157103974,0.0,14.113906157103974,False,True,False,False,108.0,144.0,0.0,0.0
Abhinav Mukund,19.0,9.5,45.235,1.0,0.0,0.0,0.0,2.0,2013.0,0.0,0.0,0.0,0.0,0.0,0.0,0.0,0.0,0.0,0.0,0.0,0.0,0.0,batter,5.722987079201458,0.0,5.722987079201458,False,True,False,False,9.5,45.235,0.0,0.0
Abhishek Jhunjhunwala,217.0,12.443333333333333,86.02999999999999,19.0,5.0,0.0,1.0,3.0,2012.0,1.0,12.666666666666666,9.503333333333332,12.0,3.0,2012.0,4.33,8.0,1.0,125.0,121.38499999999999,1.0,5.0,allrounder,9.885419965452309,20.354019068363332,15.119719516907821,False,False,False,False,72.33333333333333,86.02999999999999,0.3333333333333333,9.503333333333332
Abhishek Nayar,672.0,17.89,107.81714285714285,55.0,20.0,0.0,0.0,7.0,2014.0,9.0,33.2,9.884,22.9,5.0,2013.0,4.33,8.0,4.0,466.66,226.595625,3.0,6.0,allrounder,14.870329796597352,22.39543734953571,18.632883573066533,False,False,False,False,51.333333333333336,91.24,1.3333333333333333,10.903333333333334
Abhishek Raut,194.0,22.5,115.98666666666666,13.0,7.0,0.0,0.0,3.0,2011.0,0.0,0.0,8.0,0.0,2.0,2011.0,0.0,0.0,0.0,300.0,203.138,2.0,4.0,allrounder,14.755427565052074,0.0,7.377713782526037,False,True,False,False,64.66666666666667,115.98666666666666,0.0,8.0
Abhishek Sharma,667.0,25.692,136.292,64.0,25.0,0.0,2.0,5.0,2022.0,7.0,27.5,8.666666666666666,19.0,3.0,2021.0,4.5,8.0,2.0,400.0,155.19279999999998,4.0,8.0,allrounder,19.569322859247468,22.06432228973212,20.816822574489795,False,True,False,False,198.33333333333334,130.18666666666667,2.3333333333333335,8.666666666666666
Abrar Kazi,0.0,0.0,0.0,0.0,0.0,0.0,0.0,0.0,0.0,0.0,0.0,10.5,0.0,1.0,2011.0,0.0,0.0,0.0,0.0,0.0,0.0,0.0,bowler,0.0,0.0,0.0,False,False,False,False,0.0,0.0,0.0,10.5
Abu Nechim,14.0,5.0,300.0,3.0,0.0,0.0,0.0,2.0,2015.0,7.0,45.165,8.365,28.665,4.0,2015.0,4.5,7.0,1.0,0.0,0.0,0.0,0.0,bowler,16.836800344252993,20.64386774427758,20.64386774427758,False,True,False,False,7.0,300.0,2.3333333333333335,8.32
Adam Gilchrist,2069.0,28.12833333333333,137.34833333333333,239.0,92.0,2.0,11.0,6.0,2013.0,1.0,0.0,0.0,1.0,1.0,2013.0,0.0,0.0,0.0,475.0,230.90341463414637,10.0,10.0,batter,34.3261869320693,0.19125683060109291,34.3261869320693,False,True,False,False,283.0,126.16000000000001,1.0,0.0
Adam Milne,23.0,5.75,76.22,0.0,1.0,0.0,0.0,2.0,2021.0,7.0,43.77333333333333,9.89,26.666666666666668,3.0,2021.0,5.25,14.0,2.0,0.0,0.0,0.0,0.0,bowler,5.9773732670393995,31.295091520501355,31.295091520501355,False,False,False,False,11.5,76.22,2.3333333333333335,9.89
Adam Voges,181.0,45.25,126.57,15.0,3.0,0.0,0.0,1.0,2010.0,0.0,0.0,8.44,0.0,1.0,2010.0,4.5,3.0,0.0,280.0,211.89333333333335,2.0,5.0,allrounder,23.240513323137854,14.134615384615383,18.687564353876617,False,True,False,True,181.0,126.57,0.0,8.44
Adam Zampa,5.0,2.5,35.71,1.0,0.0,0.0,0.0,2.0,2017.0,21.0,26.286666666666665,7.776666666666666,19.5,3.0,2020.0,3.0,10.0,12.0,0.0,0.0,0.0,0.0,bowler,2.696351862947752,25.48492491115442,25.48492491115442,False,True,False,False,2.5,35.71,7.0,7.776666666666666
Adil Rashid,0.0,0.0,0.0,0.0,0.0,0.0,0.0,0.0,0.0,0.0,0.0,11.66,0.0,1.0,2021.0,0.0,0.0,0.0,0.0,0.0,0.0,0.0,bowler,0.0,0.0,0.0,False,False,False,False,0.0,0.0,0.0,11.66
Aditya Dole,34.0,17.0,154.54,3.0,1.0,0.0,0.0,1.0,2010.0,5.0,22.4,10.18,13.2,1.0,2010.0,0.0,0.0,0.0,0.0,0.0,0.0,0.0,bowler,13.948803872526506,0.9562841530054645,0.9562841530054645,False,False,False,False,34.0,154.54,5.0,10.18
Aditya Tare,339.0,11.641666666666666,104.63499999999999,40.0,11.0,0.0,1.0,6.0,2017.0,0.0,0.0,0.0,0.0,0.0,0.0,0.0,0.0,0.0,300.0,177.24166666666667,2.0,8.0,batter,11.158155449386161,0.0,11.158155449386161,False,True,False,False,13.333333333333334,71.31333333333333,0.0,0.0
Adrian Barath,42.0,21.0,100.0,5.0,1.0,0.0,0.0,1.0,2010.0,0.0,0.0,0.0,0.0,0.0,0.0,0.0,0.0,0.0,122.22,122.22,1.0,4.0,batter,12.679166853242908,0.0,12.679166853242908,False,True,False,False,42.0,100.0,0.0,0.0
Aiden Blizzard,120.0,20.0,137.93,21.0,2.0,0.0,1.0,1.0,2011.0,0.0,0.0,0.0,0.0,0.0,0.0,0.0,0.0,0.0,333.33,208.5475,2.0,8.0,batter,14.726454864880544,0.0,14.726454864880544,False,True,False,False,120.0,137.93,0.0,0.0
Aiden Markram,527.0,38.415,130.865,37.0,23.0,0.0,3.0,2.0,2022.0,1.0,32.0,8.205,18.0,2.0,2022.0,0.0,0.0,0.0,188.88,145.76399999999998,4.0,6.0,allrounder,23.43822415618953,0.19125683060109291,11.814740493395313,False,True,False,True,263.5,130.865,0.5,8.205
Ajantha Mendis,0.0,0.0,0.0,0.0,0.0,0.0,0.0,1.0,2009.0,8.0,33.75,7.015,29.0,4.0,2013.0,3.75,9.0,7.0,0.0,0.0,0.0,0.0,bowler,0.0,22.627082616836713,22.627082616836713,False,True,False,False,0.0,0.0,2.3333333333333335,7.353333333333333
Ajinkya Rahane,4074.0,26.400714285714287,111.18928571428572,431.0,80.0,2.0,28.0,14.0,2022.0,1.0,5.0,5.0,6.0,1.0,2009.0,0.0,0.0,0.0,400.0,158.03513513513514,5.0,16.0,allrounder,42.78102678869375,0.19125683060109291,21.48614180964742,False,True,False,False,84.66666666666667,103.16666666666667,1.0,5.0
Ajit Agarkar,179.0,20.56,112.55199999999999,13.0,5.0,0.0,0.0,5.0,2013.0,29.0,32.913333333333334,8.905,22.06833333333333,6.0,2013.0,3.75,14.333333333333334,6.0,233.33,164.0325,2.0,3.0,allrounder,13.778882178073882,33.13968818067179,23.459285179372834,False,True,False,False,19.666666666666668,109.86333333333334,3.6666666666666665,9.030000000000001
Ajit Chandila,4.0,0.0,66.66,0.0,0.0,0.0,0.0,1.0,2013.0,11.0,21.6,6.1899999999999995,20.9,2.0,2013.0,3.0,11.4,9.0,0.0,0.0,0.0,0.0,bowler,3.3480966183574883,24.810992968779853,24.810992968779853,True,True,False,False,4.0,66.66,5.5,6.1899999999999995
Akash Deep,0.0,0.0,0.0,0.0,0.0,0.0,0.0,0.0,0.0,5.0,41.0,10.88,22.6,1.0,2022.0,5.0,8.666666666666666,1.0,0.0,0.0,0.0,0.0,bowler,0.0,23.498533570254885,23.498533570254885,False,False,False,False,0.0,0.0,5.0,10.88
Akash Singh,0.0,0.0,0.0,0.0,0.0,0.0,0.0,0.0,0.0,0.0,0.0,9.75,0.0,1.0,2021.0,0.0,0.0,0.0,0.0,0.0,0.0,0.0,bowler,0.0,0.0,0.0,False,False,False,False,0.0,0.0,0.0,9.75
Akila Dananjaya,4.0,0.0,80.0,0.0,0.0,0.0,0.0,1.0,2018.0,0.0,0.0,11.75,0.0,1.0,2018.0,0.0,0.0,0.0,0.0,0.0,0.0,0.0,bowler,4.015096618357488,0.0,0.0,False,False,False,False,4.0,80.0,0.0,11.75
Akshath Reddy,164.0,18.665,106.905,15.0,2.0,0.0,0.0,2.0,2013.0,1.0,32.0,10.66,18.0,1.0,2012.0,0.0,0.0,0.0,216.66,216.66,1.0,1.0,allrounder,12.67976457956725,0.19125683060109291,6.435510705084171,False,False,False,False,82.0,106.905,1.0,10.66
Akshdeep Nath,90.0,6.965,62.5775,7.0,2.0,0.0,0.0,4.0,2019.0,0.0,0.0,0.0,0.0,0.0,0.0,0.0,0.0,0.0,158.33,158.33,0.0,4.0,batter,6.009630638749549,0.0,6.009630638749549,False,True,False,False,23.333333333333332,58.74666666666667,0.0,0.0
Albie Morkel,974.0,28.225555555555555,141.59333333333333,61.0,55.0,0.0,3.0,9.0,2016.0,85.0,29.31222222222222,8.657777777777778,20.645555555555557,9.0,2016.0,3.0,10.933333333333334,18.0,475.0,259.9889285714286,5.0,8.0,allrounder,22.922529762899206,39.914756009018305,31.418642885958754,False,True,True,False,49.0,139.94000000000003,3.0,10.049999999999999
Alex Carey,32.0,16.0,110.34,0.0,1.0,0.0,0.0,1.0,2020.0,0.0,0.0,0.0,0.0,0.0,0.0,0.0,0.0,0.0,0.0,0.0,0.0,0.0,batter,11.374463127347404,0.0,11.374463127347404,False,True,False,False,32.0,110.34,0.0,0.0
Alex Hales,148.0,24.66,125.42,13.0,6.0,0.0,0.0,1.0,2018.0,0.0,0.0,0.0,0.0,0.0,0.0,0.0,0.0,0.0,380.0,226.43999999999997,3.0,3.0,batter,15.79614357788661,0.0,15.79614357788661,False,True,False,False,148.0,125.42,0.0,0.0
Alfonso Thomas,19.0,9.5,126.66,1.0,1.0,0.0,0.0,1.0,2012.0,14.0,31.665,7.745,24.5,2.0,2012.0,4.0,12.0,4.0,0.0,0.0,0.0,0.0,bowler,9.822248283683251,27.590183041002714,27.590183041002714,False,True,False,False,19.0,126.66,7.0,7.745
Ali Murtaza,5.0,5.0,125.0,1.0,0.0,0.0,0.0,1.0,2013.0,9.0,25.165,7.0825,21.0,4.0,2013.0,3.75,11.4,8.0,0.0,0.0,0.0,0.0,bowler,8.052832952948645,25.98879399289235,25.98879399289235,False,True,False,False,5.0,125.0,2.0,6.916666666666667
Alzarri Joseph,20.0,2.5,93.4,2.0,0.0,0.0,0.0,2.0,2022.0,13.0,26.105,9.415,17.185000000000002,2.0,2022.0,3.27,10.666666666666666,12.0,0.0,0.0,0.0,0.0,bowler,5.637464181788332,25.41128052275593,25.41128052275593,False,False,False,False,10.0,93.4,6.5,9.415
Aman Khan,5.0,5.0,166.66,1.0,0.0,0.0,0.0,1.0,2022.0,0.0,0.0,0.0,0.0,0.0,0.0,0.0,0.0,0.0,166.66,166.66,0.0,1.0,batter,10.135832952948643,0.0,10.135832952948643,False,True,False,False,5.0,166.66,0.0,0.0
Ambati Rayudu,4190.0,28.993076923076924,127.39846153846153,349.0,164.0,1.0,22.0,13.0,2022.0,0.0,0.0,7.33,0.0,1.0,2011.0,0.0,0.0,0.0,425.0,206.145,8.0,9.0,allrounder,43.6960529580101,0.0,21.84802647900505,False,True,False,False,296.6666666666667,133.59666666666666,0.0,7.33
Amit Mishra,362.0,11.450000000000001,82.51083333333334,29.0,5.0,0.0,0.0,12.0,2019.0,166.0,25.30857142857143,7.426428571428572,20.112142857142857,14.0,2021.0,2.0,10.10909090909091,86.0,400.0,341.0,1.0,4.0,allrounder,9.717115042632372,63.65947304062058,36.68829404162648,False,True,False,False,23.666666666666668,77.24333333333334,6.666666666666667,7.243333333333333
Amit Paunikar,49.0,12.25,85.96,9.0,0.0,0.0,0.0,1.0,2011.0,0.0,0.0,0.0,0.0,0.0,0.0,0.0,0.0,0.0,0.0,0.0,0.0,0.0,batter,8.853640915883599,0.0,8.853640915883599,False,True,False,False,49.0,85.96,0.0,0.0
Amit Singh,1.0,1.0,33.33,0.0,0.0,0.0,0.0,1.0,2009.0,28.0,21.810000000000002,7.466666666666666,16.786666666666665,3.0,2012.0,2.25,14.2,11.0,0.0,0.0,0.0,0.0,bowler,2.0270665905897287,30.172498949138294,30.172498949138294,False,True,False,False,1.0,33.33,9.333333333333334,7.466666666666666
Amit Uniyal,4.0,4.0,57.14,0.0,0.0,0.0,0.0,1.0,2010.0,2.0,33.0,11.0,18.0,1.0,2010.0,0.0,0.0,0.0,0.0,0.0,0.0,0.0,bowler,4.299266362358916,0.38251366120218583,0.38251366120218583,False,False,False,False,4.0,57.14,2.0,11.0
Anand Rajan,0.0,0.0,0.0,0.0,0.0,0.0,0.0,0.0,0.0,8.0,24.66333333333333,8.153333333333334,19.22,3.0,2013.0,4.5,7.5,1.0,0.0,0.0,0.0,0.0,bowler,0.0,21.460124574878673,21.460124574878673,False,True,False,False,0.0,0.0,2.6666666666666665,8.153333333333334
Andre Nel,0.0,0.0,0.0,0.0,0.0,0.0,0.0,0.0,0.0,1.0,31.0,10.33,18.0,1.0,2008.0,0.0,0.0,0.0,0.0,0.0,0.0,0.0,bowler,0.0,0.19125683060109291,0.19125683060109291,False,False,False,False,0.0,0.0,1.0,10.33
Andre Russell,2035.0,25.481,150.314,137.0,175.0,0.0,10.0,10.0,2022.0,89.0,37.153,9.446000000000002,23.023,10.0,2022.0,3.0,9.0,26.0,600.0,257.94032258064516,11.0,9.0,allrounder,31.04134528726265,39.62675302839237,35.33404915782751,False,False,True,False,211.66666666666666,157.13666666666666,11.333333333333334,9.823333333333332
Andrew Flintoff,62.0,31.0,116.98,5.0,2.0,0.0,0.0,1.0,2009.0,2.0,52.5,9.54,33.0,1.0,2009.0,3.66,10.0,1.0,216.66,192.945,1.0,2.0,bowler,17.199585509515707,21.499122052810577,21.499122052810577,False,False,False,False,62.0,116.98,2.0,9.54
Andrew McDonald,120.0,10.5,124.52,9.0,4.0,0.0,0.0,3.0,2012.0,11.0,14.2,8.9875,10.2,4.0,2013.0,0.0,0.0,0.0,360.0,225.26,2.0,4.0,allrounder,10.537263946655553,2.1038251366120218,6.3205445416337875,False,True,False,False,40.0,124.52,2.0,8.700000000000001
Andrew Symonds,974.0,45.115,131.7375,74.0,41.0,1.0,5.0,4.0,2011.0,20.0,23.7125,9.675,17.7675,4.0,2011.0,3.75,8.333333333333334,8.0,380.0,215.52344827586208,7.0,11.0,allrounder,30.933977629883834,24.259285796171042,27.59663171302744,False,False,False,True,271.0,124.53999999999998,6.666666666666667,7.973333333333334
Andrew Tye,91.0,9.4575,90.2175,6.0,5.0,0.0,0.0,4.0,2020.0,42.0,42.314,9.504000000000001,25.1,5.0,2022.0,3.0,10.125,20.0,350.0,279.165,2.0,2.0,bowler,8.368743553515188,31.021204717413735,31.021204717413735,False,False,False,False,12.666666666666666,61.40333333333333,2.0,10.936666666666667
Angelo Mathews,724.0,21.426666666666666,124.66666666666667,44.0,29.0,0.0,1.0,6.0,2017.0,27.0,24.968333333333334,9.361666666666666,18.885,6.0,2017.0,4.25,7.142857142857143,10.0,475.0,216.12785714285715,4.0,5.0,allrounder,17.60820396656347,25.6047436170387,21.606473791801086,False,False,False,False,116.0,126.90333333333335,4.0,9.046666666666667
Aniket Choudhary,25.0,25.0,125.0,1.0,1.0,0.0,0.0,1.0,2017.0,5.0,28.8,8.55,20.2,1.0,2017.0,4.25,13.0,2.0,0.0,0.0,0.0,0.0,bowler,15.292175969225013,27.354885551606863,27.354885551606863,False,True,False,False,25.0,125.0,5.0,8.55
Anil Kumble,35.0,7.5,71.74,3.0,0.0,0.0,0.0,3.0,2010.0,45.0,27.959999999999997,6.736666666666667,24.03333333333333,3.0,2010.0,1.57,11.705882352941176,32.0,0.0,0.0,0.0,0.0,bowler,6.395038680630695,32.31653269584803,32.31653269584803,True,True,False,False,11.666666666666666,71.74,15.0,6.736666666666667
Anirudh Singh,63.0,15.75,95.45,6.0,1.0,0.0,0.0,1.0,2010.0,0.0,0.0,0.0,0.0,0.0,0.0,0.0,0.0,0.0,0.0,0.0,0.0,0.0,batter,10.657763810617848,0.0,10.657763810617848,False,True,False,False,63.0,95.45,0.0,0.0
Ankeet Chavan,11.0,11.0,137.5,2.0,0.0,0.0,0.0,1.0,2012.0,8.0,32.23666666666667,7.010000000000001,25.80666666666667,3.0,2013.0,3.33,13.0,0.0,0.0,0.0,0.0,0.0,bowler,10.841232496487017,25.464670029424127,25.464670029424127,False,True,False,False,11.0,137.5,2.6666666666666665,7.010000000000001
Ankit Bawne,12.0,0.0,100.0,1.0,0.0,0.0,0.0,1.0,2017.0,0.0,0.0,0.0,0.0,0.0,0.0,0.0,0.0,0.0,0.0,0.0,0.0,0.0,batter,5.045289855072464,0.0,5.045289855072464,False,True,False,False,12.0,100.0,0.0,0.0
Ankit Rajpoot,24.0,5.553333333333334,69.41666666666667,2.0,1.0,0.0,0.0,3.0,2020.0,24.0,44.13999999999999,9.168333333333333,27.37833333333333,6.0,2020.0,3.5,13.4,10.0,0.0,0.0,0.0,0.0,bowler,5.570811575882036,31.12163246589476,31.12163246589476,False,False,False,False,8.0,69.41666666666667,5.333333333333333,9.906666666666666
Ankit Sharma,87.0,11.0,127.022,7.0,4.0,0.0,0.0,5.0,2017.0,12.0,24.857142857142858,9.065714285714286,20.321428571428573,7.0,2018.0,4.5,10.4,6.0,350.0,285.8333333333333,2.0,2.0,bowler,10.716213063206459,26.70242462455577,26.70242462455577,False,False,False,False,11.666666666666666,127.77333333333333,0.3333333333333333,11.543333333333331
Ankit Soni,7.0,3.5,77.77,0.0,1.0,0.0,0.0,1.0,2017.0,2.0,72.0,7.92,54.5,1.0,2017.0,4.0,12.5,1.0,0.0,0.0,0.0,0.0,bowler,5.191703812608646,25.408737437425962,25.408737437425962,False,True,False,False,7.0,77.77,2.0,7.92
Anmolpreet Singh,29.0,11.25,107.14,3.0,1.0,0.0,0.0,2.0,2022.0,0.0,0.0,0.0,0.0,0.0,0.0,0.0,0.0,0.0,233.33,179.16500000000002,1.0,2.0,batter,9.508376592577594,0.0,9.508376592577594,False,True,False,False,14.5,107.14,0.0,0.0
Anrich Nortje,8.0,3.5,66.66,0.0,0.0,0.0,0.0,2.0,2022.0,43.0,20.986666666666668,8.086666666666668,15.556666666666667,3.0,2022.0,3.0,11.25,21.0,0.0,0.0,0.0,0.0,bowler,4.611966762716225,32.789166093469376,32.789166093469376,False,True,False,False,4.0,66.66,14.333333333333334,8.086666666666668
Anuj Rawat,129.0,8.065,54.66,10.0,7.0,0.0,1.0,2.0,2022.0,0.0,0.0,0.0,0.0,0.0,0.0,0.0,0.0,0.0,140.42,111.2825,6.0,4.0,batter,6.478660554929598,0.0,6.478660554929598,False,True,False,False,64.5,54.66,0.0,0.0
Anukul Roy,0.0,0.0,0.0,0.0,0.0,0.0,0.0,0.0,0.0,2.0,33.0,6.675,27.0,2.0,2022.0,5.5,5.5,2.0,0.0,0.0,0.0,0.0,bowler,0.0,20.290730444418966,20.290730444418966,False,True,False,False,0.0,0.0,1.0,6.675
Anureet Singh,36.0,7.0,86.02,2.0,1.0,0.0,0.0,3.0,2018.0,18.0,19.3,9.812000000000001,11.931999999999999,5.0,2018.0,5.0,8.0,3.0,0.0,0.0,0.0,0.0,bowler,6.962427821701682,25.492448125644845,25.492448125644845,False,False,False,False,12.0,86.02,0.3333333333333333,10.22
Anustup Majumdar,87.0,21.75,114.47,7.0,2.0,0.0,0.0,1.0,2012.0,0.0,0.0,0.0,0.0,0.0,0.0,0.0,0.0,0.0,266.66,208.33,2.0,1.0,batter,13.868109341246708,0.0,13.868109341246708,False,True,False,False,87.0,114.47,0.0,0.0
Arindam Ghosh,7.0,3.5,87.5,1.0,0.0,0.0,0.0,1.0,2009.0,0.0,0.0,0.0,0.0,0.0,0.0,0.0,0.0,0.0,0.0,0.0,0.0,0.0,batter,5.6501926081268525,0.0,5.6501926081268525,False,True,False,False,7.0,87.5,0.0,0.0
Arjun Yadav,49.0,9.8,125.64,5.0,2.0,0.0,0.0,1.0,2008.0,0.0,0.0,0.0,0.0,0.0,0.0,0.0,0.0,0.0,0.0,0.0,0.0,0.0,batter,10.019521856646309,0.0,10.019521856646309,False,True,False,False,49.0,125.64,0.0,0.0
Arshdeep Singh,23.0,2.3333333333333335,46.35666666666666,3.0,0.0,0.0,0.0,3.0,2022.0,40.0,29.5125,8.91,20.08,4.0,2022.0,3.5,9.066666666666666,15.0,200.0,126.47,0.0,2.0,bowler,3.2371545728897213,29.617347816118308,29.617347816118308,False,True,False,False,7.666666666666667,46.35666666666666,12.333333333333334,8.246666666666668
Arun Karthik,51.0,5.72,85.13,4.0,1.0,0.0,0.0,3.0,2013.0,0.0,0.0,0.0,0.0,0.0,0.0,0.0,0.0,0.0,0.0,0.0,0.0,0.0,batter,6.517845822461805,0.0,6.517845822461805,False,True,False,False,17.0,85.13,0.0,0.0
Asad Pathan,39.0,7.125,145.98,5.0,2.0,0.0,0.0,2.0,2012.0,0.0,0.0,11.45,0.0,2.0,2012.0,0.0,0.0,0.0,350.0,350.0,1.0,2.0,bowler,10.044360544451635,0.0,0.0,False,False,False,False,19.5,145.98,0.0,11.45
Ashish Nehra,39.0,5.4,68.80199999999999,3.0,1.0,0.0,0.0,5.0,2016.0,87.0,24.3925,8.175,17.94625,8.0,2017.0,2.5,12.0,27.0,0.0,0.0,0.0,0.0,bowler,5.5419823878692265,42.01084775879858,42.01084775879858,False,True,False,False,4.333333333333333,68.64666666666666,13.0,8.063333333333334
Ashish Reddy,280.0,19.3525,145.4675,16.0,15.0,0.0,0.0,4.0,2016.0,17.0,24.8725,9.370000000000001,15.7075,4.0,2016.0,5.07,8.0,1.0,433.33,275.552,3.0,2.0,allrounder,15.65513196994795,25.121820665673127,20.38847631781054,False,False,False,False,81.66666666666667,153.73,2.3333333333333335,9.666666666666666
Ashley Noffke,9.0,9.0,90.0,1.0,0.0,0.0,0.0,1.0,2008.0,1.0,40.0,10.0,24.0,1.0,2008.0,0.0,0.0,0.0,0.0,0.0,0.0,0.0,bowler,7.745099315307559,0.19125683060109291,0.19125683060109291,False,False,False,False,9.0,90.0,1.0,10.0
Ashok Dinda,24.0,3.7,66.36,2.0,0.0,0.0,0.0,5.0,2017.0,68.0,36.961,8.741,24.854,10.0,2017.0,3.0,10.764705882352942,23.0,0.0,0.0,0.0,0.0,bowler,4.7287117233462475,37.304878302346964,37.304878302346964,False,True,False,False,6.666666666666667,71.71333333333332,4.0,10.623333333333333
Ashok Menaria,400.0,20.0,113.66499999999999,24.0,18.0,0.0,0.0,2.0,2012.0,3.0,41.75,7.48,32.5,2.0,2012.0,5.0,8.5,2.0,433.33,209.43,3.0,1.0,allrounder,14.832962236428196,23.078141121173907,18.95555167880105,False,True,False,False,200.0,113.66499999999999,1.5,7.48
Ashton Turner,3.0,1.0,30.0,0.0,0.0,0.0,0.0,1.0,2019.0,0.0,0.0,0.0,0.0,0.0,0.0,0.0,0.0,0.0,0.0,0.0,0.0,0.0,batter,1.868114899768473,0.0,1.868114899768473,False,True,False,False,3.0,30.0,0.0,0.0
Avesh Khan,31.0,7.333333333333333,156.40666666666667,2.0,3.0,0.0,0.0,3.0,2022.0,47.0,19.31,8.845,13.938333333333333,6.0,2022.0,3.75,10.538461538461538,23.0,350.0,325.0,2.0,0.0,bowler,10.63784360305186,34.73644866062899,34.73644866062899,False,True,False,False,10.333333333333334,156.40666666666667,14.0,8.863333333333333
Axar Patel,1135.0,19.689999999999998,124.79777777777778,67.0,54.0,0.0,0.0,9.0,2022.0,101.0,36.35888888888889,7.356666666666666,29.343333333333337,9.0,2022.0,2.5,9.090909090909092,53.0,500.0,225.62133333333335,3.0,5.0,allrounder,19.06140245468992,45.48389793266843,32.27265019367917,False,True,False,False,113.0,125.41666666666667,10.0,6.839999999999999
Ayush Badoni,161.0,20.13,123.84,11.0,7.0,0.0,1.0,1.0,2022.0,2.0,5.5,5.5,6.0,1.0,2022.0,0.0,0.0,0.0,333.33,173.119,3.0,4.0,allrounder,14.363134242133805,0.38251366120218583,7.372823951667995,False,True,False,False,161.0,123.84,2.0,5.5
Azhar Bilakhia,69.0,9.375,66.35499999999999,5.0,0.0,0.0,0.0,2.0,2010.0,0.0,0.0,0.0,0.0,0.0,0.0,0.0,0.0,0.0,0.0,0.0,0.0,0.0,batter,6.923095754170012,0.0,6.923095754170012,False,True,False,False,34.5,66.35499999999999,0.0,0.0
Azhar Mahmood,388.0,16.283333333333335,114.65333333333332,39.0,13.0,0.0,2.0,3.0,2015.0,29.0,15.166666666666666,9.63,11.936666666666667,3.0,2015.0,4.75,10.333333333333334,8.0,425.0,232.05375,4.0,8.0,allrounder,13.741324842182483,30.788289579273187,22.264807210727835,False,False,False,False,129.33333333333334,114.65333333333332,9.666666666666666,9.63
B Indrajith,21.0,7.0,70.0,2.0,0.0,0.0,0.0,1.0,2022.0,0.0,0.0,0.0,0.0,0.0,0.0,0.0,0.0,0.0,93.75,93.75,0.0,2.0,batter,6.07680429837931,0.0,6.07680429837931,False,True,False,False,21.0,70.0,0.0,0.0
Balachandra Akhil,76.0,12.276666666666666,135.38333333333333,5.0,5.0,0.0,0.0,3.0,2011.0,6.0,21.75,8.0,17.125,4.0,2011.0,4.5,7.0,4.0,475.0,353.57,3.0,2.0,bowler,11.576280243832281,20.963974550040124,20.963974550040124,False,True,False,False,25.333333333333332,135.38333333333333,1.3333333333333333,8.09
Barinder Sran,10.0,1.0,80.95,0.0,0.0,0.0,0.0,3.0,2019.0,18.0,17.35,11.53,10.842,5.0,2019.0,5.14,12.0,2.0,0.0,0.0,0.0,0.0,bowler,4.442033981894077,30.645070503267224,30.645070503267224,False,False,False,False,3.3333333333333335,80.95,1.3333333333333333,12.549999999999999
Basil Thampi,32.0,1.0,83.33333333333333,1.0,1.0,0.0,0.0,3.0,2019.0,22.0,27.548000000000002,10.172,15.951999999999998,5.0,2022.0,6.0,8.75,7.0,0.0,0.0,0.0,0.0,bowler,4.67224325400872,30.184485937559703,30.184485937559703,False,False,False,False,10.666666666666666,83.33333333333333,2.0,10.053333333333333
Ben Cutting,238.0,19.8,158.408,15.0,19.0,0.0,0.0,5.0,2019.0,10.0,56.2,9.6,35.28,5.0,2019.0,4.66,6.5,2.0,460.0,272.195,4.0,4.0,allrounder,16.41535191023166,21.13232355076617,18.773837730498915,False,False,True,False,55.0,155.84666666666666,1.3333333333333333,11.030000000000001
Ben Dunk,40.0,13.33,114.28,7.0,0.0,0.0,0.0,1.0,2014.0,0.0,0.0,0.0,0.0,0.0,0.0,0.0,0.0,0.0,117.64,117.64,0.0,4.0,batter,10.621009355459636,0.0,10.621009355459636,False,True,False,False,40.0,114.28,0.0,0.0
Ben Hilfenhaus,0.0,0.0,0.0,0.0,0.0,0.0,0.0,0.0,0.0,22.0,23.695,7.8149999999999995,17.785,2.0,2014.0,2.0,12.333333333333334,4.0,0.0,0.0,0.0,0.0,bowler,0.0,24.92151973709351,24.92151973709351,False,True,False,False,0.0,0.0,11.0,7.8149999999999995
Ben Laughlin,5.0,2.5,34.72,0.0,0.0,0.0,0.0,2.0,2018.0,10.0,47.22,10.09,28.0,2.0,2018.0,0.0,0.0,0.0,0.0,0.0,0.0,0.0,bowler,2.6468518629477518,1.912568306010929,1.912568306010929,False,False,False,False,2.5,34.72,5.0,10.09
Ben Rohrer,193.0,32.16,137.85,21.0,5.0,0.0,1.0,1.0,2013.0,0.0,0.0,12.0,0.0,1.0,2013.0,0.0,0.0,0.0,360.0,236.584,3.0,9.0,allrounder,19.420597785114417,0.0,9.710298892557208,False,False,False,False,193.0,137.85,0.0,12.0
Ben Stokes,920.0,21.828,106.29,79.0,32.0,2.0,2.0,5.0,2021.0,28.0,34.54,9.768,22.316,5.0,2021.0,3.33,10.333333333333334,9.0,375.0,216.83526315789473,6.0,14.0,allrounder,22.84151642902575,27.490564217203566,25.166040323114657,False,False,False,False,136.0,88.91333333333334,2.6666666666666665,11.160000000000002
Beuran Hendricks,1.0,0.0,25.0,0.0,0.0,0.0,0.0,2.0,2015.0,9.0,26.65,9.440000000000001,16.8,2.0,2015.0,4.5,4.0,1.0,0.0,0.0,0.0,0.0,bowler,1.253774154589372,17.276381405479768,17.276381405479768,False,False,False,False,0.5,25.0,4.5,9.440000000000001
Bhanuka Rajapaksa,206.0,22.89,159.68,16.0,13.0,0.0,0.0,1.0,2022.0,0.0,0.0,0.0,0.0,0.0,0.0,0.0,0.0,0.0,344.44,178.19615384615386,4.0,5.0,batter,17.292600363722098,0.0,17.292600363722098,False,True,False,False,206.0,159.68,0.0,0.0
Bharat Chipli,280.0,15.215,96.9425,28.0,7.0,0.0,1.0,4.0,2013.0,0.0,0.0,20.0,0.0,1.0,2011.0,0.0,0.0,0.0,350.0,229.76,3.0,6.0,allrounder,11.713748815327317,0.0,5.856874407663659,False,False,False,False,86.66666666666667,105.44999999999999,0.0,20.0
Bhargav Bhatt,6.0,0.0,300.0,0.0,1.0,0.0,0.0,1.0,2012.0,12.0,41.81333333333333,7.62,32.68333333333333,3.0,2013.0,0.0,0.0,0.0,0.0,0.0,0.0,0.0,bowler,15.050656132018025,2.2950819672131146,2.2950819672131146,False,True,False,False,6.0,300.0,4.0,7.62
Bhuvneshwar Kumar,240.0,9.31,88.86454545454545,23.0,3.0,0.0,0.0,11.0,2022.0,154.0,29.775833333333335,7.211666666666667,24.534166666666664,12.0,2022.0,3.0,11.509803921568627,72.0,166.66,113.75,0.0,1.0,allrounder,8.754795566785248,63.03661101033329,35.89570328855927,False,True,False,False,19.333333333333332,68.54333333333334,7.0,7.43
Billy Stanlake,5.0,0.0,250.0,1.0,0.0,0.0,0.0,1.0,2018.0,7.0,30.5,8.434999999999999,21.6,2.0,2018.0,5.25,15.0,2.0,0.0,0.0,0.0,0.0,bowler,12.51887077294686,32.54509152050136,32.54509152050136,False,True,False,False,5.0,250.0,3.5,8.434999999999999
Biplap Samantray,123.0,24.6,110.81,13.0,2.0,0.0,1.0,1.0,2013.0,0.0,0.0,0.0,0.0,0.0,0.0,0.0,0.0,0.0,119.56,119.56,1.0,6.0,batter,15.023022534250304,0.0,15.023022534250304,False,True,False,False,123.0,110.81,0.0,0.0
Bipul Sharma,187.0,17.416666666666668,132.11499999999998,11.0,9.0,0.0,0.0,6.0,2017.0,17.0,24.545714285714286,7.874285714285714,19.52285714285714,7.0,2017.0,4.5,6.25,2.0,260.0,233.31,3.0,3.0,allrounder,13.777752675554908,21.789390595743054,17.783571635648983,False,True,False,False,27.666666666666668,127.71999999999998,3.0,7.890000000000001
Bodapati Sumanth,35.0,35.0,94.59,3.0,0.0,0.0,0.0,1.0,2010.0,0.0,0.0,0.0,0.0,0.0,0.0,0.0,0.0,0.0,0.0,0.0,0.0,0.0,batter,17.34933067064051,0.0,17.34933067064051,False,True,False,False,35.0,94.59,0.0,0.0
Brad Haddin,18.0,18.0,163.63,2.0,1.0,0.0,0.0,1.0,2011.0,0.0,0.0,0.0,0.0,0.0,0.0,0.0,0.0,0.0,0.0,0.0,0.0,0.0,batter,14.699709835096911,0.0,14.699709835096911,False,True,False,False,18.0,163.63,0.0,0.0
Brad Hodge,1400.0,30.150000000000002,119.10714285714286,122.0,43.0,0.0,6.0,7.0,2014.0,17.0,15.1,7.35,10.712,5.0,2013.0,3.25,16.0,4.0,425.0,216.94263157894736,5.0,10.0,allrounder,24.31205841721687,31.43318430203676,27.872621359626816,False,True,False,False,213.0,138.22333333333333,2.6666666666666665,6.833333333333333
Brad Hogg,22.0,7.25,105.205,1.0,0.0,0.0,0.0,2.0,2015.0,23.0,19.2,8.01,14.9,4.0,2016.0,4.25,10.666666666666666,9.0,0.0,0.0,0.0,0.0,bowler,7.93002656196877,29.074023653941687,29.074023653941687,False,True,False,False,11.0,105.205,4.333333333333333,8.34
Brendon McCullum,2880.0,28.128181818181815,131.6909090909091,293.0,130.0,2.0,13.0,11.0,2018.0,0.0,0.0,0.0,0.0,0.0,0.0,0.0,0.0,0.0,533.33,214.06166666666667,13.0,11.0,batter,38.538897173147255,0.0,38.538897173147255,False,True,False,False,266.6666666666667,142.14,0.0,0.0
Brett Geeves,0.0,0.0,0.0,0.0,0.0,0.0,0.0,0.0,0.0,1.0,91.0,11.37,48.0,1.0,2008.0,0.0,0.0,0.0,0.0,0.0,0.0,0.0,bowler,0.0,0.19125683060109291,0.19125683060109291,False,False,False,False,0.0,0.0,1.0,11.37
Brett Lee,124.0,14.276666666666666,129.31333333333333,8.0,8.0,0.0,0.0,6.0,2013.0,25.0,30.334999999999997,7.548333333333333,25.495,6.0,2013.0,2.0,14.375,7.0,360.0,288.4825,2.0,2.0,allrounder,12.251558149568227,28.558737198593754,20.40514767408099,False,True,False,False,22.666666666666668,146.85,5.333333333333333,7.489999999999999
Callum Ferguson,98.0,18.25,84.12,9.0,0.0,0.0,0.0,2.0,2012.0,0.0,0.0,0.0,0.0,0.0,0.0,0.0,0.0,0.0,0.0,0.0,0.0,0.0,batter,11.087329106764965,0.0,11.087329106764965,False,True,False,False,49.0,84.12,0.0,0.0
Cameron White,954.0,25.446,122.34400000000001,76.0,36.0,0.0,6.0,5.0,2013.0,1.0,4.0,15.0,3.0,4.0,2013.0,0.0,0.0,0.0,480.0,220.96363636363637,5.0,9.0,allrounder,20.9161982771816,0.19125683060109291,10.553727553891347,False,False,False,False,264.0,118.17,0.3333333333333333,12.0
Carlos Brathwaite,181.0,12.5825,141.1675,10.0,16.0,0.0,0.0,4.0,2019.0,13.0,28.055,9.51,17.0125,4.0,2019.0,4.5,6.0,1.0,325.0,260.4657142857143,4.0,3.0,allrounder,12.679017078359502,20.54140872788414,16.61021290312182,False,False,True,False,32.666666666666664,115.41666666666667,2.0,10.020000000000001
Chamara Kapugedera,16.0,5.33,69.56,0.0,0.0,0.0,0.0,1.0,2008.0,0.0,0.0,17.29,0.0,1.0,2008.0,0.0,0.0,0.0,0.0,0.0,0.0,0.0,bowler,5.440090157311854,0.0,0.0,False,False,False,False,16.0,69.56,0.0,17.29
Chaminda Vaas,81.0,14.833333333333334,115.91333333333334,2.0,3.0,0.0,0.0,3.0,2010.0,18.0,20.73,7.8999999999999995,15.686666666666667,3.0,2010.0,3.0,11.8,9.0,0.0,0.0,0.0,0.0,bowler,11.47782793585647,26.649790782987505,26.649790782987505,False,True,False,False,27.0,115.91333333333334,6.0,7.8999999999999995
Chandan Madan,15.0,15.0,78.94,3.0,0.0,0.0,0.0,1.0,2010.0,0.0,0.0,0.0,0.0,0.0,0.0,0.0,0.0,0.0,0.0,0.0,0.0,0.0,batter,9.355498858845934,0.0,9.355498858845934,False,True,False,False,15.0,78.94,0.0,0.0
Chandrasekar Ganapathy,0.0,0.0,0.0,0.0,0.0,0.0,0.0,0.0,0.0,0.0,0.0,13.0,0.0,1.0,2010.0,0.0,0.0,0.0,0.0,0.0,0.0,0.0,bowler,0.0,0.0,0.0,False,False,False,False,0.0,0.0,0.0,13.0
Charl Langeveldt,8.0,8.0,100.0,0.0,1.0,0.0,0.0,1.0,2011.0,13.0,13.133333333333335,6.46,11.466666666666667,3.0,2011.0,3.33,12.5,5.0,0.0,0.0,0.0,0.0,bowler,7.912543929199623,26.64822690970232,26.64822690970232,True,True,False,False,8.0,100.0,4.333333333333333,6.46
Chetan Sakariya,16.0,3.2,64.0,2.0,0.0,0.0,0.0,1.0,2021.0,17.0,29.21,7.91,22.14,2.0,2022.0,5.75,8.333333333333334,3.0,0.0,0.0,0.0,0.0,bowler,4.402122268631094,27.448627192479655,27.448627192479655,False,True,False,False,16.0,64.0,8.5,7.91
Chetanya Nanda,0.0,0.0,0.0,0.0,0.0,0.0,0.0,1.0,2009.0,2.0,28.5,7.12,24.0,1.0,2009.0,0.0,0.0,0.0,0.0,0.0,0.0,0.0,bowler,0.0,0.38251366120218583,0.38251366120218583,False,True,False,False,0.0,0.0,2.0,7.12
Cheteshwar Pujara,390.0,19.098000000000003,97.348,50.0,4.0,0.0,1.0,5.0,2014.0,0.0,0.0,0.0,0.0,0.0,0.0,0.0,0.0,0.0,325.0,175.2125,2.0,8.0,batter,13.450572235702243,0.0,13.450572235702243,False,True,False,False,78.0,90.33,0.0,0.0
Chidhambaram Gautam,169.0,14.426666666666668,106.13666666666666,17.0,6.0,0.0,0.0,3.0,2015.0,0.0,0.0,0.0,0.0,0.0,0.0,0.0,0.0,0.0,107.14,107.14,3.0,2.0,batter,11.260058229193103,0.0,11.260058229193103,False,True,False,False,56.333333333333336,106.13666666666666,0.0,0.0
Chris Gayle,4965.0,38.496923076923075,143.73076923076923,405.0,357.0,6.0,31.0,13.0,2021.0,18.0,32.16625,8.48125,25.25,8.0,2020.0,1.5,7.222222222222222,7.0,600.0,259.96846560846564,17.0,13.0,allrounder,70.40136770164483,17.12512100831773,43.76324435498128,False,True,True,False,323.6666666666667,138.68666666666667,0.6666666666666666,6.6000000000000005
Chris Green,0.0,0.0,0.0,0.0,0.0,0.0,0.0,0.0,0.0,0.0,0.0,8.47,0.0,1.0,2020.0,0.0,0.0,0.0,0.0,0.0,0.0,0.0,bowler,0.0,0.0,0.0,False,True,False,False,0.0,0.0,0.0,8.47
Chris Jordan,75.0,7.9319999999999995,91.684,3.0,3.0,0.0,0.0,5.0,2022.0,27.0,26.286666666666665,9.020000000000001,16.461666666666666,6.0,2022.0,3.66,10.2,12.0,166.66,166.66,3.0,1.0,bowler,7.7813728100031065,28.4055428178379,28.4055428178379,False,False,False,False,24.0,127.80666666666667,5.0,9.386666666666667
Chris Lynn,1329.0,31.72,127.07285714285715,132.0,66.0,0.0,10.0,7.0,2021.0,0.0,0.0,0.0,0.0,0.0,0.0,0.0,0.0,0.0,475.0,213.08975,8.0,8.0,batter,26.38754172399971,0.0,26.38754172399971,False,True,False,False,315.0,136.62666666666667,0.0,0.0
Chris Morris,618.0,26.75375,144.68125,41.0,35.0,0.0,2.0,8.0,2021.0,95.0,26.21,8.18,19.009999999999998,8.0,2021.0,4.0,11.666666666666666,28.0,475.0,327.01750000000004,8.0,5.0,allrounder,20.462788198109546,46.75622874393366,33.609508471021606,False,True,True,False,44.333333333333336,128.37,13.0,8.356666666666667
Chris Woakes,78.0,6.666666666666667,107.90000000000002,7.0,2.0,0.0,0.0,3.0,2021.0,30.0,20.95,8.86,14.156666666666666,3.0,2021.0,3.0,11.6,12.0,0.0,0.0,0.0,0.0,bowler,8.12402270693698,29.206236386564257,29.206236386564257,False,True,False,False,26.0,107.90000000000002,10.0,8.86
Clint McKay,8.0,8.0,53.33,0.0,0.0,0.0,0.0,1.0,2012.0,1.0,60.0,8.57,42.0,1.0,2012.0,0.0,0.0,0.0,0.0,0.0,0.0,0.0,bowler,5.55103272471783,0.19125683060109291,0.19125683060109291,False,True,False,False,8.0,53.33,1.0,8.57
Colin Ingram,205.0,14.45,100.12,22.0,5.0,0.0,0.0,2.0,2019.0,0.0,0.0,0.0,0.0,0.0,0.0,0.0,0.0,0.0,211.11,178.99,1.0,7.0,batter,11.075408413435376,0.0,11.075408413435376,False,True,False,False,102.5,100.12,0.0,0.0
Colin Munro,177.0,14.533333333333333,124.55,19.0,8.0,0.0,0.0,3.0,2019.0,0.0,0.0,7.5,0.0,1.0,2016.0,0.0,0.0,0.0,280.0,190.41333333333333,3.0,4.0,allrounder,12.304998401378368,0.0,6.152499200689184,False,True,False,False,59.0,124.55,0.0,7.5
Colin de Grandhomme,303.0,19.093333333333334,128.92333333333332,18.0,18.0,0.0,0.0,3.0,2019.0,6.0,32.75,9.343333333333334,23.0,3.0,2019.0,4.0,8.5,2.0,420.0,252.66833333333332,4.0,4.0,allrounder,14.906294099285459,21.344219305284877,18.125256702285167,False,False,False,False,101.0,128.92333333333332,2.0,9.343333333333334
Corey Anderson,538.0,23.345,114.1575,40.0,31.0,0.0,3.0,4.0,2018.0,11.0,44.832499999999996,10.4,26.4975,4.0,2018.0,6.0,5.0,0.0,380.0,228.68444444444444,6.0,9.0,allrounder,17.49159248200159,22.199978982765867,19.845785732383728,False,False,False,False,91.0,103.41000000000001,2.3333333333333335,10.459999999999999
D'Arcy Short,115.0,16.42,116.16,11.0,5.0,0.0,0.0,1.0,2018.0,1.0,19.0,6.33,18.0,1.0,2018.0,4.5,7.0,0.0,450.0,242.7733333333333,4.0,5.0,allrounder,12.240615599312601,19.325872215216478,15.78324390726454,False,True,False,False,115.0,116.16,1.0,6.33
Dale Steyn,167.0,7.287999999999999,79.546,14.0,3.0,0.0,0.0,10.0,2020.0,97.0,35.158181818181816,7.624545454545455,25.49181818181818,11.0,2020.0,2.0,13.272727272727273,45.0,266.66,266.66,1.0,2.0,allrounder,7.291920703441099,47.42866082005426,27.36029076174768,False,True,False,False,7.333333333333333,84.61333333333333,1.6666666666666667,9.506666666666666
Damien Martyn,19.0,19.0,79.16,1.0,0.0,0.0,0.0,1.0,2010.0,0.0,0.0,0.0,0.0,0.0,0.0,0.0,0.0,0.0,0.0,0.0,0.0,0.0,batter,10.808765221204848,0.0,10.808765221204848,False,True,False,False,19.0,79.16,0.0,0.0
Dan Christian,460.0,13.4,96.78333333333332,23.0,19.0,0.0,0.0,6.0,2021.0,38.0,25.336666666666662,8.453333333333333,18.285,6.0,2021.0,4.0,8.777777777777779,9.0,350.0,248.58285714285714,2.0,2.0,allrounder,11.88850930533662,29.00484192492389,20.446675615130257,False,True,False,False,39.666666666666664,99.44333333333333,6.333333333333333,8.426666666666668
Daniel Harris,111.0,27.75,109.9,11.0,5.0,0.0,0.0,1.0,2012.0,0.0,0.0,8.66,0.0,1.0,2012.0,0.0,0.0,0.0,320.0,217.315,4.0,2.0,allrounder,15.954977280839156,0.0,7.977488640419578,False,True,False,False,111.0,109.9,0.0,8.66
Daniel Sams,44.0,3.81,68.51666666666667,1.0,3.0,0.0,0.0,3.0,2022.0,14.0,22.486666666666668,8.266666666666667,18.459999999999997,3.0,2022.0,4.0,10.444444444444445,12.0,600.0,313.255,1.0,1.0,bowler,5.035308929872437,27.009374960194634,27.009374960194634,False,True,False,False,14.666666666666666,68.51666666666667,4.666666666666667,8.266666666666667
Daniel Vettori,87.0,21.25,107.86333333333334,8.0,2.0,0.0,0.0,3.0,2012.0,21.0,37.1525,6.952500000000001,31.7075,4.0,2012.0,3.5,9.875,9.0,0.0,0.0,0.0,0.0,bowler,13.359379789913199,25.97115742863694,25.97115742863694,True,True,False,False,29.0,107.86333333333334,6.333333333333333,7.0200000000000005
Darren Bravo,6.0,0.0,120.0,1.0,0.0,0.0,0.0,1.0,2017.0,0.0,0.0,0.0,0.0,0.0,0.0,0.0,0.0,0.0,0.0,0.0,0.0,0.0,batter,6.0226449275362315,0.0,6.0226449275362315,False,True,False,False,6.0,120.0,0.0,0.0
Darren Lehmann,18.0,9.0,100.0,3.0,0.0,0.0,0.0,1.0,2008.0,0.0,0.0,0.0,0.0,0.0,0.0,0.0,0.0,0.0,0.0,0.0,0.0,0.0,batter,8.279066706611907,0.0,8.279066706611907,False,True,False,False,18.0,100.0,0.0,0.0
Darren Sammy,295.0,16.973333333333333,107.57000000000001,15.0,18.0,0.0,1.0,3.0,2015.0,11.0,24.44333333333333,9.020000000000001,14.916666666666666,3.0,2015.0,3.33,10.0,2.0,425.0,229.78666666666666,3.0,8.0,allrounder,13.237219416768244,22.629349612136497,17.93328451445237,False,False,False,False,98.33333333333333,107.57000000000001,3.6666666666666665,9.020000000000001
Darshan Nalkande,0.0,0.0,0.0,0.0,0.0,0.0,0.0,0.0,0.0,2.0,29.5,11.41,15.5,1.0,2022.0,0.0,0.0,0.0,0.0,0.0,0.0,0.0,bowler,0.0,0.38251366120218583,0.38251366120218583,False,False,False,False,0.0,0.0,2.0,11.41
Daryl Mitchell,33.0,16.5,75.0,1.0,0.0,0.0,0.0,1.0,2022.0,0.0,0.0,0.0,0.0,0.0,0.0,0.0,0.0,0.0,85.0,85.0,0.0,1.0,batter,9.761622295455163,0.0,9.761622295455163,False,True,False,False,33.0,75.0,0.0,0.0
David Hussey,1322.0,28.88,123.68714285714285,90.0,60.0,0.0,5.0,7.0,2014.0,8.0,20.428571428571427,9.691428571428572,11.928571428571429,7.0,2014.0,3.5,5.5,0.0,400.0,208.1528125,5.0,5.0,allrounder,24.084553256530697,16.48197772173182,20.28326548913126,False,False,False,False,249.0,121.89,1.6666666666666667,9.56
David Miller,2455.0,37.031,130.318,169.0,113.0,1.0,12.0,10.0,2022.0,0.0,0.0,0.0,0.0,0.0,0.0,0.0,0.0,0.0,520.0,211.0553947368421,9.0,8.0,batter,36.88131854310223,0.0,36.88131854310223,False,True,False,True,272.6666666666667,127.44,0.0,0.0
David Warner,5718.0,42.666666666666664,140.28166666666667,561.0,211.0,4.0,54.0,12.0,2022.0,0.0,0.0,12.0,0.0,1.0,2020.0,0.0,0.0,0.0,425.0,206.15221556886226,8.0,12.0,allrounder,69.7282073570358,0.0,34.8641036785179,False,False,True,False,391.6666666666667,130.96333333333334,0.0,12.0
David Wiese,127.0,15.25,133.43,12.0,4.0,0.0,0.0,2.0,2016.0,16.0,11.03,10.29,7.935,2.0,2016.0,5.4,8.0,2.0,188.0,188.0,2.0,6.0,allrounder,12.703947099782855,25.862556842065036,19.283251970923946,False,False,False,False,63.5,133.43,8.0,10.29
David Willey,18.0,9.0,60.0,3.0,0.0,0.0,0.0,1.0,2022.0,3.0,59.75,8.02,48.0,2.0,2022.0,6.0,10.0,2.0,64.28,64.28,0.0,3.0,bowler,6.279066706611907,27.260833428866214,27.260833428866214,False,True,False,False,18.0,60.0,1.5,8.02
Davy Jacobs,92.0,15.33,104.54,10.0,4.0,0.0,0.0,1.0,2011.0,0.0,0.0,0.0,0.0,0.0,0.0,0.0,0.0,0.0,280.0,192.5,2.0,5.0,batter,11.155895084034864,0.0,11.155895084034864,False,True,False,False,92.0,104.54,0.0,0.0
Dawid Malan,26.0,26.0,100.0,1.0,1.0,0.0,0.0,1.0,2021.0,0.0,0.0,0.0,0.0,0.0,0.0,0.0,0.0,0.0,0.0,0.0,0.0,0.0,batter,14.40274255981474,0.0,14.40274255981474,False,True,False,False,26.0,100.0,0.0,0.0
Debabrata Das,304.0,24.72,115.46666666666665,23.0,16.0,0.0,0.0,3.0,2013.0,0.0,0.0,0.0,0.0,0.0,0.0,0.0,0.0,0.0,200.0,141.0533333333333,2.0,5.0,batter,16.188764618139917,0.0,16.188764618139917,False,True,False,False,101.33333333333333,115.46666666666665,0.0,0.0
Deepak Chahar,79.0,8.232,128.368,2.0,6.0,0.0,0.0,5.0,2021.0,59.0,31.485,8.246666666666668,21.938333333333333,6.0,2021.0,3.25,13.538461538461538,22.0,380.0,269.4433333333333,3.0,1.0,bowler,9.821740772606079,39.45722992854141,39.45722992854141,False,True,False,False,5.0,78.7,16.0,7.81
Deepak Hooda,1236.0,29.33375,130.73875,77.0,56.0,0.0,7.0,8.0,2022.0,10.0,39.29125,9.151250000000001,26.625,8.0,2022.0,5.0,7.6,1.0,466.66,199.96266666666665,6.0,6.0,allrounder,24.532776439265923,23.121484389927012,23.827130414596468,False,False,False,False,237.33333333333334,136.33,1.0,9.416666666666666
Devdutt Padikkal,1260.0,28.42,124.32333333333334,135.0,36.0,1.0,7.0,3.0,2022.0,0.0,0.0,0.0,0.0,0.0,0.0,0.0,0.0,0.0,375.0,168.89146341463416,6.0,12.0,batter,25.91634213804634,0.0,25.91634213804634,False,True,False,False,420.0,124.32333333333334,0.0,0.0
Devon Conway,252.0,42.0,145.66,22.0,12.0,0.0,3.0,1.0,2022.0,0.0,0.0,0.0,0.0,0.0,0.0,0.0,0.0,0.0,177.55,152.62545454545455,5.0,8.0,batter,24.111059277873792,0.0,24.111059277873792,False,True,False,False,252.0,145.66,0.0,0.0
Devraj Patil,13.0,6.5,100.0,1.0,0.0,0.0,0.0,1.0,2008.0,0.0,0.0,0.0,0.0,0.0,0.0,0.0,0.0,0.0,0.0,0.0,0.0,0.0,batter,7.3682148436641555,0.0,7.3682148436641555,False,True,False,False,13.0,100.0,0.0,0.0
Dewald Brevis,161.0,23.0,142.47,14.0,11.0,0.0,0.0,1.0,2022.0,1.0,8.0,16.0,3.0,1.0,2022.0,0.0,0.0,0.0,238.46,163.46,5.0,6.0,allrounder,16.245488166196814,0.19125683060109291,8.218372498398955,False,False,False,False,161.0,142.47,1.0,16.0
Dhawal Kulkarni,98.0,2.5,104.75,6.0,2.0,0.0,0.0,10.0,2020.0,86.0,28.63,8.607857142857144,19.94142857142857,14.0,2021.0,3.0,12.117647058823529,28.0,375.0,261.18,2.0,0.0,bowler,6.555370648722932,43.290950451027605,43.290950451027605,False,True,False,False,4.666666666666667,134.12333333333333,2.0,9.633333333333333
Dhruv Shorey,13.0,6.5,75.69,0.0,1.0,0.0,0.0,2.0,2019.0,0.0,0.0,0.0,0.0,0.0,0.0,0.0,0.0,0.0,0.0,0.0,0.0,0.0,batter,6.180726048145948,0.0,6.180726048145948,False,True,False,False,6.5,75.69,0.0,0.0
Dilhara Fernando,4.0,0.0,150.0,0.0,0.0,0.0,0.0,2.0,2010.0,17.0,17.855,7.63,14.14,2.0,2010.0,4.5,14.0,6.0,0.0,0.0,0.0,0.0,bowler,7.515096618357488,32.15870877756124,32.15870877756124,False,True,False,False,2.0,150.0,8.5,7.63
Dillon du Preez,10.0,10.0,76.92,0.0,0.0,0.0,0.0,1.0,2009.0,4.0,14.0,8.0,10.5,1.0,2009.0,0.0,0.0,0.0,0.0,0.0,0.0,0.0,bowler,7.451665905897288,0.7650273224043717,0.7650273224043717,False,True,False,False,10.0,76.92,4.0,8.0
Dimitri Mascarenhas,79.0,7.081999999999999,104.0,5.0,1.0,0.0,0.0,5.0,2013.0,19.0,13.55,7.0,11.408,5.0,2013.0,5.0,15.0,3.0,0.0,0.0,0.0,0.0,bowler,8.052973448796706,34.43370495624594,34.43370495624594,False,True,False,False,10.333333333333334,102.5,3.6666666666666665,6.976666666666667
Dinesh Karthik,4088.0,27.74857142857143,133.085,406.0,125.0,0.0,19.0,14.0,2022.0,0.0,0.0,0.0,0.0,0.0,0.0,0.0,0.0,0.0,380.0,216.5372,9.0,14.0,batter,39.00339343562517,0.0,39.00339343562517,False,True,False,False,240.66666666666666,146.87,0.0,0.0
Dinesh Salunkhe,33.0,16.5,137.5,5.0,0.0,0.0,0.0,1.0,2008.0,1.0,78.0,9.95,47.0,1.0,2008.0,0.0,0.0,0.0,130.0,130.0,0.0,4.0,bowler,12.886622295455163,0.19125683060109291,0.19125683060109291,False,False,False,False,33.0,137.5,1.0,9.95
Dirk Nannes,4.0,4.0,30.76,0.0,0.0,0.0,0.0,1.0,2010.0,13.0,29.0,7.41,23.723333333333333,3.0,2013.0,3.0,12.5,7.0,0.0,0.0,0.0,0.0,bowler,2.9802663623589156,26.22759753907295,26.22759753907295,False,True,False,False,4.0,30.76,4.333333333333333,7.41
Dishant Yagnik,170.0,14.155,115.47,23.0,2.0,0.0,0.0,4.0,2014.0,0.0,0.0,0.0,0.0,0.0,0.0,0.0,0.0,0.0,182.35,182.35,0.0,5.0,batter,11.521525620741873,0.0,11.521525620741873,False,True,False,False,51.333333333333336,129.72,0.0,0.0
Doddapaneni Kalyankrishna,3.0,3.0,37.5,0.0,0.0,0.0,0.0,1.0,2008.0,2.0,43.5,10.87,24.0,1.0,2008.0,0.0,0.0,0.0,0.0,0.0,0.0,0.0,bowler,2.9566997717691863,0.38251366120218583,0.38251366120218583,False,False,False,False,3.0,37.5,2.0,10.87
Dominic Thornely,39.0,19.5,73.58,2.0,2.0,0.0,0.0,1.0,2008.0,3.0,13.33,5.71,14.0,1.0,2008.0,2.33,12.0,2.0,125.0,125.0,2.0,2.0,bowler,10.83966693995605,21.291602659635444,21.291602659635444,False,True,False,False,39.0,73.58,3.0,5.71
Domnic Joseph,1.0,1.0,33.33,0.0,0.0,0.0,0.0,1.0,2015.0,4.0,25.25,7.21,21.0,1.0,2015.0,3.5,9.666666666666666,4.0,0.0,0.0,0.0,0.0,bowler,2.0270665905897287,21.607101914478964,21.607101914478964,False,True,False,False,1.0,33.33,4.0,7.21
Doug Bollinger,18.0,0.0,105.88,1.0,1.0,0.0,0.0,1.0,2010.0,37.0,18.74,7.463333333333334,15.193333333333333,3.0,2012.0,3.25,13.5,14.0,0.0,0.0,0.0,0.0,bowler,5.389945987090488,33.837866368604075,33.837866368604075,False,True,False,False,18.0,105.88,12.333333333333334,7.463333333333334
Doug Bracewell,12.0,0.0,133.33,1.0,0.0,0.0,0.0,1.0,2012.0,3.0,10.66,8.0,8.0,1.0,2012.0,0.0,0.0,0.0,0.0,0.0,0.0,0.0,bowler,6.711789855072465,0.5737704918032787,0.5737704918032787,False,True,False,False,12.0,133.33,3.0,8.0
Dushmantha Chameera,43.0,10.75,153.57,3.0,3.0,0.0,0.0,1.0,2022.0,9.0,42.66,8.72,29.33,1.0,2022.0,3.5,10.75,4.0,275.0,226.4275,2.0,2.0,bowler,11.760340947792209,23.917552734151098,23.917552734151098,False,True,False,False,43.0,153.57,9.0,8.72
Dwaine Pretorius,44.0,11.0,157.14,3.0,3.0,0.0,0.0,1.0,2022.0,6.0,35.0,10.0,21.0,1.0,2022.0,7.5,7.25,5.0,200.0,167.856,1.0,2.0,bowler,12.03181321138167,28.37000601857159,28.37000601857159,False,False,False,False,44.0,157.14,6.0,10.0
Dwaraka Ravi Teja,375.0,16.392000000000003,107.03999999999999,35.0,9.0,0.0,1.0,5.0,2013.0,1.0,9.5,9.25,6.0,2.0,2011.0,0.0,0.0,0.0,425.0,196.81499999999997,3.0,5.0,allrounder,13.053135607453662,0.19125683060109291,6.622196219027377,False,False,False,False,67.0,103.14333333333333,0.5,9.25
Dwayne Bravo,1560.0,20.384999999999998,147.3,120.0,66.0,0.0,5.0,14.0,2022.0,183.0,27.308461538461536,8.342307692307692,19.47230769230769,13.0,2022.0,3.0,8.580645161290322,56.0,433.33,236.00878787878787,7.0,8.0,allrounder,23.30056038901181,62.19433792014437,42.74744915457809,False,True,True,False,25.666666666666668,157.86666666666667,12.0,8.359999999999998
Dwayne Smith,2385.0,26.193333333333335,133.45555555555555,245.0,117.0,0.0,17.0,9.0,2017.0,26.0,43.05222222222223,9.195555555555556,28.188888888888886,9.0,2017.0,2.0,7.166666666666667,7.0,433.33,216.13104651162791,8.0,10.0,allrounder,31.445178752917194,19.739577362528184,25.59237805772269,False,False,False,False,320.6666666666667,139.63333333333333,3.6666666666666665,9.459999999999999
Eklavya Dwivedi,24.0,12.0,171.42,2.0,2.0,0.0,0.0,1.0,2016.0,0.0,0.0,0.0,0.0,0.0,0.0,0.0,0.0,0.0,211.11,211.11,2.0,1.0,batter,12.999111351112795,0.0,12.999111351112795,False,True,False,False,24.0,171.42,0.0,0.0
Eoin Morgan,1405.0,21.485,117.695,112.0,64.0,0.0,5.0,8.0,2021.0,0.0,0.0,0.0,0.0,0.0,0.0,0.0,0.0,0.0,500.0,237.085625,6.0,8.0,batter,21.57176569829596,0.0,21.57176569829596,False,True,False,False,205.33333333333334,112.97333333333334,0.0,0.0
Evin Lewis,654.0,24.9775,130.8525,62.0,36.0,0.0,4.0,4.0,2022.0,0.0,0.0,0.0,0.0,0.0,0.0,0.0,0.0,0.0,320.0,209.9512,5.0,7.0,batter,19.671849273733468,0.0,19.671849273733468,False,True,False,False,90.66666666666667,128.33666666666667,0.0,0.0
Fabian Allen,14.0,7.0,82.14,1.0,0.0,0.0,0.0,2.0,2022.0,2.0,68.0,9.84,45.0,2.0,2022.0,5.5,9.5,2.0,114.28,114.28,0.0,1.0,bowler,6.657385216253706,25.290730444418966,25.290730444418966,False,False,False,False,7.0,82.14,1.0,9.84
Faf Du Plessis,468.0,31.2,127.52,49.0,13.0,0.0,3.0,1.0,2022.0,0.0,0.0,0.0,0.0,0.0,0.0,0.0,0.0,0.0,172.72,129.99,7.0,11.0,batter,20.19392956485608,0.0,20.19392956485608,False,True,False,False,468.0,127.52,0.0,0.0
Faf du Plessis,2935.0,31.853333333333335,128.24222222222224,265.0,96.0,0.0,22.0,9.0,2021.0,0.0,0.0,16.0,0.0,1.0,2012.0,0.0,0.0,0.0,475.0,202.70635135135134,7.0,11.0,allrounder,35.617432929975415,0.0,17.808716464987707,False,False,False,False,492.6666666666667,134.10333333333332,0.0,16.0
Faiz Fazal,183.0,15.0,103.245,22.0,1.0,0.0,0.0,2.0,2011.0,0.0,0.0,10.0,0.0,1.0,2010.0,0.0,0.0,0.0,216.66,148.4975,1.0,6.0,allrounder,11.232818034342218,0.0,5.616409017171109,False,False,False,False,91.5,103.245,0.0,10.0
Farhaan Behardien,14.0,7.0,107.69,2.0,0.0,0.0,0.0,1.0,2016.0,0.0,0.0,0.0,0.0,0.0,0.0,0.0,0.0,0.0,0.0,0.0,0.0,0.0,batter,7.934885216253706,0.0,7.934885216253706,False,True,False,False,14.0,107.69,0.0,0.0
Fazalhaq Farooqi,2.0,0.0,25.0,0.0,0.0,0.0,0.0,1.0,2022.0,2.0,55.0,9.16,36.0,1.0,2022.0,7.75,8.0,2.0,0.0,0.0,0.0,0.0,bowler,1.257548309178744,28.608038136726663,28.608038136726663,False,False,False,False,2.0,25.0,2.0,9.16
Gajendra Singh,0.0,0.0,0.0,0.0,0.0,0.0,0.0,0.0,0.0,3.0,47.0,10.07,28.0,1.0,2008.0,0.0,0.0,0.0,0.0,0.0,0.0,0.0,bowler,0.0,0.5737704918032787,0.5737704918032787,False,False,False,False,0.0,0.0,3.0,10.07
Gautam Gambhir,3931.0,31.540999999999997,122.81300000000002,459.0,57.0,0.0,35.0,10.0,2018.0,0.0,0.0,0.0,0.0,0.0,0.0,0.0,0.0,0.0,400.0,179.69083333333333,5.0,13.0,batter,40.308562051652174,0.0,40.308562051652174,False,True,False,False,361.3333333333333,115.5,0.0,0.0
George Bailey,663.0,22.718,107.86399999999999,59.0,19.0,0.0,2.0,5.0,2016.0,0.0,0.0,0.0,0.0,0.0,0.0,0.0,0.0,0.0,450.0,230.436,3.0,6.0,batter,16.903658309334162,0.0,16.903658309334162,False,True,False,False,200.0,119.09333333333335,0.0,0.0
George Garton,2.0,2.0,50.0,0.0,0.0,0.0,0.0,1.0,2021.0,3.0,45.0,9.0,30.0,1.0,2021.0,0.0,0.0,0.0,0.0,0.0,0.0,0.0,bowler,3.2211331811794577,0.5737704918032787,0.5737704918032787,False,False,False,False,2.0,50.0,3.0,9.0
Glenn Maxwell,2319.0,22.217000000000002,137.852,197.0,127.0,0.0,13.0,10.0,2022.0,28.0,37.558,8.757,24.748,10.0,2022.0,3.0,8.11111111111111,11.0,475.0,238.95559139784945,9.0,15.0,allrounder,29.53655241996864,24.292157068796413,26.91435474438253,False,True,False,False,307.3333333333333,138.35999999999999,4.0,7.78
Glenn McGrath,4.0,4.0,80.0,1.0,0.0,0.0,0.0,1.0,2008.0,12.0,29.75,6.61,27.0,1.0,2008.0,3.0,12.857142857142858,4.0,0.0,0.0,0.0,0.0,bowler,5.442266362358915,25.971405643536794,25.971405643536794,True,True,False,False,4.0,80.0,12.0,6.61
Glenn Phillips,26.0,13.0,78.78,1.0,2.0,0.0,0.0,1.0,2021.0,1.0,20.0,10.0,12.0,1.0,2021.0,0.0,0.0,0.0,260.0,260.0,1.0,1.0,bowler,8.731452096291896,0.19125683060109291,0.19125683060109291,False,False,False,False,26.0,78.78,1.0,10.0
Graeme Smith,739.0,25.1925,103.7825,94.0,9.0,0.0,4.0,4.0,2011.0,0.0,0.0,0.0,0.0,0.0,0.0,0.0,0.0,0.0,375.0,174.1535294117647,4.0,12.0,batter,17.95956026656176,0.0,17.95956026656176,False,True,False,False,99.33333333333333,97.77,0.0,0.0
Graham Napier,15.0,15.0,93.75,1.0,0.0,0.0,0.0,1.0,2009.0,1.0,27.0,6.75,24.0,1.0,2009.0,0.0,0.0,0.0,0.0,0.0,0.0,0.0,bowler,10.095998858845933,0.19125683060109291,0.19125683060109291,False,True,False,False,15.0,93.75,1.0,6.75
Gurinder Sandhu,0.0,0.0,0.0,0.0,0.0,0.0,0.0,0.0,0.0,1.0,82.0,10.25,48.0,1.0,2015.0,0.0,0.0,0.0,0.0,0.0,0.0,0.0,bowler,0.0,0.19125683060109291,0.19125683060109291,False,False,False,False,0.0,0.0,1.0,10.25
Gurkeerat Mann Singh,511.0,17.403333333333332,121.49000000000001,55.0,11.0,0.0,2.0,6.0,2020.0,5.0,18.75,7.54,15.0,2.0,2016.0,5.66,8.0,2.0,425.0,270.509,3.0,8.0,allrounder,14.890964309365383,24.358731705453014,19.6248480074092,False,True,False,False,94.0,120.04666666666667,2.5,7.54
Halhadar Das,2.0,2.0,40.0,0.0,0.0,0.0,0.0,1.0,2008.0,0.0,0.0,0.0,0.0,0.0,0.0,0.0,0.0,0.0,0.0,0.0,0.0,0.0,batter,2.7211331811794577,0.0,2.7211331811794577,False,True,False,False,2.0,40.0,0.0,0.0
Hanuma Vihari,284.0,9.653333333333334,82.70333333333333,23.0,1.0,0.0,0.0,3.0,2019.0,1.0,19.0,7.665,18.0,2.0,2019.0,2.5,8.0,0.0,117.94,117.94,0.0,5.0,allrounder,8.679274090053546,15.960487599831861,12.319880844942704,False,True,False,False,94.66666666666667,82.70333333333333,0.5,7.665
Harbhajan Singh,833.0,14.541538461538462,124.93769230769232,79.0,42.0,0.0,1.0,13.0,2021.0,150.0,27.259999999999998,7.306923076923076,22.834615384615386,13.0,2021.0,2.25,10.166666666666666,64.0,375.0,254.78208333333336,6.0,8.0,allrounder,15.940722092637143,57.498256524895865,36.719489308766505,False,True,False,False,11.333333333333334,71.29333333333334,7.666666666666667,8.19
Hardik Pandya,1963.0,28.92875,144.38875,146.0,110.0,0.0,8.0,8.0,2022.0,50.0,56.54333333333333,8.846666666666666,36.105,6.0,2022.0,4.25,10.636363636363637,19.0,520.0,238.31041666666664,9.0,8.0,allrounder,29.5123761163612,35.90462474683787,32.70850043159953,False,True,True,False,298.3333333333333,141.21,13.333333333333334,8.453333333333333
Hardus Viljoen,3.0,1.5,42.85,0.0,0.0,0.0,0.0,1.0,2019.0,7.0,31.71,9.65,19.71,1.0,2019.0,0.0,0.0,0.0,0.0,0.0,0.0,0.0,bowler,2.689011117768651,1.3387978142076502,1.3387978142076502,False,False,False,False,3.0,42.85,7.0,9.65
Harmeet Singh,0.0,0.0,0.0,0.0,0.0,0.0,0.0,0.0,0.0,1.0,34.0,8.5,24.0,1.0,2013.0,0.0,0.0,0.0,0.0,0.0,0.0,0.0,bowler,0.0,0.19125683060109291,0.19125683060109291,False,True,False,False,0.0,0.0,1.0,8.5
Harmeet Singh Bansal,15.0,15.0,214.28,3.0,0.0,0.0,0.0,1.0,2012.0,25.0,29.762,7.914,22.118,5.0,2013.0,5.0,9.4,6.0,0.0,0.0,0.0,0.0,bowler,16.122498858845933,29.092609576216134,29.092609576216134,False,True,False,False,15.0,214.28,4.666666666666667,7.973333333333334
Harpreet Brar,106.0,2.4433333333333334,121.66666666666667,6.0,5.0,0.0,0.0,3.0,2022.0,9.0,16.075,8.7525,12.9,4.0,2022.0,4.75,10.8,8.0,147.05,110.6475,2.0,1.0,allrounder,7.4952125941766,27.54648630058466,17.52084944738063,False,True,False,False,35.333333333333336,121.66666666666667,3.0,8.469999999999999
Harpreet Singh,20.0,10.0,85.0,0.0,0.0,0.0,0.0,2.0,2012.0,0.0,0.0,0.0,0.0,0.0,0.0,0.0,0.0,0.0,0.0,0.0,0.0,0.0,batter,7.893407451791008,0.0,7.893407451791008,False,True,False,False,10.0,85.0,0.0,0.0
Harry Gurney,1.0,0.0,20.0,0.0,0.0,0.0,0.0,1.0,2019.0,7.0,34.0,8.81,23.14,1.0,2019.0,0.0,0.0,0.0,0.0,0.0,0.0,0.0,bowler,1.003774154589372,1.3387978142076502,1.3387978142076502,False,True,False,False,1.0,20.0,7.0,8.81
Harshal Patel,230.0,13.956249999999999,118.9825,15.0,13.0,0.0,0.0,8.0,2022.0,97.0,38.956,9.117999999999999,24.775,10.0,2022.0,2.75,9.0,35.0,475.0,241.8725,4.0,3.0,allrounder,12.160810648748841,42.113975505368956,27.1373930770589,False,False,False,False,41.0,108.67,18.0,8.243333333333334
Harshit Rana,2.0,2.0,100.0,0.0,0.0,0.0,0.0,1.0,2022.0,1.0,51.0,10.2,30.0,1.0,2022.0,0.0,0.0,0.0,0.0,0.0,0.0,0.0,bowler,5.721133181179457,0.19125683060109291,0.19125683060109291,False,False,False,False,2.0,100.0,1.0,10.2
Hashim Amla,577.0,43.08,138.88,60.0,21.0,2.0,3.0,2.0,2017.0,0.0,0.0,0.0,0.0,0.0,0.0,0.0,0.0,0.0,400.0,215.1925,6.0,14.0,batter,30.63609619063621,0.0,30.63609619063621,False,True,False,True,288.5,138.88,0.0,0.0
Heinrich Klaasen,66.0,11.75,105.63499999999999,5.0,1.0,0.0,0.0,2.0,2019.0,0.0,0.0,0.0,0.0,0.0,0.0,0.0,0.0,0.0,0.0,0.0,0.0,0.0,batter,9.751166530384536,0.0,9.751166530384536,False,True,False,False,33.0,105.63499999999999,0.0,0.0
Herschelle Gibbs,886.0,29.8675,106.72,83.0,31.0,0.0,6.0,4.0,2012.0,0.0,0.0,0.0,0.0,0.0,0.0,0.0,0.0,0.0,425.0,176.62035714285713,4.0,7.0,batter,21.31585749847092,0.0,21.31585749847092,False,True,False,False,239.66666666666666,105.91000000000001,0.0,0.0
Hrithik Shokeen,43.0,21.5,89.58,5.0,0.0,0.0,0.0,1.0,2022.0,2.0,63.5,8.46,45.0,1.0,2022.0,5.75,11.0,0.0,100.0,89.13,0.0,3.0,bowler,12.312326021350668,27.401744430432956,27.401744430432956,False,True,False,False,43.0,89.58,2.0,8.46
Imran Tahir,33.0,2.3333333333333335,77.45833333333333,5.0,0.0,0.0,0.0,6.0,2020.0,82.0,27.49125,7.52375,22.055,8.0,2021.0,2.25,10.866666666666667,32.0,0.0,0.0,0.0,0.0,bowler,4.829979452116775,39.913246589476095,39.913246589476095,False,True,False,False,5.0,76.66666666666667,9.666666666666666,5.863333333333333
Iqbal Abdulla,86.0,1.6666666666666667,91.95,9.0,1.0,0.0,0.0,6.0,2017.0,40.0,26.315555555555555,7.842222222222222,20.821111111111108,9.0,2017.0,3.75,11.6,6.0,133.33,133.33,0.0,4.0,bowler,5.544742559168378,31.826846650617142,31.826846650617142,False,True,False,False,20.666666666666668,106.52,4.0,9.136666666666667
Irfan Pathan,1139.0,18.97,108.91888888888889,87.0,37.0,0.0,1.0,9.0,2017.0,80.0,28.167777777777776,8.38888888888889,21.532222222222224,9.0,2017.0,2.5,11.263157894736842,22.0,500.0,241.34666666666666,5.0,5.0,allrounder,17.734658783677418,38.89872458573925,28.316691684708335,False,True,False,False,22.666666666666668,84.37333333333332,1.3333333333333333,9.76
Ish Sodhi,7.0,3.5,35.6,0.0,0.0,0.0,0.0,2.0,2019.0,9.0,21.875,7.6,19.175,2.0,2019.0,3.5,11.333333333333334,2.0,0.0,0.0,0.0,0.0,bowler,3.055192608126853,24.305810309908672,24.305810309908672,False,True,False,False,3.5,35.6,4.5,7.6
Ishan Kishan,1870.0,27.441428571428567,126.72714285714287,166.0,85.0,0.0,12.0,7.0,2022.0,0.0,0.0,0.0,0.0,0.0,0.0,0.0,0.0,0.0,600.0,196.83661538461538,9.0,11.0,batter,27.788094975487137,0.0,27.788094975487137,False,True,False,False,391.6666666666667,133.25,0.0,0.0
Ishan Malhotra,7.0,0.0,175.0,1.0,0.0,0.0,0.0,1.0,2011.0,0.0,0.0,23.0,0.0,1.0,2011.0,0.0,0.0,0.0,0.0,0.0,0.0,0.0,bowler,8.776419082125605,0.0,0.0,False,False,False,False,7.0,175.0,0.0,23.0
Ishan Porel,0.0,0.0,0.0,0.0,0.0,0.0,0.0,0.0,0.0,1.0,39.0,9.75,24.0,1.0,2021.0,0.0,0.0,0.0,0.0,0.0,0.0,0.0,bowler,0.0,0.19125683060109291,0.19125683060109291,False,False,False,False,0.0,0.0,1.0,9.75
Ishank Jaggi,76.0,18.166666666666668,77.23333333333333,6.0,0.0,0.0,0.0,3.0,2017.0,0.0,0.0,0.0,0.0,0.0,0.0,0.0,0.0,0.0,0.0,0.0,0.0,0.0,batter,10.63023166946542,0.0,10.63023166946542,False,True,False,False,25.333333333333332,77.23333333333333,0.0,0.0
Ishant Sharma,71.0,5.285714285714286,123.05999999999999,5.0,3.0,0.0,0.0,6.0,2019.0,84.0,42.65461538461538,8.499230769230769,29.06,12.0,2021.0,2.25,12.0,24.0,0.0,0.0,0.0,0.0,bowler,8.390901465292675,40.34879055370859,40.34879055370859,False,True,False,False,7.333333333333333,159.99666666666667,4.666666666666667,8.106666666666667
Ishwar Pandey,0.0,0.0,0.0,0.0,0.0,0.0,0.0,0.0,0.0,18.0,41.089999999999996,9.086666666666668,27.633333333333336,3.0,2015.0,5.25,11.8,4.0,0.0,0.0,0.0,0.0,bowler,0.0,30.989825748022472,30.989825748022472,False,False,False,False,0.0,0.0,6.0,9.086666666666668
Isuru Udana,15.0,5.0,136.36,1.0,1.0,0.0,0.0,1.0,2020.0,8.0,35.25,9.72,21.75,1.0,2020.0,0.0,0.0,0.0,0.0,0.0,0.0,0.0,bowler,8.686585703324157,1.5300546448087433,1.5300546448087433,False,False,False,False,15.0,136.36,8.0,9.72
JM Kemp,26.0,13.0,108.33,1.0,1.0,0.0,0.0,1.0,2010.0,3.0,18.0,7.36,14.66,1.0,2010.0,4.0,8.0,3.0,0.0,0.0,0.0,0.0,bowler,10.180940891810103,20.315903358936144,20.315903358936144,False,True,False,False,26.0,108.33,3.0,7.36
JP Duminy,2029.0,42.67625,119.85,126.0,79.0,0.0,14.0,8.0,2018.0,23.0,40.40625,7.895,32.25,8.0,2018.0,1.5,8.2,10.0,400.0,211.21395833333335,6.0,7.0,allrounder,33.68230060535019,19.81499101990905,26.748645812629622,False,True,False,True,213.66666666666666,114.61666666666667,3.3333333333333335,9.086666666666666
Jacob Oram,106.0,16.33,122.31,6.0,5.0,0.0,0.0,2.0,2009.0,9.0,27.064999999999998,9.8475,15.65,4.0,2013.0,0.0,0.0,0.0,425.0,235.91333333333333,2.0,4.0,allrounder,12.48203688876822,1.721311475409836,7.101674182089028,False,False,False,False,53.0,122.31,2.0,10.026666666666666
Jacques Kallis,2427.0,28.61285714285714,109.36428571428571,255.0,44.0,0.0,17.0,7.0,2014.0,65.0,42.207142857142856,7.927142857142856,31.262857142857143,7.0,2014.0,1.5,10.4375,26.0,440.0,161.47738095238097,5.0,10.0,allrounder,29.21757962039732,33.37192563242768,31.294752626412503,False,True,False,False,290.3333333333333,106.71333333333332,11.666666666666666,7.7799999999999985
Jagadeesan Narayan,40.0,40.0,108.1,3.0,1.0,0.0,0.0,1.0,2022.0,0.0,0.0,0.0,0.0,0.0,0.0,0.0,0.0,0.0,118.18,118.18,1.0,3.0,batter,19.855674828070946,0.0,19.855674828070946,False,True,False,True,40.0,108.1,0.0,0.0
Jagadeesh Arunkumar,23.0,7.66,100.0,5.0,0.0,0.0,0.0,1.0,2008.0,0.0,0.0,0.0,0.0,0.0,0.0,0.0,0.0,0.0,129.41,129.41,0.0,5.0,batter,7.819835615318288,0.0,7.819835615318288,False,True,False,False,23.0,100.0,0.0,0.0
Jagadeesha Suchith,70.0,13.75,112.08250000000001,6.0,3.0,0.0,0.0,4.0,2022.0,19.0,13.540000000000001,9.666,10.164,5.0,2022.0,4.66,9.571428571428571,8.0,320.0,214.6,2.0,4.0,bowler,10.858245429706322,27.715648013188996,27.715648013188996,False,False,False,False,7.333333333333333,99.44333333333334,3.0,8.063333333333333
Jalaj Saxena,0.0,0.0,0.0,0.0,0.0,0.0,0.0,0.0,0.0,0.0,0.0,9.0,0.0,1.0,2021.0,0.0,0.0,0.0,0.0,0.0,0.0,0.0,bowler,0.0,0.0,0.0,False,False,False,False,0.0,0.0,0.0,9.0
James Faulkner,527.0,21.301666666666666,126.26333333333334,36.0,23.0,0.0,0.0,6.0,2017.0,59.0,38.01285714285715,8.437142857142858,25.15142857142857,7.0,2017.0,4.0,9.833333333333334,28.0,380.0,271.11153846153843,4.0,3.0,allrounder,16.546677379214536,37.57931617562765,27.062996777421095,False,True,False,False,91.66666666666667,119.11333333333334,5.333333333333333,9.69
James Franklin,327.0,38.97,117.91,25.0,8.0,0.0,1.0,2.0,2012.0,9.0,26.58,8.895,17.665,2.0,2012.0,0.0,0.0,0.0,425.0,264.8257142857143,4.0,6.0,allrounder,21.443124602698074,1.721311475409836,11.582218039053956,False,True,False,True,163.5,117.91,4.5,8.895
James Hopes,417.0,29.645000000000003,136.685,49.0,11.0,0.0,4.0,2.0,2011.0,14.0,39.135000000000005,9.175,25.71,2.0,2011.0,0.0,0.0,0.0,433.33,213.202,3.0,10.0,allrounder,20.034048219039153,2.6775956284153004,11.355821923727227,False,False,False,False,208.5,136.685,7.0,9.175
James Neesham,31.0,15.5,114.81,3.0,0.0,0.0,0.0,1.0,2022.0,0.0,0.0,0.0,0.0,0.0,0.0,0.0,0.0,0.0,116.66,114.995,0.0,2.0,batter,11.387781550276063,0.0,11.387781550276063,False,True,False,False,31.0,114.81,0.0,0.0
James Pattinson,15.0,15.0,115.38,2.0,0.0,0.0,0.0,1.0,2020.0,11.0,29.09,9.01,19.36,1.0,2020.0,6.0,11.0,4.0,0.0,0.0,0.0,0.0,bowler,11.177498858845933,30.38179716458405,30.38179716458405,False,False,False,False,15.0,115.38,11.0,9.01
Jaskaran Singh,8.0,8.0,72.72,0.0,0.0,0.0,0.0,1.0,2010.0,6.0,11.58,10.29,7.0,2.0,2010.0,6.0,8.0,2.0,0.0,0.0,0.0,0.0,bowler,6.52053272471783,25.33460392066949,25.33460392066949,False,False,False,False,8.0,72.72,3.0,10.29
Jason Behrendorff,0.0,0.0,0.0,0.0,0.0,0.0,0.0,0.0,0.0,5.0,33.0,8.68,22.8,1.0,2019.0,5.5,15.0,2.0,0.0,0.0,0.0,0.0,bowler,0.0,32.73950093622225,32.73950093622225,False,True,False,False,0.0,0.0,5.0,8.68
Jason Holder,247.0,15.666,124.69800000000001,13.0,17.0,0.0,0.0,5.0,2022.0,49.0,38.415,8.911666666666667,26.451666666666668,6.0,2022.0,4.75,8.615384615384615,20.0,375.0,229.01444444444445,5.0,2.0,allrounder,13.232816962146947,34.51144483931369,23.87213090073032,False,True,False,False,69.66666666666667,124.79333333333334,14.666666666666666,8.496666666666668
Jason Roy,329.0,29.833333333333332,133.03666666666666,39.0,9.0,0.0,2.0,3.0,2021.0,0.0,0.0,0.0,0.0,0.0,0.0,0.0,0.0,0.0,400.0,211.64999999999998,6.0,8.0,batter,19.160309077953862,0.0,19.160309077953862,False,True,False,False,109.66666666666667,133.03666666666666,0.0,0.0
Jasprit Bumrah,56.0,6.0,84.4357142857143,4.0,1.0,0.0,0.0,7.0,2021.0,145.0,29.727999999999998,7.99,21.909,10.0,2022.0,2.33,11.488372093023257,78.0,0.0,0.0,0.0,0.0,bowler,6.601904191774478,60.765083175815164,60.765083175815164,False,True,False,False,7.0,86.92333333333335,21.0,7.12
Javon Searles,8.0,8.0,133.33,0.0,1.0,0.0,0.0,1.0,2018.0,2.0,44.5,12.71,21.0,1.0,2018.0,0.0,0.0,0.0,0.0,0.0,0.0,0.0,bowler,9.579043929199624,0.38251366120218583,0.38251366120218583,False,False,False,False,8.0,133.33,2.0,12.71
Jayant Yadav,40.0,10.0,95.38,2.0,1.0,0.0,0.0,2.0,2021.0,8.0,39.166666666666664,6.5683333333333325,34.5,6.0,2021.0,4.0,9.833333333333334,3.0,0.0,0.0,0.0,0.0,bowler,8.51590174806024,23.563854178608278,23.563854178608278,True,True,False,False,20.0,95.38,1.3333333333333333,6.973333333333334
Jaydev Unadkat,162.0,9.06,84.14,13.0,6.0,0.0,0.0,7.0,2022.0,91.0,25.596923076923076,9.547692307692309,17.36,13.0,2022.0,1.5,9.75,18.0,233.33,192.1916666666667,1.0,2.0,allrounder,8.21901974053225,36.121591864419734,22.170305802475994,False,False,False,False,36.333333333333336,123.35000000000001,4.666666666666667,9.013333333333334
Jeevan Mendis,23.0,7.66,85.18,0.0,0.0,0.0,0.0,1.0,2013.0,1.0,36.0,7.2,30.0,1.0,2013.0,0.0,0.0,0.0,0.0,0.0,0.0,0.0,bowler,7.0788356153182885,0.19125683060109291,0.19125683060109291,False,True,False,False,23.0,85.18,1.0,7.2
Jesse Ryder,604.0,19.753333333333334,127.75,69.0,19.0,0.0,4.0,3.0,2012.0,8.0,45.94333333333333,8.15,33.0,3.0,2012.0,3.0,10.0,4.0,325.0,198.9961904761905,5.0,7.0,allrounder,16.98788291700253,21.63494974970385,19.31141633335319,False,True,False,False,201.33333333333334,127.75,2.6666666666666665,8.15
Jhye Richardson,15.0,7.5,62.5,2.0,0.0,0.0,0.0,1.0,2021.0,3.0,39.0,10.63,22.0,1.0,2021.0,0.0,0.0,0.0,0.0,0.0,0.0,0.0,bowler,5.8575555888432564,0.5737704918032787,0.5737704918032787,False,False,False,False,15.0,62.5,3.0,10.63
Jimmy Neesham,61.0,7.833333333333333,65.61666666666666,3.0,2.0,0.0,0.0,3.0,2021.0,8.0,59.4,9.1,36.6,3.0,2021.0,3.0,13.0,3.0,0.0,0.0,0.0,0.0,bowler,6.361953254251404,25.214495204249303,25.214495204249303,False,False,False,False,20.333333333333332,65.61666666666666,2.6666666666666665,9.1
Jitesh Sharma,234.0,29.25,163.63,22.0,12.0,0.0,0.0,1.0,2022.0,0.0,0.0,0.0,0.0,0.0,0.0,0.0,0.0,0.0,271.42,189.40214285714288,3.0,5.0,batter,19.836965380704992,0.0,19.836965380704992,False,True,False,False,234.0,163.63,0.0,0.0
Joe Denly,0.0,0.0,0.0,0.0,0.0,0.0,0.0,1.0,2019.0,0.0,0.0,0.0,0.0,0.0,0.0,0.0,0.0,0.0,0.0,0.0,0.0,0.0,batter,0.0,0.0,0.0,False,True,False,False,0.0,0.0,0.0,0.0
Jofra Archer,195.0,18.44333333333333,139.42666666666668,11.0,14.0,0.0,0.0,3.0,2020.0,46.0,22.12,7.223333333333333,18.56,3.0,2020.0,3.75,13.4375,26.0,433.33,336.46,4.0,2.0,allrounder,14.679892168972549,38.6803535433146,26.680122856143576,False,True,False,False,65.0,139.42666666666668,15.333333333333334,7.223333333333333
Joginder Sharma,36.0,14.0,128.28,1.0,2.0,0.0,0.0,2.0,2009.0,12.0,25.7175,10.067499999999999,15.875,4.0,2011.0,0.0,0.0,0.0,0.0,0.0,0.0,0.0,bowler,11.600986078185972,2.2950819672131146,2.2950819672131146,False,False,False,False,18.0,128.28,1.3333333333333333,10.196666666666667
Johan Botha,409.0,20.298,126.082,39.0,5.0,0.0,1.0,5.0,2015.0,25.0,38.92,6.934,32.436,5.0,2015.0,3.0,9.833333333333334,11.0,360.0,260.38,1.0,8.0,allrounder,15.41514330058253,25.87116435477091,20.64315382767672,True,True,False,False,44.0,132.25,5.0,7.293333333333334
Johan van der Wath,18.0,9.0,112.5,1.0,1.0,0.0,0.0,1.0,2011.0,3.0,43.0,10.75,24.0,1.0,2011.0,0.0,0.0,0.0,0.0,0.0,0.0,0.0,bowler,8.9320779110937,0.5737704918032787,0.5737704918032787,False,False,False,False,18.0,112.5,3.0,10.75
John Hastings,0.0,0.0,0.0,0.0,0.0,0.0,0.0,0.0,0.0,3.0,23.75,7.605,19.0,2.0,2016.0,2.25,13.0,2.0,0.0,0.0,0.0,0.0,bowler,0.0,22.35698727502006,22.35698727502006,False,True,False,False,0.0,0.0,1.5,7.605
Jonny Bairstow,1291.0,37.8275,142.5875,133.0,55.0,1.0,9.0,4.0,2022.0,0.0,0.0,0.0,0.0,0.0,0.0,0.0,0.0,0.0,450.0,210.495306122449,7.0,12.0,batter,31.205657360847994,0.0,31.205657360847994,False,True,True,False,282.0,137.70333333333335,0.0,0.0
Jos Buttler,2831.0,38.66571428571428,149.39142857142858,277.0,135.0,5.0,15.0,7.0,2022.0,0.0,0.0,0.0,0.0,0.0,0.0,0.0,0.0,0.0,466.66,200.31827956989247,9.0,12.0,batter,51.0091278435971,0.0,51.0091278435971,False,True,True,False,481.6666666666667,148.85,0.0,0.0
Josh Hazlewood,18.0,0.0,69.23,1.0,0.0,0.0,0.0,1.0,2022.0,32.0,36.49333333333333,7.623333333333332,31.013333333333332,3.0,2022.0,4.25,11.5,24.0,175.0,175.0,0.0,1.0,bowler,3.5294347826086963,34.39381997783637,34.39381997783637,False,True,False,False,18.0,69.23,10.666666666666666,7.623333333333332
Josh Philippe,78.0,19.5,101.29,9.0,1.0,0.0,0.0,1.0,2020.0,0.0,0.0,0.0,0.0,0.0,0.0,0.0,0.0,0.0,137.5,137.5,1.0,4.0,batter,12.344347764459766,0.0,12.344347764459766,False,True,False,False,78.0,101.29,0.0,0.0
Juan Theron,10.0,0.3333333333333333,85.55333333333333,1.0,0.0,0.0,0.0,3.0,2015.0,9.0,34.72,8.68,24.0,3.0,2015.0,4.25,7.0,3.0,0.0,0.0,0.0,0.0,bowler,4.434339024560505,20.79036741946578,20.79036741946578,False,True,False,False,3.3333333333333335,85.55333333333333,3.0,8.68
Junior Dala,0.0,0.0,0.0,0.0,0.0,0.0,0.0,0.0,0.0,0.0,0.0,11.33,0.0,1.0,2018.0,0.0,0.0,0.0,0.0,0.0,0.0,0.0,bowler,0.0,0.0,0.0,False,False,False,False,0.0,0.0,0.0,11.33
K L Rahul,616.0,51.33,135.38,45.0,30.0,2.0,4.0,1.0,2022.0,0.0,0.0,0.0,0.0,0.0,0.0,0.0,0.0,0.0,171.66,135.43103448275863,5.0,12.0,batter,33.989111842145974,0.0,33.989111842145974,False,True,False,True,616.0,135.38,0.0,0.0
K.S Bharat,191.0,38.2,122.43,10.0,8.0,0.0,1.0,1.0,2021.0,0.0,0.0,0.0,0.0,0.0,0.0,0.0,0.0,0.0,150.0,141.66500000000002,4.0,3.0,batter,20.88110940282321,0.0,20.88110940282321,False,True,False,True,191.0,122.43,0.0,0.0
KC Cariappa,24.0,4.666666666666667,148.91666666666666,0.0,2.0,0.0,0.0,3.0,2019.0,8.0,28.1875,12.2025,17.125,4.0,2019.0,5.0,6.666666666666667,4.0,0.0,0.0,0.0,0.0,bowler,9.257466820443511,22.0836676984218,22.0836676984218,False,False,False,False,8.0,148.91666666666666,2.3333333333333335,11.603333333333333
KL Rahul,3273.0,41.3125,130.915,282.0,134.0,2.0,27.0,8.0,2021.0,0.0,0.0,0.0,0.0,0.0,0.0,0.0,0.0,0.0,533.33,233.590625,8.0,14.0,batter,47.392046883839456,0.0,47.392046883839456,False,True,False,True,629.6666666666666,134.5066666666667,0.0,0.0
KM Asif,0.0,0.0,0.0,0.0,0.0,0.0,0.0,0.0,0.0,4.0,21.5,10.4,12.5,2.0,2021.0,0.0,0.0,0.0,0.0,0.0,0.0,0.0,bowler,0.0,0.7650273224043717,0.7650273224043717,False,False,False,False,0.0,0.0,2.0,10.4
KP Appanna,2.0,1.0,33.33,0.0,0.0,0.0,0.0,2.0,2010.0,9.0,39.72,7.743333333333333,31.666666666666668,3.0,2012.0,4.75,9.0,4.0,0.0,0.0,0.0,0.0,bowler,2.030840745179101,24.61466811876648,24.61466811876648,False,True,False,False,1.0,33.33,3.0,7.743333333333333
Kagiso Rabada,186.0,11.918,124.36399999999999,16.0,6.0,0.0,0.0,5.0,2022.0,99.0,22.472,8.312000000000001,16.131999999999998,5.0,2022.0,5.25,10.944444444444445,42.0,300.0,178.125,1.0,4.0,allrounder,11.340512232766196,51.88945730953928,31.614984771152738,False,True,False,False,39.0,147.52,22.666666666666668,8.31
Kamlesh Nagarkoti,22.0,3.665,35.48,1.0,0.0,0.0,0.0,2.0,2021.0,5.0,23.1,10.690000000000001,15.6,2.0,2021.0,5.5,9.5,1.0,0.0,0.0,0.0,0.0,bowler,3.1646756789074915,25.694046390767703,25.694046390767703,False,False,False,False,11.0,35.48,2.5,10.690000000000001
Kamran Akmal,128.0,25.6,164.1,13.0,8.0,0.0,1.0,1.0,2008.0,0.0,0.0,0.0,0.0,0.0,0.0,0.0,0.0,0.0,400.0,292.378,3.0,4.0,batter,18.231252970088274,0.0,18.231252970088274,False,True,False,False,128.0,164.1,0.0,0.0
Kamran Khan,3.0,3.0,60.0,0.0,0.0,0.0,0.0,1.0,2009.0,9.0,12.773333333333333,10.5,9.886666666666667,3.0,2011.0,3.75,12.0,5.0,0.0,0.0,0.0,0.0,bowler,4.081699771769186,26.227430356528714,26.227430356528714,False,False,False,False,3.0,60.0,3.0,10.5
Kane Richardson,36.0,6.0,81.48,2.0,1.0,0.0,0.0,3.0,2016.0,19.0,30.45,8.879999999999999,20.875,4.0,2021.0,4.33,11.0,5.0,0.0,0.0,0.0,0.0,bowler,6.378635385701325,28.228460201001184,28.228460201001184,False,True,False,False,12.0,81.48,5.666666666666667,8.996666666666666
Kane Williamson,2101.0,34.79375,121.34875,182.0,64.0,0.0,18.0,8.0,2022.0,0.0,0.0,9.5,0.0,2.0,2020.0,0.0,0.0,0.0,420.0,182.7589655172414,5.0,8.0,allrounder,31.537133532526013,0.0,15.768566766263007,False,False,False,False,266.3333333333333,113.48,0.0,9.5
Karan Goel,218.0,15.386666666666665,93.55333333333334,17.0,9.0,0.0,0.0,3.0,2010.0,0.0,0.0,9.040000000000001,0.0,3.0,2010.0,5.5,4.0,0.0,260.0,186.425,3.0,3.0,allrounder,11.242379489411384,17.692307692307693,14.467343590859539,False,False,False,False,72.66666666666667,93.55333333333334,0.0,9.040000000000001
Karan Sharma,4.0,4.0,100.0,1.0,0.0,0.0,0.0,1.0,2022.0,0.0,0.0,0.0,0.0,0.0,0.0,0.0,0.0,0.0,100.0,100.0,0.0,1.0,batter,6.442266362358915,0.0,6.442266362358915,False,True,False,False,4.0,100.0,0.0,0.0
Karanveer Singh,12.0,5.5,84.375,1.0,0.0,0.0,0.0,2.0,2015.0,12.0,85.95,9.705,47.45,2.0,2015.0,4.0,10.0,4.0,0.0,0.0,0.0,0.0,bowler,6.226398253074427,24.707669379800528,24.707669379800528,False,False,False,False,6.0,84.375,6.0,9.705
Karn Sharma,316.0,11.447999999999999,121.102,18.0,14.0,0.0,0.0,5.0,2017.0,59.0,22.98375,8.682500000000001,16.42,8.0,2020.0,2.0,9.277777777777779,25.0,466.66,308.5014285714286,3.0,2.0,allrounder,11.72444952031873,31.758123479434957,21.741286499876843,False,True,False,False,63.0,120.62,3.3333333333333335,9.893333333333333
Kartik Tyagi,13.0,3.1666666666666665,77.77333333333333,1.0,0.0,0.0,0.0,3.0,2022.0,14.0,50.25666666666667,9.443333333333333,31.48,3.0,2022.0,9.25,10.0,1.0,140.0,140.0,0.0,1.0,bowler,5.067573390329632,36.69420402002369,36.69420402002369,False,False,False,False,4.333333333333333,77.77333333333333,4.666666666666667,9.443333333333333
Karun Nair,1496.0,17.482222222222223,112.14111111111112,161.0,39.0,0.0,10.0,9.0,2022.0,0.0,0.0,0.0,0.0,0.0,0.0,0.0,0.0,0.0,400.0,201.15648648648647,5.0,9.0,batter,20.435004301264044,0.0,20.435004301264044,False,True,False,False,12.333333333333334,95.49666666666667,0.0,0.0
Kedar Jadhav,1196.0,16.465454545454545,118.04454545454546,101.0,40.0,0.0,4.0,11.0,2021.0,0.0,0.0,0.0,0.0,0.0,0.0,0.0,0.0,0.0,425.0,229.44279999999998,5.0,8.0,batter,18.152054718754485,0.0,18.152054718754485,False,True,False,False,93.0,98.51333333333334,0.0,0.0
Keemo Paul,18.0,3.6,75.0,1.0,1.0,0.0,0.0,1.0,2019.0,9.0,26.33,8.72,18.11,1.0,2019.0,4.25,9.0,3.0,0.0,0.0,0.0,0.0,bowler,5.130398756691773,23.29036741946578,23.29036741946578,False,True,False,False,18.0,75.0,9.0,8.72
Kemar Roach,10.0,10.0,111.11,1.0,0.0,0.0,0.0,1.0,2010.0,0.0,0.0,10.0,0.0,1.0,2010.0,0.0,0.0,0.0,0.0,0.0,0.0,0.0,bowler,9.161165905897288,0.0,0.0,False,False,False,False,10.0,111.11,0.0,10.0
Kevin Pietersen,1001.0,40.28,130.582,91.0,40.0,1.0,4.0,5.0,2016.0,7.0,15.636666666666665,7.686666666666667,13.166666666666666,3.0,2012.0,4.66,7.5,2.0,400.0,211.8440740740741,9.0,10.0,allrounder,29.039816986068175,21.808553058962893,25.424185022515534,False,True,False,True,224.0,131.06333333333333,2.3333333333333335,7.686666666666667
Kevon Cooper,116.0,13.916666666666666,172.42333333333332,9.0,8.0,0.0,0.0,3.0,2014.0,33.0,24.843333333333334,7.666666666666667,19.483333333333334,3.0,2014.0,3.75,11.0,3.0,233.33,216.66500000000002,3.0,2.0,allrounder,14.248419635893121,29.226685200045857,21.73755241796949,False,True,False,False,38.666666666666664,172.42333333333332,11.0,7.666666666666667
Khaleel Ahmed,1.0,0.3333333333333333,16.666666666666668,0.0,0.0,0.0,0.0,3.0,2021.0,48.0,21.766,9.292,15.466,5.0,2022.0,5.25,11.090909090909092,20.0,0.0,0.0,0.0,0.0,bowler,0.9560382999228244,38.568439756964345,38.568439756964345,False,False,False,False,0.3333333333333333,16.666666666666668,9.666666666666666,8.523333333333333
Kieron Pollard,3412.0,29.536153846153844,146.29153846153847,218.0,223.0,0.0,16.0,13.0,2022.0,69.0,34.016363636363636,9.841818181818182,22.17818181818182,11.0,2022.0,3.5,7.444444444444445,11.0,600.0,269.6187288135593,10.0,7.0,allrounder,39.9397302252674,32.454199943954045,36.196965084610724,False,False,True,False,219.0,149.11999999999998,4.333333333333333,8.39
Krishmar Santokie,0.0,0.0,0.0,0.0,0.0,0.0,0.0,0.0,0.0,3.0,30.0,11.25,16.0,1.0,2014.0,0.0,0.0,0.0,0.0,0.0,0.0,0.0,bowler,0.0,0.5737704918032787,0.5737704918032787,False,False,False,False,0.0,0.0,3.0,11.25
Krishnakant Upadhyay,11.0,0.0,137.5,0.0,1.0,0.0,0.0,1.0,2012.0,0.0,0.0,8.925,0.0,2.0,2013.0,0.0,0.0,0.0,0.0,0.0,0.0,0.0,bowler,6.944526904964884,0.0,0.0,False,True,False,False,11.0,137.5,0.0,8.925
Krishnappa Gowtham,186.0,20.666666666666668,149.05,13.0,12.0,0.0,0.0,3.0,2020.0,18.0,74.54,8.7125,51.0525,4.0,2022.0,3.0,10.4,13.0,325.0,301.25,2.0,4.0,allrounder,15.864337551412076,25.581608964805685,20.72297325810888,False,True,False,False,62.0,149.05,2.3333333333333335,9.016666666666667
Krunal Pandya,1326.0,23.775714285714287,136.43142857142857,121.0,50.0,0.0,1.0,7.0,2022.0,61.0,37.29,7.322857142857144,30.142857142857142,7.0,2022.0,2.33,8.515151515151516,30.0,500.0,227.27425,6.0,8.0,allrounder,21.89484084100198,32.8011655011655,27.34800317108374,False,True,False,False,145.0,120.31,7.0,7.506666666666667
Kuldeep Sen,0.0,0.0,0.0,0.0,0.0,0.0,0.0,0.0,0.0,8.0,29.62,9.41,18.87,1.0,2022.0,8.75,7.666666666666667,2.0,0.0,0.0,0.0,0.0,bowler,0.0,31.646604761358855,31.646604761358855,False,False,False,False,0.0,0.0,8.0,9.41
Kuldeep Yadav,105.0,17.8,89.02000000000001,8.0,2.0,0.0,0.0,5.0,2022.0,61.0,42.169999999999995,8.251666666666667,31.05,6.0,2022.0,4.0,9.266666666666667,22.0,200.0,160.7125,1.0,2.0,allrounder,11.254214001653995,36.23076923076923,23.742491616211616,False,True,False,False,24.333333333333332,101.39999999999999,8.666666666666666,8.25
Kuldip Yadav,0.0,0.0,0.0,0.0,0.0,0.0,0.0,1.0,2021.0,0.0,0.0,8.0,0.0,1.0,2021.0,0.0,0.0,0.0,0.0,0.0,0.0,0.0,bowler,0.0,0.0,0.0,False,True,False,False,0.0,0.0,0.0,8.0
Kulwant Khejroliya,0.0,0.0,0.0,0.0,0.0,0.0,0.0,0.0,0.0,3.0,50.25,9.635,31.25,2.0,2019.0,0.0,0.0,0.0,0.0,0.0,0.0,0.0,bowler,0.0,0.5737704918032787,0.5737704918032787,False,False,False,False,0.0,0.0,1.5,9.635
Kumar Kartikeya Singh,3.0,3.0,60.0,0.0,0.0,0.0,0.0,1.0,2022.0,5.0,20.4,7.84,15.6,1.0,2022.0,4.75,9.0,1.0,0.0,0.0,0.0,0.0,bowler,4.081699771769186,23.338277159998473,23.338277159998473,False,True,False,False,3.0,60.0,5.0,7.84
Kumar Sangakkara,1687.0,25.753333333333334,120.34666666666668,195.0,27.0,0.0,10.0,6.0,2013.0,0.0,0.0,0.0,0.0,0.0,0.0,0.0,0.0,0.0,342.85,190.99823529411765,2.0,13.0,batter,24.18108103359331,0.0,24.18108103359331,False,True,False,False,226.0,106.36666666666667,0.0,0.0
Kushal Janith Perera,14.0,7.0,107.69,3.0,0.0,0.0,0.0,1.0,2013.0,0.0,0.0,0.0,0.0,0.0,0.0,0.0,0.0,0.0,0.0,0.0,0.0,0.0,batter,7.934885216253706,0.0,7.934885216253706,False,True,False,False,14.0,107.69,0.0,0.0
Kyle Abbott,13.0,13.0,162.5,0.0,1.0,0.0,0.0,1.0,2016.0,2.0,88.5,11.06,48.0,1.0,2016.0,0.0,0.0,0.0,0.0,0.0,0.0,0.0,bowler,12.840376882148266,0.38251366120218583,0.38251366120218583,False,False,False,False,13.0,162.5,2.0,11.06
Kyle Jamieson,65.0,16.25,118.18,5.0,3.0,0.0,0.0,1.0,2021.0,9.0,29.88,9.6,18.66,1.0,2021.0,0.0,0.0,0.0,0.0,0.0,0.0,0.0,bowler,12.036230746760355,1.721311475409836,1.721311475409836,False,False,False,False,65.0,118.18,9.0,9.6
LPC Silva,40.0,20.0,153.84,5.0,1.0,0.0,0.0,1.0,2008.0,0.0,0.0,21.0,0.0,1.0,2008.0,0.0,0.0,0.0,0.0,0.0,0.0,0.0,bowler,15.006826108063809,0.0,0.0,False,False,False,False,40.0,153.84,0.0,21.0
Lakshmipathy Balaji,36.0,3.388333333333333,75.55499999999999,2.0,1.0,0.0,0.0,6.0,2014.0,76.0,26.978571428571428,8.044285714285715,20.014285714285712,7.0,2014.0,2.33,10.714285714285714,28.0,0.0,0.0,0.0,0.0,bowler,5.1505624736803926,38.078026618190556,38.078026618190556,False,True,False,False,4.666666666666667,107.77666666666666,11.666666666666666,7.32
Lalit Yadav,229.0,28.5,101.71000000000001,18.0,7.0,0.0,0.0,2.0,2022.0,8.0,31.375,7.77,24.0,2.0,2022.0,4.25,7.5,4.0,154.16,116.848,2.0,4.0,allrounder,16.314444258348903,21.394565134319233,18.854504696334068,False,True,False,False,114.5,101.71000000000001,4.0,7.77
Lasith Malinga,87.0,2.295714285714286,83.71142857142857,6.0,5.0,0.0,0.0,7.0,2017.0,170.0,21.038888888888888,7.206666666666667,17.252222222222223,9.0,2019.0,2.0,11.675675675675675,75.0,0.0,0.0,0.0,0.0,bowler,5.473072392616574,64.50773132125592,64.50773132125592,False,True,False,False,5.0,114.44333333333334,17.0,8.56
Laxmi Ratan Shukla,405.0,13.328571428571427,106.8342857142857,33.0,16.0,0.0,0.0,7.0,2014.0,15.0,34.38666666666666,8.086666666666668,25.0,6.0,2014.0,5.0,13.0,0.0,466.66,227.04454545454547,2.0,4.0,allrounder,12.073959634523378,30.65731399747793,21.365636816000656,False,True,False,False,36.333333333333336,79.37999999999998,1.0,7.406666666666667
Lee Carseldine,81.0,20.25,119.11,11.0,0.0,0.0,0.0,1.0,2009.0,1.0,6.0,6.0,6.0,1.0,2009.0,0.0,0.0,0.0,216.66,169.265,0.0,6.0,bowler,13.486253350746356,0.19125683060109291,0.19125683060109291,False,True,False,False,81.0,119.11,1.0,6.0
Lendl Simmons,1079.0,32.2125,120.0375,109.0,44.0,1.0,11.0,4.0,2017.0,1.0,34.0,11.33,18.0,1.0,2014.0,0.0,0.0,0.0,350.0,184.80970588235294,5.0,14.0,allrounder,27.336894180829777,0.19125683060109291,13.764075505715436,False,False,False,False,228.33333333333334,114.92,1.0,11.33
Liam Livingstone,550.0,22.826666666666668,144.14000000000001,38.0,40.0,0.0,4.0,3.0,2022.0,6.0,16.83,10.89,11.5,2.0,2022.0,6.25,8.0,3.0,333.33,204.0482142857143,5.0,7.0,allrounder,19.288355949935184,26.081981543047117,22.68516874649115,False,False,True,False,183.33333333333334,144.14000000000001,3.0,10.89
Liam Plunkett,1.0,1.0,33.33,0.0,0.0,0.0,0.0,1.0,2018.0,4.0,56.25,9.0,37.5,1.0,2018.0,4.25,10.5,3.0,0.0,0.0,0.0,0.0,bowler,2.0270665905897287,24.209083266460315,24.209083266460315,False,False,False,False,1.0,33.33,4.0,9.0
Lockie Ferguson,67.0,0.625,134.225,6.0,2.0,0.0,0.0,4.0,2022.0,36.0,39.994,8.356,26.9,5.0,2022.0,1.75,11.125,24.0,166.66,166.66,0.0,1.0,bowler,7.2431360389517305,28.920866531009974,28.920866531009974,False,True,False,False,22.0,145.63333333333333,10.333333333333334,7.956666666666666
Love Ablish,0.0,0.0,0.0,0.0,0.0,0.0,0.0,0.0,0.0,3.0,6.0,11.0,4.0,2.0,2011.0,0.0,0.0,0.0,0.0,0.0,0.0,0.0,bowler,0.0,0.5737704918032787,0.5737704918032787,False,False,False,False,0.0,0.0,1.5,11.0
Luke Pomersbach,302.0,51.0,116.565,25.0,13.0,0.0,1.0,4.0,2013.0,0.0,0.0,0.0,0.0,0.0,0.0,0.0,0.0,0.0,300.0,201.3025,3.0,10.0,batter,25.713789765457026,0.0,25.713789765457026,False,True,False,True,50.0,104.24333333333333,0.0,0.0
Luke Ronchi,34.0,4.25,53.125,6.0,1.0,0.0,0.0,2.0,2009.0,0.0,0.0,0.0,0.0,0.0,0.0,0.0,0.0,0.0,0.0,0.0,0.0,0.0,batter,4.328950313521956,0.0,4.328950313521956,False,True,False,False,17.0,53.125,0.0,0.0
Luke Wright,106.0,21.2,176.66,16.0,3.0,0.0,0.0,1.0,2013.0,2.0,25.0,11.08,14.75,2.0,2013.0,0.0,0.0,0.0,400.0,333.26,1.0,7.0,allrounder,16.88109364312637,0.38251366120218583,8.631803652164278,False,False,False,False,106.0,176.66,1.0,11.08
Lukman Meriwala,0.0,0.0,0.0,0.0,0.0,0.0,0.0,0.0,0.0,1.0,32.0,10.66,18.0,1.0,2021.0,0.0,0.0,0.0,0.0,0.0,0.0,0.0,bowler,0.0,0.19125683060109291,0.19125683060109291,False,False,False,False,0.0,0.0,1.0,10.66
Lungi Ngidi,0.0,0.0,0.0,0.0,0.0,0.0,0.0,0.0,0.0,25.0,19.243333333333336,8.946666666666667,13.08,3.0,2021.0,2.5,12.75,8.0,0.0,0.0,0.0,0.0,bowler,0.0,27.851787897894457,27.851787897894457,False,True,False,False,0.0,0.0,8.333333333333334,8.946666666666667
MF Maharoof,156.0,15.579999999999998,146.5,12.0,9.0,0.0,0.0,2.0,2010.0,23.0,21.175,7.745,16.2,2.0,2010.0,2.75,11.75,7.0,520.0,264.31,4.0,4.0,allrounder,13.724695109163722,26.625742768160798,20.175218938662262,False,True,False,False,78.0,146.5,11.5,7.745
MS Dhoni,4978.0,42.376,133.38933333333333,346.0,229.0,0.0,24.0,15.0,2022.0,0.0,0.0,0.0,0.0,0.0,0.0,0.0,0.0,0.0,475.0,231.041610738255,7.0,9.0,batter,51.43565475128648,0.0,51.43565475128648,False,True,False,True,182.0,115.40333333333335,0.0,0.0
Maheesh Theekshana,7.0,7.0,100.0,0.0,1.0,0.0,0.0,1.0,2022.0,12.0,21.75,7.45,17.5,1.0,2022.0,6.0,7.875,12.0,175.0,175.0,1.0,0.0,bowler,7.551977338609895,28.030440358821508,28.030440358821508,False,True,False,False,7.0,100.0,12.0,7.45
Mahela Jayawardena,1802.0,29.823333333333334,125.195,200.0,39.0,1.0,10.0,6.0,2013.0,0.0,0.0,0.0,0.0,0.0,0.0,0.0,0.0,0.0,375.0,196.16108108108108,3.0,14.0,batter,29.145805146340717,0.0,29.145805146340717,False,True,False,False,321.6666666666667,111.5,0.0,0.0
Mahesh Rawat,55.0,4.5,72.27666666666666,4.0,1.0,0.0,0.0,3.0,2013.0,0.0,0.0,0.0,0.0,0.0,0.0,0.0,0.0,0.0,0.0,0.0,0.0,0.0,batter,5.45498900223219,0.0,5.45498900223219,False,True,False,False,18.333333333333332,72.27666666666666,0.0,0.0
Mahipal Lomror,267.0,19.238,150.154,15.0,13.0,0.0,0.0,5.0,2022.0,1.0,23.5,7.855,21.0,2.0,2021.0,0.0,0.0,0.0,433.33,227.343,4.0,3.0,allrounder,15.743517817400488,0.19125683060109291,7.96738732400079,False,True,False,False,79.66666666666667,129.62666666666667,0.5,7.855
Makhaya Ntini,11.0,11.0,61.11,2.0,0.0,0.0,0.0,1.0,2008.0,7.0,34.57,6.91,30.0,1.0,2008.0,5.25,12.0,7.0,0.0,0.0,0.0,0.0,bowler,7.021732496487017,29.64736424777408,29.64736424777408,True,True,False,False,11.0,61.11,7.0,6.91
Manan Vohra,1073.0,20.5025,130.27875,103.0,43.0,0.0,3.0,8.0,2022.0,0.0,0.0,0.0,0.0,0.0,0.0,0.0,0.0,0.0,500.0,225.51314285714287,5.0,9.0,batter,19.638779641766096,0.0,19.638779641766096,False,True,False,False,38.666666666666664,132.47666666666666,0.0,0.0
Mandeep Singh,1688.0,19.734545454545454,117.33454545454546,175.0,37.0,0.0,6.0,11.0,2022.0,1.0,11.5,10.33,9.0,2.0,2019.0,0.0,0.0,0.0,466.66,199.45675675675676,3.0,8.0,allrounder,21.42616244261166,0.19125683060109291,10.808709636606377,False,False,False,False,54.333333333333336,101.55333333333333,0.5,10.33
Manish Pandey,3648.0,31.552,115.53666666666666,318.0,105.0,1.0,21.0,15.0,2022.0,0.0,0.0,0.0,0.0,0.0,0.0,0.0,0.0,0.0,400.0,186.1615068493151,8.0,10.0,batter,40.132529575522696,0.0,40.132529575522696,False,True,False,False,268.3333333333333,120.44666666666667,0.0,0.0
Manoj Tiwary,1686.0,28.313333333333333,116.09666666666665,155.0,40.0,0.0,7.0,9.0,2018.0,1.0,2.75,11.625,1.5,4.0,2018.0,0.0,0.0,0.0,420.0,193.99807692307692,3.0,8.0,allrounder,24.686785617872598,0.19125683060109291,12.439021224236846,False,False,False,False,142.66666666666666,115.29,0.0,11.833333333333334
Manpreet Gony,99.0,11.75,120.242,6.0,8.0,0.0,0.0,5.0,2013.0,37.0,39.895714285714284,10.312857142857142,25.009999999999998,7.0,2017.0,2.75,12.25,8.0,425.0,292.8557142857143,3.0,4.0,bowler,10.802142063206361,30.098792942030645,30.098792942030645,False,False,False,False,17.0,87.77666666666669,3.3333333333333335,11.253333333333332
Manpreet Juneja,125.0,17.85,97.65,11.0,1.0,0.0,0.0,1.0,2013.0,0.0,0.0,0.0,0.0,0.0,0.0,0.0,0.0,0.0,122.5,122.5,0.0,6.0,batter,11.75102551075966,0.0,11.75102551075966,False,True,False,False,125.0,97.65,0.0,0.0
Manvinder Bisla,798.0,17.955000000000002,100.19833333333334,93.0,23.0,0.0,4.0,6.0,2015.0,0.0,0.0,0.0,0.0,0.0,0.0,0.0,0.0,0.0,350.0,207.19166666666666,5.0,14.0,batter,15.812898661193888,0.0,15.812898661193888,False,True,False,False,98.33333333333333,88.23666666666668,0.0,0.0
Marchant de Lange,1.0,1.0,50.0,0.0,0.0,0.0,0.0,1.0,2014.0,5.0,17.22,8.733333333333333,10.666666666666666,3.0,2015.0,0.0,0.0,0.0,0.0,0.0,0.0,0.0,bowler,2.8605665905897286,0.9562841530054645,0.9562841530054645,False,True,False,False,1.0,50.0,1.6666666666666667,8.733333333333333
Marco Jansen,9.0,4.5,64.285,0.0,1.0,0.0,0.0,2.0,2022.0,9.0,30.82,8.030000000000001,22.71,2.0,2022.0,6.25,10.375,7.0,160.0,160.0,1.0,0.0,bowler,4.881794557787746,30.306320216668578,30.306320216668578,False,True,False,False,4.5,64.285,4.5,8.030000000000001
Marcus Stoinis,1070.0,26.650000000000002,127.25857142857141,83.0,48.0,0.0,4.0,7.0,2022.0,34.0,41.68,9.968571428571428,25.49142857142857,7.0,2022.0,3.75,10.0,4.0,500.0,223.71432432432434,4.0,7.0,allrounder,21.995070957332892,28.338396576101495,25.166733766717194,False,False,False,False,199.0,139.76333333333335,6.333333333333333,10.426666666666668
Mark Boucher,394.0,20.285,121.605,32.0,13.0,0.0,1.0,4.0,2011.0,0.0,0.0,0.0,0.0,0.0,0.0,0.0,0.0,0.0,360.0,228.01461538461538,2.0,5.0,batter,15.35413231592829,0.0,15.35413231592829,False,True,False,False,56.333333333333336,119.77,0.0,0.0
Mark Wood,1.0,1.0,33.33,0.0,0.0,0.0,0.0,1.0,2018.0,0.0,0.0,12.25,0.0,1.0,2018.0,0.0,0.0,0.0,0.0,0.0,0.0,0.0,bowler,2.0270665905897287,0.0,0.0,False,False,False,False,1.0,33.33,0.0,12.25
Marlon Samuels,161.0,9.653333333333334,79.59666666666668,9.0,7.0,0.0,0.0,3.0,2017.0,9.0,20.333333333333332,9.12,15.166666666666666,3.0,2017.0,2.5,9.5,2.0,266.66,218.33,2.0,1.0,allrounder,8.227786969118215,19.706451335549694,13.967119152333954,False,False,False,False,53.666666666666664,79.59666666666668,3.0,9.12
Martin Guptill,270.0,22.666666666666668,135.48666666666668,24.0,15.0,0.0,1.0,3.0,2019.0,0.0,0.0,0.0,0.0,0.0,0.0,0.0,0.0,0.0,375.0,241.32,4.0,6.0,batter,16.48600354088393,0.0,16.48600354088393,False,True,False,False,90.0,135.48666666666668,0.0,0.0
Mashrafe Mortaza,2.0,0.0,100.0,0.0,0.0,0.0,0.0,1.0,2009.0,0.0,0.0,14.5,0.0,1.0,2009.0,0.0,0.0,0.0,0.0,0.0,0.0,0.0,bowler,5.007548309178744,0.0,0.0,False,False,False,False,2.0,100.0,0.0,14.5
Matheesha Pathirana,0.0,0.0,0.0,0.0,0.0,0.0,0.0,0.0,0.0,2.0,26.0,7.6,20.5,1.0,2022.0,0.0,0.0,0.0,0.0,0.0,0.0,0.0,bowler,0.0,0.38251366120218583,0.38251366120218583,False,True,False,False,0.0,0.0,2.0,7.6
Matt Henry,0.0,0.0,0.0,0.0,0.0,0.0,0.0,0.0,0.0,1.0,71.0,14.2,30.0,1.0,2017.0,0.0,0.0,0.0,0.0,0.0,0.0,0.0,bowler,0.0,0.19125683060109291,0.19125683060109291,False,False,False,False,0.0,0.0,1.0,14.2
Matthew Hayden,1107.0,45.54,137.6966666666667,121.0,44.0,0.0,8.0,3.0,2010.0,0.0,0.0,0.0,0.0,0.0,0.0,0.0,0.0,0.0,400.0,200.03725,7.0,12.0,batter,30.02512447790473,0.0,30.02512447790473,False,True,False,True,369.0,137.6966666666667,0.0,0.0
Matthew Wade,179.0,11.515,90.21000000000001,23.0,2.0,0.0,0.0,2.0,2022.0,0.0,0.0,0.0,0.0,0.0,0.0,0.0,0.0,0.0,200.0,120.81299999999999,1.0,6.0,batter,9.35056098100528,0.0,9.35056098100528,False,True,False,False,89.5,90.21000000000001,0.0,0.0
Mayank Agarwal,2327.0,20.180833333333336,125.65583333333332,226.0,91.0,1.0,12.0,12.0,2022.0,0.0,0.0,0.0,0.0,0.0,0.0,0.0,0.0,0.0,425.0,198.59845070422534,7.0,10.0,batter,29.536859911717826,0.0,29.536859911717826,False,True,False,False,353.6666666666667,139.79666666666665,0.0,0.0
Mayank Markande,27.0,8.25,103.75,3.0,0.0,0.0,0.0,2.0,2019.0,17.0,35.1325,8.7475,23.9,4.0,2022.0,5.0,10.0,11.0,0.0,0.0,0.0,0.0,bowler,8.232939770915987,29.164827658680117,29.164827658680117,False,True,False,False,13.5,103.75,0.6666666666666666,8.876666666666667
Michael Clarke,98.0,16.33,105.37,12.0,0.0,0.0,0.0,1.0,2012.0,2.0,33.5,6.09,33.0,1.0,2012.0,4.5,3.0,0.0,132.25,132.25,0.0,7.0,bowler,11.464787629644281,14.517129045817569,14.517129045817569,False,True,False,False,98.0,105.37,2.0,6.09
Michael Hussey,1977.0,38.705714285714286,119.40714285714286,198.0,52.0,1.0,15.0,7.0,2015.0,0.0,0.0,0.0,0.0,0.0,0.0,0.0,0.0,0.0,375.0,175.51666666666665,9.0,13.0,batter,33.97612726401036,0.0,33.97612726401036,False,True,False,True,339.6666666666667,118.11,0.0,0.0
Michael Klinger,73.0,18.25,94.8,9.0,0.0,0.0,0.0,1.0,2011.0,0.0,0.0,0.0,0.0,0.0,0.0,0.0,0.0,0.0,0.0,0.0,0.0,0.0,batter,11.526975242030666,0.0,11.526975242030666,False,True,False,False,73.0,94.8,0.0,0.0
Michael Lumb,278.0,25.27,144.79,45.0,6.0,0.0,1.0,1.0,2010.0,0.0,0.0,0.0,0.0,0.0,0.0,0.0,0.0,0.0,380.0,219.311,2.0,16.0,batter,17.65811224565037,0.0,17.65811224565037,False,True,False,False,278.0,144.79,0.0,0.0
Michael Neser,0.0,0.0,0.0,0.0,0.0,0.0,0.0,0.0,0.0,0.0,0.0,15.5,0.0,1.0,2013.0,0.0,0.0,0.0,0.0,0.0,0.0,0.0,bowler,0.0,0.0,0.0,False,False,False,False,0.0,0.0,0.0,15.5
Misbah-ul-Haq,117.0,16.71,144.44,10.0,6.0,0.0,0.0,1.0,2008.0,0.0,0.0,0.0,0.0,0.0,0.0,0.0,0.0,0.0,400.0,297.0,4.0,2.0,batter,13.79364491941324,0.0,13.79364491941324,False,True,False,False,117.0,144.44,0.0,0.0
Mitchell Johnson,167.0,6.4433333333333325,100.87333333333333,10.0,7.0,0.0,0.0,6.0,2018.0,61.0,43.949999999999996,8.631666666666666,28.650000000000002,6.0,2018.0,2.0,13.857142857142858,11.0,0.0,0.0,0.0,0.0,allrounder,8.168961510426634,35.478479853479854,21.823720681953244,False,True,False,False,13.666666666666666,99.59999999999998,3.6666666666666665,8.986666666666666
Mitchell Marsh,476.0,16.23,87.31166666666667,28.0,28.0,0.0,2.0,6.0,2022.0,24.0,20.148333333333333,7.948333333333333,15.035000000000002,6.0,2022.0,3.5,9.2,8.0,260.0,154.8675,7.0,5.0,allrounder,13.107506250020755,25.53072337498567,19.319114812503212,False,True,False,False,86.0,65.47666666666667,2.6666666666666665,7.5
Mitchell McClenaghan,85.0,7.498,129.978,5.0,7.0,0.0,0.0,5.0,2019.0,71.0,28.96,8.388000000000002,20.934,5.0,2019.0,4.0,11.454545454545455,22.0,325.0,291.6666666666667,3.0,0.0,bowler,9.691011256599843,40.87818602162865,40.87818602162865,False,True,False,False,12.666666666666666,95.13666666666666,12.0,8.52
Mitchell Santner,54.0,21.5,110.305,3.0,3.0,0.0,0.0,2.0,2022.0,10.0,27.5,7.04,23.5,3.0,2022.0,3.25,9.5,4.0,122.22,91.11,0.0,2.0,bowler,13.474125335279137,21.969386487829112,21.969386487829112,False,True,False,False,27.0,110.305,3.3333333333333335,7.04
Mitchell Starc,96.0,12.58,89.88,10.0,0.0,0.0,0.0,2.0,2015.0,34.0,21.630000000000003,7.125,17.95,2.0,2015.0,3.75,12.6,19.0,126.08,126.08,0.0,4.0,bowler,9.344767685464198,34.145214757919675,34.145214757919675,False,True,False,False,48.0,89.88,17.0,7.125
Mithun Manhas,439.0,19.630000000000003,110.33600000000001,36.0,9.0,0.0,0.0,5.0,2014.0,0.0,0.0,6.0,0.0,1.0,2011.0,4.66,8.0,0.0,157.14,133.87,2.0,5.0,allrounder,14.42959022375744,20.753846153846155,17.5917181888018,False,True,False,False,56.0,117.88,0.0,6.0
Moeen Ali,910.0,20.130000000000003,136.59,76.0,53.0,0.0,5.0,5.0,2022.0,24.0,29.814,7.098000000000001,24.906,5.0,2022.0,2.33,9.416666666666666,16.0,433.33,195.69064516129032,6.0,13.0,allrounder,19.856732176476626,24.46519307195537,22.160962624215998,False,True,False,False,204.33333333333334,116.71666666666665,5.0,7.123333333333332
Mohammad Ashraful,2.0,2.0,20.0,0.0,0.0,0.0,0.0,1.0,2009.0,0.0,0.0,0.0,0.0,0.0,0.0,0.0,0.0,0.0,0.0,0.0,0.0,0.0,batter,1.7211331811794577,0.0,1.7211331811794577,False,True,False,False,2.0,20.0,0.0,0.0
Mohammad Asif,3.0,1.5,50.0,0.0,0.0,0.0,0.0,1.0,2008.0,8.0,37.0,9.25,24.0,1.0,2008.0,4.75,16.0,2.0,0.0,0.0,0.0,0.0,bowler,3.046511117768651,32.8325021972563,32.8325021972563,False,False,False,False,3.0,50.0,8.0,9.25
Mohammad Hafeez,20.0,10.0,90.9,2.0,1.0,0.0,0.0,1.0,2008.0,1.0,24.0,4.8,30.0,1.0,2008.0,2.0,14.0,1.0,0.0,0.0,0.0,0.0,bowler,8.2164186562728,22.477095991440255,22.477095991440255,False,True,False,False,20.0,90.9,1.0,4.8
Mohammad Kaif,259.0,13.2475,101.9975,22.0,6.0,0.0,0.0,4.0,2012.0,0.0,0.0,0.0,0.0,0.0,0.0,0.0,0.0,0.0,380.0,280.8333333333333,3.0,3.0,batter,10.972056061452825,0.0,10.972056061452825,False,True,False,False,27.666666666666668,101.69,0.0,0.0
Mohammad Nabi,180.0,8.298,135.094,16.0,9.0,0.0,0.0,5.0,2021.0,13.0,28.65,7.564,21.774,5.0,2021.0,2.75,10.285714285714286,9.0,433.33,282.0825,2.0,2.0,allrounder,10.64681230035405,23.223726410201824,16.93526935527794,False,True,False,False,53.333333333333336,152.9366666666667,3.3333333333333335,7.716666666666666
Mohammad Shami,69.0,4.8125,75.33,5.0,2.0,0.0,0.0,8.0,2021.0,99.0,40.99666666666667,8.802222222222222,27.65,9.0,2022.0,3.5,11.0,42.0,0.0,0.0,0.0,0.0,bowler,5.80000267388197,47.92044021552218,47.92044021552218,False,True,False,False,5.333333333333333,64.37666666666667,19.666666666666668,8.023333333333333
Mohammed Siraj,96.0,13.7,86.288,10.0,2.0,0.0,0.0,5.0,2022.0,59.0,33.93833333333333,8.873333333333333,22.911666666666665,6.0,2022.0,2.0,10.947368421052632,20.0,127.27,98.83333333333333,0.0,3.0,bowler,9.620797622748183,32.9928390562558,32.9928390562558,False,True,False,False,22.333333333333332,96.41333333333334,10.333333333333334,8.51
Mohit Sharma,122.0,5.971666666666667,81.81166666666667,8.0,4.0,0.0,0.0,6.0,2019.0,92.0,31.39125,8.963750000000001,20.56625,8.0,2020.0,3.33,10.5,25.0,400.0,350.0,2.0,1.0,allrounder,6.793720508146016,42.66660743627956,24.73016397221279,False,True,False,False,20.333333333333332,59.64000000000001,3.0,10.366666666666667
Mohnish Mishra,237.0,11.946666666666667,108.97666666666667,24.0,8.0,0.0,0.0,3.0,2012.0,0.0,0.0,0.0,0.0,0.0,0.0,0.0,0.0,0.0,320.0,225.6833333333333,3.0,6.0,batter,10.829877908953097,0.0,10.829877908953097,False,True,False,False,79.0,108.97666666666667,0.0,0.0
Mohsin Khan,23.0,23.0,143.75,2.0,1.0,0.0,0.0,1.0,2022.0,14.0,14.07,5.96,14.14,1.0,2022.0,4.0,12.571428571428571,13.0,216.66,187.29666666666665,1.0,1.0,bowler,15.508542788045554,29.838559664379336,29.838559664379336,True,True,False,False,23.0,143.75,14.0,5.96
Moises Henriques,1000.0,24.19625,124.47375,87.0,28.0,0.0,5.0,8.0,2021.0,42.0,55.88875,8.12625,36.53375,8.0,2021.0,3.0,8.2,18.0,466.66,232.33052631578946,5.0,6.0,allrounder,20.341120720361737,28.274045626504645,24.30758317343319,False,True,False,False,163.33333333333334,116.16666666666667,5.666666666666667,7.603333333333334
Monu Kumar,0.0,0.0,0.0,0.0,0.0,0.0,0.0,0.0,0.0,0.0,0.0,10.0,0.0,1.0,2020.0,0.0,0.0,0.0,0.0,0.0,0.0,0.0,bowler,0.0,0.0,0.0,False,False,False,False,0.0,0.0,0.0,10.0
Morne Morkel,123.0,6.914285714285714,125.63714285714286,11.0,5.0,0.0,0.0,7.0,2016.0,77.0,21.48125,7.69875,16.4175,8.0,2016.0,2.75,13.727272727272727,18.0,325.0,325.0,2.0,1.0,allrounder,9.353099022961327,41.30020252971073,25.32665077633603,False,True,False,False,3.0,122.22000000000001,10.666666666666666,7.783333333333334
Mujeeb Ur Rahman,12.0,2.75,69.045,2.0,0.0,0.0,0.0,4.0,2021.0,19.0,24.7,8.665,16.927500000000002,4.0,2021.0,4.25,9.0,5.0,0.0,0.0,0.0,0.0,bowler,4.478719054073445,25.5438448163858,25.5438448163858,False,True,False,False,0.6666666666666666,44.44333333333333,1.6666666666666667,9.223333333333334
Mukesh Choudhary,6.0,6.0,100.0,1.0,0.0,0.0,0.0,1.0,2022.0,16.0,26.5,9.31,17.06,1.0,2022.0,5.75,10.333333333333334,9.0,100.0,100.0,0.0,1.0,bowler,7.163399543538373,30.780097634605834,30.780097634605834,False,False,False,False,6.0,100.0,16.0,9.31
Munaf Patel,37.0,3.75,51.730000000000004,5.0,0.0,0.0,0.0,4.0,2017.0,74.0,32.54,7.902857142857143,24.014285714285712,7.0,2017.0,3.33,12.176470588235293,32.0,260.0,245.0,0.0,5.0,bowler,4.064115354808102,42.51275453893583,42.51275453893583,False,True,False,False,12.333333333333334,68.97333333333334,6.333333333333333,8.376666666666667
Murali Kartik,111.0,6.6,103.982,7.0,1.0,0.0,0.0,5.0,2012.0,31.0,67.96285714285715,7.861428571428571,51.332857142857144,7.0,2014.0,3.0,10.090909090909092,13.0,0.0,0.0,0.0,0.0,allrounder,8.000872441504438,27.681584126256258,17.841228283880348,False,True,False,False,20.0,101.26666666666665,4.666666666666667,8.676666666666666
Murali Vijay,2619.0,23.326363636363634,113.72727272727273,247.0,91.0,2.0,13.0,11.0,2020.0,0.0,0.0,9.333333333333334,0.0,3.0,2016.0,5.33,3.0,0.0,475.0,212.5915,11.0,15.0,allrounder,33.849971626027724,16.049999999999997,24.94998581301386,False,False,False,False,36.0,99.77333333333335,0.0,9.333333333333334
Murugan Ashwin,35.0,3.25,59.70166666666666,2.0,1.0,0.0,0.0,6.0,2022.0,35.0,41.485,7.941666666666666,30.575,6.0,2022.0,3.5,9.0,12.0,300.0,187.5,1.0,1.0,bowler,4.304765365444305,28.066366693415876,28.066366693415876,False,True,False,False,10.333333333333334,82.73666666666666,6.666666666666667,8.043333333333333
Musavir Khote,24.0,12.0,109.09,2.0,1.0,0.0,0.0,1.0,2008.0,2.0,25.5,10.2,15.0,1.0,2008.0,0.0,0.0,0.0,0.0,0.0,0.0,0.0,bowler,9.854600146631002,0.38251366120218583,0.38251366120218583,False,False,False,False,24.0,109.09,2.0,10.2
Mustafizur Rahman,12.0,0.3333333333333333,50.156666666666666,0.0,1.0,0.0,0.0,3.0,2022.0,46.0,23.85,8.808,18.259999999999998,5.0,2022.0,2.25,10.55,30.0,0.0,0.0,0.0,0.0,bowler,2.700065204887709,32.29125826359433,32.29125826359433,False,True,False,False,4.0,50.156666666666666,9.666666666666666,8.13
Muttiah Muralitharan,19.0,2.3333333333333335,76.38666666666667,1.0,0.0,0.0,0.0,3.0,2012.0,63.0,37.92142857142857,6.912857142857143,31.892857142857142,7.0,2014.0,2.0,11.615384615384615,32.0,0.0,0.0,0.0,0.0,bowler,4.723557954532234,36.63834116702969,36.63834116702969,True,True,False,False,6.333333333333333,76.38666666666667,7.0,7.3133333333333335
Naman Ojha,1554.0,18.66,105.453,121.0,79.0,0.0,6.0,10.0,2018.0,0.0,0.0,0.0,0.0,0.0,0.0,0.0,0.0,0.0,466.66,229.28848484848487,7.0,8.0,batter,21.11942935282345,0.0,21.11942935282345,False,True,False,False,72.0,81.69333333333333,0.0,0.0
Narayan Jagadeesan,33.0,16.5,113.79,4.0,0.0,0.0,0.0,1.0,2020.0,0.0,0.0,0.0,0.0,0.0,0.0,0.0,0.0,0.0,117.85,117.85,0.0,4.0,batter,11.701122295455164,0.0,11.701122295455164,False,True,False,False,33.0,113.79,0.0,0.0
Nathan Coulter-Nile,82.0,6.522857142857142,105.53,7.0,4.0,0.0,0.0,7.0,2022.0,48.0,25.205714285714286,7.3514285714285705,20.381428571428575,7.0,2021.0,3.5,11.545454545454545,21.0,200.0,200.0,0.0,4.0,bowler,8.025331583938,35.26861458213917,35.26861458213917,False,True,False,False,10.0,98.88666666666666,9.0,7.4366666666666665
Nathan Ellis,18.0,18.0,112.5,0.0,1.0,0.0,0.0,1.0,2021.0,4.0,58.165,8.66,42.0,2.0,2022.0,5.0,12.0,4.0,0.0,0.0,0.0,0.0,bowler,12.143209835096911,27.985307042684095,27.985307042684095,False,True,False,False,18.0,112.5,2.0,8.66
Nathan McCullum,26.0,26.0,118.18,0.0,1.0,0.0,0.0,1.0,2011.0,0.0,0.0,6.8,0.0,1.0,2011.0,0.0,0.0,0.0,0.0,0.0,0.0,0.0,bowler,15.311742559814741,0.0,0.0,False,True,False,False,26.0,118.18,0.0,6.8
Nathan Rimmington,0.0,0.0,0.0,0.0,0.0,0.0,0.0,0.0,0.0,0.0,0.0,6.33,0.0,1.0,2011.0,0.0,0.0,0.0,0.0,0.0,0.0,0.0,bowler,0.0,0.0,0.0,False,True,False,False,0.0,0.0,0.0,6.33
Nathu Singh,0.0,0.0,0.0,0.0,0.0,0.0,0.0,0.0,0.0,1.0,15.0,3.75,24.0,1.0,2017.0,3.5,6.5,1.0,0.0,0.0,0.0,0.0,bowler,0.0,16.563634452978718,16.563634452978718,False,True,False,False,0.0,0.0,1.0,3.75
Navdeep Saini,33.0,8.25,75.0,3.0,0.0,0.0,0.0,4.0,2022.0,20.0,30.8125,10.39,20.96,4.0,2022.0,4.5,13.0,6.0,0.0,0.0,0.0,0.0,bowler,6.818084698452219,31.482479269364514,31.482479269364514,False,False,False,False,10.333333333333334,83.33333333333333,3.0,11.096666666666666
Nayan Doshi,0.0,0.0,0.0,0.0,0.0,0.0,0.0,0.0,0.0,2.0,39.5,7.935,28.0,2.0,2011.0,4.25,14.0,1.0,0.0,0.0,0.0,0.0,bowler,0.0,27.860660514349043,27.860660514349043,False,True,False,False,0.0,0.0,1.0,7.935
Nic Maddinson,20.0,6.0,85.71000000000001,4.0,0.0,0.0,0.0,2.0,2015.0,0.0,0.0,0.0,0.0,0.0,0.0,0.0,0.0,0.0,0.0,0.0,0.0,0.0,batter,6.501737707789581,0.0,6.501737707789581,False,True,False,False,10.0,85.71000000000001,0.0,0.0
Nicholas Pooran,912.0,27.3175,145.72,52.0,65.0,0.0,4.0,4.0,2022.0,0.0,0.0,0.0,0.0,0.0,0.0,0.0,0.0,0.0,466.66,206.7264864864865,7.0,6.0,batter,23.036175388004263,0.0,23.036175388004263,False,True,True,False,248.0,141.96,0.0,0.0
Nikhil Naik,31.0,6.5,50.423333333333325,2.0,0.0,0.0,0.0,3.0,2020.0,0.0,0.0,0.0,0.0,0.0,0.0,0.0,0.0,0.0,0.0,0.0,0.0,0.0,batter,4.957316292939517,0.0,4.957316292939517,False,True,False,False,10.333333333333334,50.423333333333325,0.0,0.0
Niraj Patel,121.0,30.25,87.25999999999999,14.0,1.0,0.0,1.0,2.0,2009.0,0.0,0.0,0.0,0.0,0.0,0.0,0.0,0.0,0.0,283.33,214.74,0.0,10.0,batter,15.825840283991779,0.0,15.825840283991779,False,True,False,False,60.5,87.25999999999999,0.0,0.0
Nitin Saini,140.0,14.0,99.29,16.0,0.0,0.0,1.0,1.0,2012.0,0.0,0.0,0.0,0.0,0.0,0.0,0.0,0.0,0.0,138.88,129.44,0.0,5.0,batter,10.67316093170226,0.0,10.67316093170226,False,True,False,False,140.0,99.29,0.0,0.0
Nitish Rana,2181.0,29.297142857142855,135.2242857142857,190.0,111.0,0.0,15.0,7.0,2022.0,7.0,7.0,7.325999999999999,5.05,5.0,2021.0,5.5,3.0,3.0,433.33,190.77633333333333,7.0,13.0,allrounder,31.3326658882418,18.29246914287898,24.81256751556039,False,True,False,False,365.3333333333333,134.79,1.0,8.833333333333334
Nuwan Kulasekara,5.0,0.0,166.66,1.0,0.0,0.0,0.0,1.0,2012.0,5.0,24.75,7.6850000000000005,19.5,2.0,2012.0,4.25,11.0,3.0,0.0,0.0,0.0,0.0,bowler,8.35187077294686,25.02534009706141,25.02534009706141,False,True,False,False,5.0,166.66,2.5,7.6850000000000005
Nuwan Zoysa,11.0,11.0,122.22,1.0,0.0,0.0,0.0,1.0,2008.0,2.0,49.5,9.0,33.0,1.0,2008.0,0.0,0.0,0.0,0.0,0.0,0.0,0.0,bowler,10.077232496487017,0.38251366120218583,0.38251366120218583,False,False,False,False,11.0,122.22,2.0,9.0
Obed McCoy,8.0,8.0,160.0,0.0,1.0,0.0,0.0,1.0,2022.0,11.0,21.54,9.17,14.09,1.0,2022.0,5.0,8.0,8.0,160.0,160.0,1.0,0.0,bowler,10.912543929199623,25.005923038709923,25.005923038709923,False,False,False,False,8.0,160.0,11.0,9.17
Odean Smith,51.0,17.0,115.9,1.0,5.0,0.0,0.0,1.0,2022.0,6.0,29.66,11.86,15.0,1.0,2022.0,13.0,9.0,0.0,312.5,196.665,3.0,1.0,bowler,12.193009318472999,42.39754098360656,42.39754098360656,False,False,False,False,51.0,115.9,6.0,11.86
Oshane Thomas,0.0,0.0,0.0,0.0,0.0,0.0,0.0,0.0,0.0,5.0,15.8,7.9,12.0,1.0,2019.0,0.0,0.0,0.0,0.0,0.0,0.0,0.0,bowler,0.0,0.9562841530054645,0.9562841530054645,False,True,False,False,0.0,0.0,5.0,7.9
Owais Shah,506.0,30.192500000000003,133.97,34.0,23.0,0.0,4.0,4.0,2013.0,0.0,0.0,0.0,0.0,0.0,0.0,0.0,0.0,0.0,425.0,227.62272727272727,5.0,5.0,batter,20.76567628998497,0.0,20.76567628998497,False,True,False,False,130.33333333333334,138.27666666666667,0.0,0.0
P Parameswaran,0.0,0.0,0.0,0.0,0.0,0.0,0.0,0.0,0.0,4.0,34.25,8.74,23.5,1.0,2011.0,5.25,9.0,0.0,0.0,0.0,0.0,0.0,bowler,0.0,24.130411937788985,24.130411937788985,False,True,False,False,0.0,0.0,4.0,8.74
PM Sarvesh Kumar,1.0,0.0,50.0,0.0,0.0,0.0,0.0,1.0,2008.0,1.0,42.0,8.4,30.0,1.0,2008.0,0.0,0.0,0.0,0.0,0.0,0.0,0.0,bowler,2.503774154589372,0.19125683060109291,0.19125683060109291,False,True,False,False,1.0,50.0,1.0,8.4
Padmanabhan Prasanth,0.0,0.0,0.0,0.0,0.0,0.0,0.0,0.0,0.0,0.0,0.0,18.0,0.0,1.0,2011.0,0.0,0.0,0.0,0.0,0.0,0.0,0.0,bowler,0.0,0.0,0.0,False,False,False,False,0.0,0.0,0.0,18.0
Paidikalva Vijaykumar,1.0,0.0,100.0,0.0,0.0,0.0,0.0,1.0,2008.0,4.0,49.75,7.85,38.0,1.0,2008.0,5.66,10.0,2.0,0.0,0.0,0.0,0.0,bowler,5.003774154589372,26.667474874851923,26.667474874851923,False,True,False,False,1.0,100.0,4.0,7.85
Palani Amarnath,0.0,0.0,0.0,0.0,0.0,0.0,0.0,0.0,0.0,7.0,33.71,10.72,18.85,1.0,2008.0,0.0,0.0,0.0,0.0,0.0,0.0,0.0,bowler,0.0,1.3387978142076502,1.3387978142076502,False,False,False,False,0.0,0.0,7.0,10.72
Pankaj Singh,7.0,0.6666666666666666,54.166666666666664,0.0,0.0,0.0,0.0,3.0,2010.0,11.0,19.456,9.947999999999999,12.6,5.0,2012.0,4.5,14.0,2.0,0.0,0.0,0.0,0.0,bowler,2.972614039459175,30.329349612136493,30.329349612136493,False,False,False,False,2.3333333333333335,54.166666666666664,3.0,9.903333333333332
Paras Dogra,127.0,8.623333333333333,75.31333333333333,4.0,5.0,0.0,0.0,3.0,2013.0,0.0,0.0,0.0,0.0,0.0,0.0,0.0,0.0,0.0,350.0,200.96666666666667,2.0,2.0,batter,7.461780428368949,0.0,7.461780428368949,False,True,False,False,42.333333333333336,75.31333333333333,0.0,0.0
Parthiv Patel,2848.0,22.320833333333336,119.01083333333334,365.0,49.0,0.0,13.0,12.0,2019.0,0.0,0.0,0.0,0.0,0.0,0.0,0.0,0.0,0.0,340.0,179.40189655172412,4.0,10.0,batter,28.443194862771282,0.0,28.443194862771282,False,True,False,False,307.0,138.11333333333334,0.0,0.0
Parveez Rasool,17.0,5.0,88.88666666666666,1.0,0.0,0.0,0.0,3.0,2016.0,4.0,67.75,7.5575,49.5,4.0,2016.0,5.0,9.0,1.0,0.0,0.0,0.0,0.0,bowler,6.292456141354441,23.72394340632046,23.72394340632046,False,True,False,False,5.666666666666667,88.88666666666666,1.0,8.21
Parvinder Awana,4.0,0.0,80.0,0.0,0.0,0.0,0.0,1.0,2012.0,39.0,28.113333333333333,8.65,19.44,3.0,2014.0,3.0,11.8,5.0,0.0,0.0,0.0,0.0,bowler,4.015096618357488,29.98436604379227,29.98436604379227,False,True,False,False,4.0,80.0,13.0,8.65
Pat Cummins,379.0,16.6,140.384,24.0,26.0,0.0,3.0,5.0,2022.0,45.0,40.25833333333333,8.731666666666667,27.223333333333333,6.0,2022.0,4.25,10.076923076923077,20.0,500.0,287.0258333333333,6.0,5.0,allrounder,15.656205899060069,34.419494439986245,25.037850169523157,False,True,True,False,100.66666666666667,185.54666666666665,9.333333333333334,9.123333333333333
Paul Collingwood,203.0,40.6,130.12,9.0,13.0,0.0,3.0,1.0,2010.0,5.0,20.2,6.8,17.8,1.0,2010.0,4.75,11.0,2.0,425.0,237.87166666666667,7.0,3.0,allrounder,22.67762749707586,26.008731705453016,24.34317960126444,False,True,False,True,203.0,130.12,5.0,6.8
Paul Valthaty,505.0,12.4025,70.2725,61.0,20.0,1.0,2.0,4.0,2013.0,7.0,13.5,11.91,10.355,2.0,2012.0,0.0,0.0,0.0,375.0,229.50055555555556,5.0,19.0,allrounder,13.2752857151335,1.3387978142076502,7.307041764670575,False,False,False,False,166.33333333333334,77.02999999999999,3.5,11.91
Pawan Negi,365.0,13.791666666666666,107.39333333333333,27.0,16.0,0.0,0.0,6.0,2019.0,34.0,30.3775,8.73,20.155,8.0,2019.0,4.0,9.636363636363637,19.0,280.0,213.8142857142857,3.0,4.0,allrounder,12.116174710001046,31.017592380297298,21.56688354514917,False,True,False,False,52.0,88.24000000000001,6.666666666666667,9.166666666666666
Pawan Suyal,0.0,0.0,0.0,0.0,0.0,0.0,0.0,0.0,0.0,2.0,18.666666666666668,9.386666666666667,12.0,3.0,2015.0,0.0,0.0,0.0,0.0,0.0,0.0,0.0,bowler,0.0,0.38251366120218583,0.38251366120218583,False,False,False,False,0.0,0.0,0.6666666666666666,9.386666666666667
Peter Handscomb,6.0,6.0,50.0,0.0,0.0,0.0,0.0,1.0,2016.0,0.0,0.0,0.0,0.0,0.0,0.0,0.0,0.0,0.0,0.0,0.0,0.0,0.0,batter,4.663399543538373,0.0,4.663399543538373,False,True,False,False,6.0,50.0,0.0,0.0
Pinal Shah,92.0,10.386666666666667,100.35333333333334,9.0,2.0,0.0,0.0,3.0,2011.0,0.0,0.0,0.0,0.0,0.0,0.0,0.0,0.0,0.0,240.0,181.75333333333333,2.0,3.0,batter,9.126795399776181,0.0,9.126795399776181,False,True,False,False,30.666666666666668,100.35333333333334,0.0,0.0
Piyush Chawla,584.0,10.506923076923076,97.70076923076923,54.0,18.0,0.0,0.0,13.0,2021.0,157.0,28.87,8.088571428571429,21.435,14.0,2021.0,4.0,10.833333333333334,57.0,400.0,254.0275,2.0,4.0,allrounder,11.342137101887717,62.51566739271658,36.92890224730215,False,True,False,False,23.0,64.30666666666667,5.666666666666667,9.183333333333335
Prabhsimran Singh,50.0,11.0,92.23666666666666,4.0,2.0,0.0,0.0,3.0,2021.0,0.0,0.0,0.0,0.0,0.0,0.0,0.0,0.0,0.0,0.0,0.0,0.0,0.0,batter,8.781280267769443,0.0,8.781280267769443,False,True,False,False,16.666666666666668,92.23666666666666,0.0,0.0
Pradeep Sahu,19.0,19.0,146.15,1.0,1.0,0.0,0.0,1.0,2016.0,3.0,48.66,8.34,35.0,1.0,2016.0,4.5,10.0,2.0,0.0,0.0,0.0,0.0,bowler,14.186276425686641,23.79929496732775,23.79929496732775,False,True,False,False,19.0,146.15,3.0,8.34
Pradeep Sangwan,20.0,2.3333333333333335,66.90333333333334,1.0,0.0,0.0,0.0,6.0,2022.0,23.0,21.44,9.9425,14.1325,8.0,2022.0,4.75,10.25,7.0,0.0,0.0,0.0,0.0,bowler,4.253165442454939,29.366127383545415,29.366127383545415,False,False,False,False,1.3333333333333333,30.0,2.6666666666666665,8.923333333333334
Pragyan Ojha,11.0,1.2075,34.3725,0.0,0.0,0.0,0.0,4.0,2012.0,85.0,20.072857142857142,7.83,16.647142857142857,7.0,2015.0,3.5,10.263157894736842,27.0,0.0,0.0,0.0,0.0,bowler,2.190967566953523,41.764973773709755,41.764973773709755,False,True,False,False,3.0,29.163333333333338,8.333333333333334,8.703333333333333
Prashant Chopra,8.0,8.0,133.33,2.0,0.0,0.0,0.0,1.0,2018.0,0.0,0.0,0.0,0.0,0.0,0.0,0.0,0.0,0.0,0.0,0.0,0.0,0.0,batter,9.551032724717832,0.0,9.551032724717832,False,True,False,False,8.0,133.33,0.0,0.0
Prashant Solanki,0.0,0.0,0.0,0.0,0.0,0.0,0.0,0.0,0.0,2.0,19.0,6.33,18.0,1.0,2022.0,4.5,6.0,0.0,0.0,0.0,0.0,0.0,bowler,0.0,18.26712904581757,18.26712904581757,False,True,False,False,0.0,0.0,2.0,6.33
Prasidh Krishna,9.0,1.2,24.0,0.0,0.0,0.0,0.0,5.0,2022.0,49.0,43.9,9.075999999999999,28.76,5.0,2022.0,4.0,11.9375,19.0,0.0,0.0,0.0,0.0,bowler,1.6621183145047762,36.76286529385915,36.76286529385915,False,False,False,False,2.6666666666666665,33.333333333333336,11.666666666666666,8.92
Praveen Kumar,344.0,7.635,94.042,23.0,17.0,0.0,0.0,10.0,2017.0,90.0,35.808,7.812,27.772000000000002,10.0,2017.0,2.0,12.166666666666666,33.0,233.33,177.5875,3.0,2.0,allrounder,9.200709903797163,42.66183270281631,25.931271303306737,False,True,False,False,17.666666666666668,86.86,7.333333333333333,8.686666666666667
Pravin Dubey,7.0,0.0,53.84,0.0,0.0,0.0,0.0,1.0,2020.0,0.0,0.0,9.0,0.0,1.0,2020.0,0.0,0.0,0.0,0.0,0.0,0.0,0.0,bowler,2.718419082125604,0.0,0.0,False,False,False,False,7.0,53.84,0.0,9.0
Pravin Tambe,15.0,0.8333333333333334,50.79666666666666,1.0,0.0,0.0,0.0,3.0,2016.0,28.0,44.5825,8.0025,33.485,4.0,2016.0,5.0,8.857142857142858,10.0,0.0,0.0,0.0,0.0,bowler,2.8937726821742102,29.669626821266167,29.669626821266167,False,True,False,False,5.0,50.79666666666666,9.0,8.003333333333332
Prayas Ray Barman,19.0,19.0,79.16,2.0,0.0,0.0,0.0,1.0,2019.0,0.0,0.0,14.0,0.0,1.0,2019.0,0.0,0.0,0.0,0.0,0.0,0.0,0.0,bowler,10.808765221204848,0.0,0.0,False,False,False,False,19.0,79.16,0.0,14.0
Prerak Mankad,4.0,0.0,400.0,1.0,0.0,0.0,0.0,1.0,2022.0,0.0,0.0,0.0,0.0,0.0,0.0,0.0,0.0,0.0,400.0,400.0,0.0,1.0,batter,20.01509661835749,0.0,20.01509661835749,False,True,False,False,4.0,400.0,0.0,0.0
Prithvi Raj Yarra,0.0,0.0,0.0,0.0,0.0,0.0,0.0,1.0,2019.0,1.0,57.0,11.4,30.0,1.0,2019.0,0.0,0.0,0.0,0.0,0.0,0.0,0.0,bowler,0.0,0.19125683060109291,0.19125683060109291,False,False,False,False,0.0,0.0,1.0,11.4
Prithvi Shaw,1588.0,25.407999999999998,147.09,192.0,55.0,0.0,12.0,5.0,2022.0,0.0,0.0,0.0,0.0,0.0,0.0,0.0,0.0,0.0,466.66,196.6025,4.0,12.0,batter,26.176078170540595,0.0,26.176078170540595,False,True,True,False,330.0,149.54,0.0,0.0
Priyam Garg,251.0,17.39,118.83,15.0,9.0,0.0,1.0,3.0,2022.0,0.0,0.0,0.0,0.0,0.0,0.0,0.0,0.0,0.0,333.33,198.84,2.0,6.0,batter,13.530719289499892,0.0,13.530719289499892,False,True,False,False,83.66666666666667,118.83,0.0,0.0
Quinton De Kock,508.0,36.29,148.97,47.0,23.0,1.0,3.0,1.0,2022.0,0.0,0.0,0.0,0.0,0.0,0.0,0.0,0.0,0.0,200.0,150.8668,10.0,10.0,batter,26.013581292490706,0.0,26.013581292490706,False,True,True,False,508.0,148.97,0.0,0.0
Quinton de Kock,2256.0,28.44875,120.7125,230.0,83.0,1.0,16.0,8.0,2021.0,0.0,0.0,0.0,0.0,0.0,0.0,0.0,0.0,0.0,450.0,203.3855882352941,4.0,15.0,batter,32.4883095022401,0.0,32.4883095022401,False,True,False,False,443.0,129.80666666666664,0.0,0.0
RP Singh,50.0,4.0625,64.22749999999999,2.0,1.0,0.0,0.0,4.0,2012.0,90.0,28.162857142857142,8.1,20.78857142857143,7.0,2016.0,3.25,12.588235294117647,26.0,0.0,0.0,0.0,0.0,bowler,4.877563205201841,44.8802270535636,44.8802270535636,False,True,False,False,7.666666666666667,48.13666666666666,8.666666666666666,8.47
Rahil Shaikh,0.0,0.0,0.0,0.0,0.0,0.0,0.0,0.0,0.0,0.0,0.0,11.0,0.0,1.0,2009.0,0.0,0.0,0.0,0.0,0.0,0.0,0.0,bowler,0.0,0.0,0.0,False,False,False,False,0.0,0.0,0.0,11.0
Rahul Chahar,108.0,4.326,103.13,10.0,4.0,0.0,0.0,5.0,2022.0,57.0,26.344,7.617999999999999,20.746000000000002,5.0,2022.0,3.25,10.272727272727273,30.0,157.14,124.73333333333332,1.0,2.0,allrounder,7.219637591716888,36.35618479880775,21.78791119526232,False,True,False,False,31.0,85.52,14.0,7.753333333333333
Rahul Dravid,2174.0,28.171666666666667,116.85333333333334,269.0,28.0,0.0,11.0,6.0,2013.0,0.0,0.0,0.0,0.0,0.0,0.0,0.0,0.0,0.0,375.0,168.9522727272727,6.0,10.0,batter,26.920467082678638,0.0,26.920467082678638,False,True,False,False,425.3333333333333,110.72666666666667,0.0,0.0
Rahul Sharma,64.0,6.803333333333334,96.83666666666666,5.0,3.0,0.0,0.0,3.0,2013.0,40.0,36.001999999999995,7.864,26.308,5.0,2014.0,1.75,11.777777777777779,16.0,0.0,0.0,0.0,0.0,bowler,7.594790713420946,29.138229712000204,29.138229712000204,False,True,False,False,21.333333333333332,96.83666666666666,6.333333333333333,8.593333333333334
Rahul Shukla,18.0,18.0,85.71,2.0,0.0,0.0,0.0,1.0,2014.0,5.0,25.11,10.36,14.333333333333334,3.0,2014.0,0.0,0.0,0.0,0.0,0.0,0.0,0.0,bowler,10.775698630615118,0.9562841530054645,0.9562841530054645,False,False,False,False,18.0,85.71,1.6666666666666667,10.36
Rahul Tewatia,738.0,23.80857142857143,131.80428571428573,57.0,35.0,0.0,1.0,7.0,2022.0,32.0,28.822857142857142,7.581428571428572,22.764285714285712,7.0,2021.0,3.33,9.727272727272727,15.0,500.0,202.49291666666667,7.0,5.0,allrounder,19.035835912407236,28.52074305475945,23.778289483583343,False,True,False,False,209.0,130.79666666666665,6.666666666666667,7.63
Rahul Tripathi,1798.0,27.57166666666667,137.80499999999998,176.0,68.0,0.0,10.0,6.0,2022.0,0.0,0.0,12.0,0.0,1.0,2017.0,0.0,0.0,0.0,450.0,194.36700000000002,7.0,9.0,allrounder,27.270155822894413,0.0,13.635077911447206,False,False,False,False,346.6666666666667,141.85999999999999,0.0,12.0
Raiphi Gomez,50.0,4.6,246.0,5.0,1.0,0.0,0.0,2.0,2013.0,5.0,12.4,6.63,9.0,2.0,2013.0,3.5,14.0,2.0,260.0,260.0,0.0,2.0,bowler,14.157964139552034,26.874116320837633,26.874116320837633,False,True,False,False,25.0,246.0,2.5,6.63
Rajagopal Sathish,270.0,14.575,107.9325,22.0,6.0,0.0,0.0,4.0,2016.0,3.0,24.875,10.157499999999999,15.0,4.0,2016.0,5.5,6.0,1.0,425.0,287.96,2.0,2.0,allrounder,11.78396372072639,20.936532729565517,16.360248225145952,False,False,False,False,52.666666666666664,105.02333333333335,0.3333333333333333,10.17
Rajangad Bawa,11.0,5.5,78.57,1.0,0.0,0.0,0.0,1.0,2022.0,0.0,0.0,0.0,0.0,0.0,0.0,0.0,0.0,0.0,84.61,84.61,0.0,1.0,batter,5.932374098485054,0.0,5.932374098485054,False,True,False,False,11.0,78.57,0.0,0.0
Rajat Bhatia,334.0,13.876666666666667,112.83222222222223,23.0,13.0,0.0,0.0,9.0,2017.0,61.0,28.065555555555555,7.739999999999999,22.27,9.0,2017.0,2.5,8.692307692307692,21.0,433.33,320.83000000000004,2.0,1.0,allrounder,12.21741410578961,31.880827505827504,22.049120805808556,False,True,False,False,16.666666666666668,88.03666666666668,2.6666666666666665,8.073333333333332
Rajat Patidar,404.0,36.625,133.63,30.0,21.0,1.0,2.0,2.0,2022.0,0.0,0.0,0.0,0.0,0.0,0.0,0.0,0.0,0.0,207.4,152.91611111111112,7.0,12.0,batter,24.73238708710737,0.0,24.73238708710737,False,True,False,True,202.0,133.63,0.0,0.0
Rajesh Bishnoi,19.0,6.33,111.76,1.0,2.0,0.0,0.0,1.0,2009.0,0.0,0.0,0.0,0.0,0.0,0.0,0.0,0.0,0.0,128.57,128.57,2.0,1.0,batter,7.974227466043913,0.0,7.974227466043913,False,True,False,False,19.0,111.76,0.0,0.0
Raju Bhatkal,0.0,0.0,0.0,0.0,0.0,0.0,0.0,0.0,0.0,0.0,0.0,17.5,0.0,1.0,2012.0,0.0,0.0,0.0,0.0,0.0,0.0,0.0,bowler,0.0,0.0,0.0,False,False,False,False,0.0,0.0,0.0,17.5
Ramandeep Singh,45.0,22.5,112.5,3.0,1.0,0.0,0.0,1.0,2022.0,6.0,9.0,9.0,6.0,1.0,2022.0,0.0,0.0,0.0,233.33,227.77333333333334,1.0,2.0,bowler,13.850677971011558,1.1475409836065573,1.1475409836065573,False,False,False,False,45.0,112.5,6.0,9.0
Ramesh Powar,67.0,9.75,96.245,6.0,1.0,0.0,0.0,4.0,2011.0,13.0,33.212,8.16,26.24,5.0,2012.0,4.0,8.571428571428571,5.0,133.33,133.33,1.0,4.0,bowler,8.571855812973194,23.28366647014188,23.28366647014188,False,True,False,False,13.0,83.88333333333334,1.6666666666666667,8.979999999999999
Ramnaresh Sarwan,73.0,18.25,97.33,6.0,1.0,0.0,0.0,1.0,2008.0,0.0,0.0,0.0,0.0,0.0,0.0,0.0,0.0,0.0,0.0,0.0,0.0,0.0,batter,11.681486446512459,0.0,11.681486446512459,False,True,False,False,73.0,97.33,0.0,0.0
Ranadeb Bose,0.0,0.0,0.0,0.0,0.0,0.0,0.0,0.0,0.0,0.0,0.0,12.0,0.0,1.0,2009.0,0.0,0.0,0.0,0.0,0.0,0.0,0.0,bowler,0.0,0.0,0.0,False,False,False,False,0.0,0.0,0.0,12.0
Rashid Khan,313.0,10.995,150.685,20.0,22.0,0.0,0.0,6.0,2022.0,112.0,20.866666666666667,6.38,19.608333333333334,6.0,2022.0,1.75,10.526315789473685,73.0,450.0,313.88375,4.0,2.0,allrounder,13.254739718896792,51.06030312080787,32.15752141985233,True,True,True,False,69.66666666666667,147.91666666666666,19.0,6.216666666666666
Rasikh Salam,12.0,3.5,120.83,1.0,0.0,0.0,0.0,2.0,2022.0,0.0,0.0,10.5,0.0,1.0,2019.0,0.0,0.0,0.0,116.66,116.66,0.0,1.0,bowler,7.335563381073713,0.0,0.0,False,False,False,False,6.0,120.83,0.0,10.5
Rassie van der Dussen,22.0,11.0,91.66,2.0,0.0,0.0,0.0,1.0,2022.0,0.0,0.0,0.0,0.0,0.0,0.0,0.0,0.0,0.0,120.0,110.0,0.0,1.0,batter,8.59074819697011,0.0,8.59074819697011,False,True,False,False,22.0,91.66,0.0,0.0
Ravi Bishnoi,8.0,4.0,41.665,1.0,0.0,0.0,0.0,2.0,2021.0,37.0,28.3,7.383333333333333,22.64,3.0,2022.0,3.25,8.695652173913043,28.0,0.0,0.0,0.0,0.0,bowler,3.540612980716403,30.218795222359017,30.218795222359017,False,True,False,False,4.0,41.665,12.333333333333334,7.383333333333333
Ravi Bopara,531.0,29.2,117.55666666666666,39.0,16.0,0.0,3.0,3.0,2015.0,11.0,17.353333333333335,7.169999999999999,11.866666666666667,3.0,2015.0,4.5,12.0,2.0,325.0,191.2023076923077,5.0,9.0,allrounder,19.303983378764514,27.829349612136493,23.566666495450505,False,True,False,False,177.0,117.55666666666666,3.6666666666666665,7.169999999999999
Ravi Rampaul,51.0,11.25,101.35,3.0,2.0,0.0,0.0,2.0,2014.0,14.0,28.535,6.54,26.689999999999998,2.0,2014.0,4.0,13.75,5.0,0.0,0.0,0.0,0.0,bowler,9.32991919802557,29.948137586457257,29.948137586457257,True,True,False,False,25.5,101.35,7.0,6.54
Ravichandran Ashwin,645.0,13.209166666666667,111.57166666666667,51.0,21.0,0.0,1.0,12.0,2022.0,157.0,28.785384615384615,6.699999999999999,24.95384615384615,13.0,2022.0,1.5,9.67142857142857,76.0,425.0,210.108125,3.0,4.0,allrounder,13.499264275315806,58.53269203474122,36.01597815502851,True,True,False,False,90.66666666666667,118.35333333333334,10.666666666666666,7.523333333333333
Ravindra Jadeja,2502.0,30.132142857142856,128.74928571428572,182.0,90.0,0.0,2.0,14.0,2022.0,132.0,32.318571428571424,7.7542857142857144,25.06357142857143,14.0,2022.0,2.75,9.214285714285714,57.0,514.28,232.63571428571427,5.0,5.0,allrounder,29.52269849396545,52.82582171926435,41.174260106614895,False,True,False,False,191.66666666666666,145.23999999999998,8.0,7.773333333333333
Reetinder Sodhi,4.0,0.0,200.0,1.0,0.0,0.0,0.0,1.0,2010.0,0.0,0.0,0.0,0.0,0.0,0.0,0.0,0.0,0.0,0.0,0.0,0.0,0.0,batter,10.015096618357488,0.0,10.015096618357488,False,True,False,False,4.0,200.0,0.0,0.0
Richard Levi,83.0,13.83,113.69,10.0,4.0,0.0,1.0,1.0,2012.0,0.0,0.0,0.0,0.0,0.0,0.0,0.0,0.0,0.0,350.0,233.925,3.0,6.0,batter,11.229424223915165,0.0,11.229424223915165,False,True,False,False,83.0,113.69,0.0,0.0
Ricky Bhui,7.0,3.5,29.165,0.0,0.0,0.0,0.0,2.0,2019.0,0.0,0.0,0.0,0.0,0.0,0.0,0.0,0.0,0.0,0.0,0.0,0.0,0.0,batter,2.733442608126853,0.0,2.733442608126853,False,True,False,False,3.5,29.165,0.0,0.0
Ricky Ponting,91.0,10.075,71.455,5.0,2.0,0.0,0.0,2.0,2013.0,0.0,0.0,0.0,0.0,0.0,0.0,0.0,0.0,0.0,0.0,0.0,0.0,0.0,batter,7.56690426930003,0.0,7.56690426930003,False,True,False,False,45.5,71.455,0.0,0.0
Rilee Rossouw,53.0,10.0,117.56,3.0,3.0,0.0,0.0,2.0,2015.0,0.0,0.0,0.0,0.0,0.0,0.0,0.0,0.0,0.0,171.42,171.42,2.0,1.0,batter,9.729988166685661,0.0,9.729988166685661,False,True,False,False,26.5,117.56,0.0,0.0
Riley Meredith,0.0,0.0,0.0,0.0,0.0,0.0,0.0,0.0,0.0,12.0,35.875,9.18,23.25,2.0,2022.0,5.72,11.0,6.0,0.0,0.0,0.0,0.0,bowler,0.0,30.267809239940387,30.267809239940387,False,False,False,False,0.0,0.0,6.0,9.18
Rinku Singh,251.0,17.8875,112.7675,23.0,9.0,0.0,0.0,4.0,2022.0,0.0,0.0,0.0,0.0,0.0,0.0,0.0,0.0,0.0,266.66,170.48555555555558,4.0,6.0,batter,13.219913341224881,0.0,13.219913341224881,False,True,False,False,74.0,119.17666666666666,0.0,0.0
Ripal Patel,31.0,15.5,146.29500000000002,3.0,1.0,0.0,0.0,2.0,2022.0,0.0,0.0,7.33,0.0,1.0,2021.0,0.0,0.0,0.0,200.0,200.0,1.0,0.0,bowler,12.990042754757855,0.0,0.0,False,True,False,False,15.5,146.29500000000002,0.0,7.33
Rishabh Pant,2838.0,34.004285714285714,146.6257142857143,260.0,129.0,1.0,15.0,7.0,2022.0,0.0,0.0,0.0,0.0,0.0,0.0,0.0,0.0,0.0,533.33,222.59954545454545,9.0,15.0,batter,39.06603152930457,0.0,39.06603152930457,False,True,True,False,367.3333333333333,131.41666666666666,0.0,0.0
Rishi Dhawan,190.0,16.9,128.85,17.0,6.0,0.0,0.0,5.0,2022.0,24.0,49.314,8.068000000000001,35.768,5.0,2022.0,3.5,8.5,12.0,250.0,168.5575,1.0,3.0,allrounder,13.357448767277461,25.337541556803853,19.34749516204066,False,True,False,False,29.0,144.97333333333333,3.0,8.456666666666667
Riyan Parag,522.0,18.134999999999998,122.33250000000001,40.0,22.0,0.0,2.0,4.0,2022.0,4.0,48.125,12.18,25.75,4.0,2022.0,0.0,0.0,0.0,325.0,166.4721739130435,4.0,5.0,allrounder,15.543781391488455,0.7650273224043717,8.154404356946413,False,False,False,False,120.66666666666667,120.78333333333335,0.6666666666666666,13.36
Rob Quiney,103.0,14.71,100.98,12.0,3.0,0.0,1.0,1.0,2009.0,0.0,0.0,0.0,0.0,0.0,0.0,0.0,0.0,0.0,300.0,161.32999999999998,2.0,5.0,batter,10.955373454901126,0.0,10.955373454901126,False,True,False,False,103.0,100.98,0.0,0.0
Robin Peterson,32.0,10.66,106.66,3.0,1.0,0.0,0.0,1.0,2012.0,3.0,23.33,8.75,16.0,1.0,2012.0,0.0,0.0,0.0,375.0,375.0,1.0,2.0,bowler,9.2851915191055,0.5737704918032787,0.5737704918032787,False,True,False,False,32.0,106.66,3.0,8.75
Robin Uthappa,4952.0,27.520666666666667,130.64066666666668,481.0,182.0,0.0,27.0,15.0,2022.0,0.0,0.0,0.0,0.0,0.0,0.0,0.0,0.0,0.0,460.0,199.14858267716534,9.0,10.0,batter,45.13885177594348,0.0,45.13885177594348,False,True,False,False,180.33333333333334,130.3033333333333,0.0,0.0
Roelof van der Merwe,159.0,6.8125,87.495,11.0,8.0,0.0,0.0,4.0,2013.0,21.0,22.622,6.537999999999999,20.892000000000003,5.0,2013.0,3.75,10.333333333333334,6.0,400.0,208.095,3.0,3.0,allrounder,7.629578685816918,26.609633535863047,17.11960611083998,True,True,False,False,12.333333333333334,75.16666666666667,3.3333333333333335,6.216666666666668
Rohan Gavaskar,2.0,2.0,25.0,0.0,0.0,0.0,0.0,1.0,2010.0,0.0,0.0,8.0,0.0,1.0,2010.0,0.0,0.0,0.0,0.0,0.0,0.0,0.0,bowler,1.9711331811794577,0.0,0.0,False,True,False,False,2.0,25.0,0.0,8.0
Rohan Raje,20.0,6.0,111.105,1.0,1.0,0.0,0.0,2.0,2009.0,6.0,49.7,9.455,30.3,2.0,2009.0,0.0,0.0,0.0,0.0,0.0,0.0,0.0,bowler,7.799498912271374,1.1475409836065573,1.1475409836065573,False,False,False,False,10.0,111.105,3.0,9.455
Rohit Sharma,5879.0,30.537333333333333,129.71,519.0,240.0,1.0,40.0,15.0,2022.0,15.0,17.76625,9.35625,13.942499999999999,8.0,2021.0,3.0,6.0,7.0,475.0,207.6458823529412,6.0,12.0,allrounder,56.19934086291043,18.48511120027513,37.34222603159278,False,False,False,False,327.0,125.09333333333335,0.3333333333333333,8.1
Romario Shepherd,58.0,29.0,141.46,2.0,5.0,0.0,0.0,1.0,2022.0,3.0,32.66,10.88,18.0,1.0,2022.0,8.25,11.0,3.0,173.33,144.9975,2.0,2.0,bowler,17.778937632602887,33.87359566662845,33.87359566662845,False,False,False,False,58.0,141.46,3.0,10.88
Ronit More,2.0,0.0,100.0,0.0,0.0,0.0,0.0,1.0,2015.0,1.0,59.0,10.11,35.0,1.0,2015.0,0.0,0.0,0.0,0.0,0.0,0.0,0.0,bowler,5.007548309178744,0.19125683060109291,0.19125683060109291,False,False,False,False,2.0,100.0,1.0,10.11
Ross Taylor,1017.0,25.502857142857145,121.86428571428571,66.0,46.0,0.0,3.0,7.0,2014.0,0.0,0.0,12.0,0.0,2.0,2011.0,0.0,0.0,0.0,466.66,231.32133333333334,5.0,7.0,allrounder,20.874826989792712,0.0,10.437413494896356,False,False,False,False,106.33333333333333,99.36333333333334,0.0,12.0
Rovman Powell,250.0,25.0,149.7,10.0,22.0,0.0,1.0,1.0,2022.0,0.0,0.0,0.0,0.0,0.0,0.0,0.0,0.0,0.0,240.0,175.35923076923078,6.0,3.0,batter,18.149781231136544,0.0,18.149781231136544,False,True,True,False,250.0,149.7,0.0,0.0
Ruturaj Gaikwad,1207.0,40.88,127.80999999999999,113.0,43.0,1.0,10.0,3.0,2022.0,0.0,0.0,0.0,0.0,0.0,0.0,0.0,0.0,0.0,350.0,159.15341463414634,6.0,12.0,batter,31.087913017635504,0.0,31.087913017635504,False,True,False,True,402.3333333333333,127.80999999999999,0.0,0.0
Ryan Harris,115.0,14.1125,118.7875,6.0,3.0,0.0,0.0,4.0,2012.0,45.0,33.418,7.267999999999999,29.451999999999998,5.0,2013.0,3.0,13.5,9.0,325.0,325.0,1.0,1.0,allrounder,11.492669644278191,33.93872520921701,22.715697426747603,False,True,False,False,31.333333333333332,119.49666666666667,8.333333333333334,7.113333333333333
Ryan McLaren,159.0,17.833333333333332,79.8,14.0,1.0,0.0,1.0,3.0,2013.0,12.0,44.81,10.413333333333334,28.866666666666664,3.0,2013.0,5.25,9.5,2.0,325.0,221.8,1.0,6.0,allrounder,11.166085411383486,26.626375673506818,18.896230542445153,False,False,False,False,53.0,79.8,4.0,10.413333333333334
Ryan Ninan,3.0,3.0,50.0,0.0,0.0,0.0,0.0,1.0,2011.0,3.0,21.66,10.83,12.0,1.0,2011.0,0.0,0.0,0.0,0.0,0.0,0.0,0.0,bowler,3.5816997717691863,0.5737704918032787,0.5737704918032787,False,False,False,False,3.0,50.0,3.0,10.83
Ryan ten Doeschate,326.0,25.131999999999998,134.922,26.0,15.0,0.0,1.0,5.0,2015.0,2.0,11.8,6.8,9.6,5.0,2015.0,0.0,0.0,0.0,283.33,184.6783333333333,3.0,6.0,allrounder,17.54873515010831,0.38251366120218583,8.965624405655248,False,True,False,False,66.0,142.67999999999998,0.3333333333333333,6.333333333333333
SS Mundhe,0.0,0.0,0.0,0.0,0.0,0.0,0.0,0.0,0.0,1.0,6.0,6.0,6.0,1.0,2011.0,0.0,0.0,0.0,0.0,0.0,0.0,0.0,bowler,0.0,0.19125683060109291,0.19125683060109291,False,True,False,False,0.0,0.0,1.0,6.0
Sachin Baby,141.0,11.933333333333332,97.26666666666667,11.0,5.0,0.0,0.0,3.0,2021.0,2.0,4.0,4.8,5.0,1.0,2016.0,0.0,0.0,0.0,400.0,280.76666666666665,2.0,2.0,allrounder,9.793268222448003,0.38251366120218583,5.087890941825094,False,True,False,False,47.0,97.26666666666667,2.0,4.8
Sachin Rana,91.0,21.165,112.4,9.0,1.0,0.0,0.0,2.0,2014.0,0.0,0.0,5.5,0.0,2.0,2014.0,0.0,0.0,0.0,0.0,0.0,0.0,0.0,bowler,13.542971180062196,0.0,0.0,False,True,False,False,45.5,112.4,0.0,5.5
Sachin Tendulkar,2334.0,34.333333333333336,118.49666666666667,295.0,29.0,1.0,13.0,6.0,2013.0,0.0,0.0,9.66,0.0,1.0,2009.0,5.5,1.0,0.0,375.0,177.91511111111112,4.0,12.0,allrounder,32.70331611831919,13.942307692307692,23.32281190531344,False,False,False,False,388.0,117.34333333333332,0.0,9.66
Sachithra Senanayake,10.0,10.0,58.82,0.0,0.0,0.0,0.0,1.0,2013.0,9.0,23.22,6.53,21.33,1.0,2013.0,4.5,10.666666666666666,3.0,0.0,0.0,0.0,0.0,bowler,6.546665905897289,25.950623829722186,25.950623829722186,True,True,False,False,10.0,58.82,9.0,6.53
Sai Kishore,0.0,0.0,0.0,0.0,0.0,0.0,0.0,0.0,0.0,6.0,20.16,7.56,16.0,1.0,2022.0,5.0,6.333333333333333,2.0,0.0,0.0,0.0,0.0,bowler,0.0,20.94357827964385,20.94357827964385,False,True,False,False,0.0,0.0,6.0,7.56
Sai Sudharsan,145.0,36.25,127.19,14.0,3.0,0.0,1.0,1.0,2022.0,0.0,0.0,0.0,0.0,0.0,0.0,0.0,0.0,0.0,142.85,126.99222222222222,1.0,5.0,batter,20.109697019102438,0.0,20.109697019102438,False,True,False,True,145.0,127.19,0.0,0.0
Salman Butt,193.0,27.57,119.87,30.0,2.0,0.0,1.0,1.0,2008.0,0.0,0.0,0.0,0.0,0.0,0.0,0.0,0.0,0.0,135.18,122.64500000000001,1.0,10.0,batter,16.799886890427405,0.0,16.799886890427405,False,True,False,False,193.0,119.87,0.0,0.0
Sam Billings,503.0,16.528,106.22200000000001,40.0,20.0,0.0,3.0,5.0,2022.0,0.0,0.0,0.0,0.0,0.0,0.0,0.0,0.0,0.0,375.0,171.42499999999998,5.0,9.0,batter,14.222344785859413,0.0,14.222344785859413,False,True,False,False,92.33333333333333,86.97333333333334,0.0,0.0
Sam Curran,337.0,21.886666666666667,165.91,30.0,18.0,0.0,2.0,3.0,2021.0,32.0,31.73333333333333,9.299999999999999,20.393333333333334,3.0,2021.0,4.0,11.25,8.0,425.0,289.93666666666667,2.0,7.0,allrounder,18.250959263588804,30.777124173640566,24.514041718614685,False,False,True,False,112.33333333333333,165.91,10.666666666666666,9.299999999999999
Samuel Badree,13.0,2.6,56.52,0.0,0.0,0.0,0.0,1.0,2017.0,11.0,23.126666666666665,7.646666666666666,19.55333333333333,3.0,2017.0,2.25,11.5,5.0,0.0,0.0,0.0,0.0,bowler,3.802724343262764,22.52340555619244,22.52340555619244,False,True,False,False,13.0,56.52,3.6666666666666665,7.646666666666666
Sanath Jayasuriya,772.0,23.27333333333333,129.72666666666666,85.0,39.0,1.0,4.0,3.0,2010.0,13.0,32.343333333333334,7.896666666666667,24.926666666666666,3.0,2010.0,3.5,11.666666666666666,5.0,520.0,249.9294285714286,11.0,9.0,allrounder,22.03690768570746,25.99886793534334,24.0178878105254,False,True,False,False,257.3333333333333,129.72666666666666,4.333333333333333,7.896666666666667
Sandeep Lamichhane,0.0,0.0,0.0,0.0,0.0,0.0,0.0,1.0,2019.0,13.0,21.325,7.98,15.825,2.0,2019.0,5.25,10.0,2.0,0.0,0.0,0.0,0.0,bowler,0.0,27.442632504107912,27.442632504107912,False,True,False,False,0.0,0.0,6.5,7.98
Sandeep Sharma,52.0,2.875,88.0125,4.0,0.0,0.0,0.0,8.0,2021.0,114.0,33.721,7.813,25.8,10.0,2022.0,2.75,11.794117647058824,49.0,0.0,0.0,0.0,0.0,bowler,5.62265929214837,51.244352320774695,51.244352320774695,False,True,False,False,8.666666666666666,131.42666666666665,6.333333333333333,7.823333333333333
Sandeep Warrier,0.0,0.0,0.0,0.0,0.0,0.0,0.0,0.0,0.0,2.0,14.166666666666666,8.636666666666667,12.0,3.0,2021.0,0.0,0.0,0.0,0.0,0.0,0.0,0.0,bowler,0.0,0.38251366120218583,0.38251366120218583,False,True,False,False,0.0,0.0,0.6666666666666666,8.636666666666667
Sanjay Bangar,47.0,7.83,95.91,1.0,3.0,0.0,0.0,1.0,2008.0,4.0,54.75,8.76,37.5,1.0,2008.0,0.0,0.0,0.0,350.0,296.425,2.0,0.0,bowler,7.850603653028655,0.7650273224043717,0.7650273224043717,False,True,False,False,47.0,95.91,4.0,8.76
Sanju Samson,3526.0,28.974,134.769,279.0,158.0,3.0,17.0,10.0,2022.0,0.0,0.0,0.0,0.0,0.0,0.0,0.0,0.0,0.0,466.66,194.24053191489364,10.0,12.0,batter,45.45774157907133,0.0,45.45774157907133,False,True,False,False,439.0,147.46666666666667,0.0,0.0
Sarabjit Ladda,0.0,0.0,0.0,0.0,0.0,0.0,0.0,0.0,0.0,5.0,13.4375,9.8825,8.625,4.0,2016.0,0.0,0.0,0.0,0.0,0.0,0.0,0.0,bowler,0.0,0.9562841530054645,0.9562841530054645,False,False,False,False,0.0,0.0,0.3333333333333333,10.0
Sarfaraz Khan,532.0,23.254285714285714,124.15714285714286,59.0,13.0,0.0,1.0,7.0,2022.0,0.0,0.0,18.0,0.0,1.0,2019.0,0.0,0.0,0.0,440.0,222.28400000000002,2.0,6.0,allrounder,17.061991475299827,0.0,8.530995737649913,False,False,False,False,41.333333333333336,83.20333333333333,0.0,18.0
Saurabh Tiwary,1494.0,25.89,119.73545454545454,111.0,50.0,0.0,8.0,11.0,2021.0,0.0,0.0,0.0,0.0,0.0,0.0,0.0,0.0,0.0,375.0,187.2692592592593,4.0,9.0,batter,23.744757557414818,0.0,23.744757557414818,False,True,False,False,90.0,122.74333333333334,0.0,0.0
Scott Boland,0.0,0.0,0.0,0.0,0.0,0.0,0.0,0.0,0.0,2.0,27.0,7.71,21.0,1.0,2016.0,0.0,0.0,0.0,0.0,0.0,0.0,0.0,bowler,0.0,0.38251366120218583,0.38251366120218583,False,True,False,False,0.0,0.0,2.0,7.71
Scott Kuggeleijn,0.0,0.0,0.0,0.0,0.0,0.0,0.0,0.0,0.0,2.0,35.5,8.87,24.0,1.0,2019.0,0.0,0.0,0.0,0.0,0.0,0.0,0.0,bowler,0.0,0.38251366120218583,0.38251366120218583,False,True,False,False,0.0,0.0,2.0,8.87
Scott Styris,131.0,10.886666666666665,172.01666666666665,10.0,3.0,0.0,0.0,3.0,2011.0,8.0,26.376666666666665,9.456666666666667,21.2,3.0,2011.0,4.75,10.0,0.0,175.0,175.0,1.0,0.0,allrounder,13.063561517910323,24.991593106347203,19.027577312128763,False,False,False,False,43.666666666666664,172.01666666666665,2.6666666666666665,9.456666666666667
Sean Abbott,22.0,7.25,127.69,1.0,2.0,0.0,0.0,2.0,2022.0,1.0,23.5,11.575,12.0,2.0,2022.0,11.75,7.0,1.0,140.0,140.0,1.0,0.0,bowler,9.110298970932355,36.22709599144026,36.22709599144026,False,False,False,False,11.0,127.69,0.5,11.575
Shadab Jakati,28.0,6.666666666666667,80.55333333333334,3.0,0.0,0.0,0.0,3.0,2016.0,47.0,28.412857142857142,8.768571428571429,20.677142857142858,7.0,2017.0,4.25,9.857142857142858,12.0,0.0,0.0,0.0,0.0,bowler,6.511959235171462,33.16364646282679,33.16364646282679,False,True,False,False,9.333333333333334,80.55333333333334,0.6666666666666666,10.16
Shahbaz Ahmed,279.0,11.933333333333332,110.77,18.0,11.0,0.0,0.0,3.0,2022.0,13.0,39.71333333333333,7.833333333333333,27.5,3.0,2022.0,3.5,5.428571428571429,7.0,173.07,134.29272727272726,3.0,4.0,allrounder,11.15733544933876,18.542157978633387,14.849746713986073,False,True,False,False,93.0,110.77,4.333333333333333,7.833333333333333
Shahbaz Nadeem,39.0,1.995,40.2475,2.0,0.0,0.0,0.0,8.0,2021.0,48.0,36.04363636363637,7.970909090909092,26.39181818181818,11.0,2021.0,3.0,10.153846153846153,14.0,0.0,0.0,0.0,0.0,bowler,2.871367938806219,31.182076120600712,31.182076120600712,False,True,False,False,4.333333333333333,54.166666666666664,2.6666666666666665,9.030000000000001
Shahid Afridi,81.0,10.12,176.08,7.0,6.0,0.0,0.0,1.0,2008.0,9.0,25.0,7.5,20.0,1.0,2008.0,5.0,6.666666666666667,3.0,400.0,323.0133333333333,2.0,3.0,bowler,12.888513200953497,22.104469983568347,22.104469983568347,False,True,False,False,81.0,176.08,9.0,7.5
Shahrukh Khan,270.0,19.28,121.27000000000001,13.0,19.0,0.0,0.0,2.0,2022.0,0.0,0.0,0.0,0.0,0.0,0.0,0.0,0.0,0.0,300.0,167.55,2.0,4.0,batter,14.493692790371377,0.0,14.493692790371377,False,True,False,False,135.0,121.27000000000001,0.0,0.0
Shakib Al Hasan,793.0,15.222222222222221,117.13444444444445,73.0,21.0,0.0,2.0,9.0,2021.0,63.0,29.853333333333335,7.881111111111112,23.36555555555556,9.0,2021.0,3.25,9.235294117647058,25.0,400.0,230.028,4.0,6.0,allrounder,15.23940622408765,35.35466161129132,25.297033917689486,False,True,False,False,98.33333333333333,103.07333333333332,6.666666666666667,7.983333333333333
Shalabh Srivastava,5.0,0.5,91.665,0.0,0.0,0.0,0.0,2.0,2011.0,14.0,32.875,9.370000000000001,21.0,2.0,2011.0,0.0,0.0,0.0,0.0,0.0,0.0,0.0,bowler,4.780516990947039,2.6775956284153004,2.6775956284153004,False,False,False,False,2.5,91.665,7.0,9.370000000000001
Shane Bond,1.0,1.0,50.0,0.0,0.0,0.0,0.0,1.0,2010.0,9.0,24.88,7.22,20.66,1.0,2010.0,5.0,12.0,5.0,0.0,0.0,0.0,0.0,bowler,2.8605665905897286,29.1120457411441,29.1120457411441,False,True,False,False,1.0,50.0,9.0,7.22
Shane Harwood,9.0,0.0,64.28,0.0,0.0,0.0,0.0,1.0,2009.0,3.0,24.33,7.3,20.0,1.0,2009.0,0.0,0.0,0.0,0.0,0.0,0.0,0.0,bowler,3.247967391304348,0.5737704918032787,0.5737704918032787,False,True,False,False,9.0,64.28,3.0,7.3
Shane Warne,198.0,8.625,78.5925,14.0,6.0,0.0,0.0,4.0,2011.0,57.0,26.200000000000003,7.2475,21.700000000000003,4.0,2011.0,3.25,11.133333333333333,28.0,533.33,269.5316666666667,2.0,2.0,allrounder,7.9223095960894865,37.09103328365624,22.50667143987286,False,True,False,False,42.666666666666664,65.24333333333334,12.666666666666666,7.076666666666667
Shane Watson,3874.0,31.699166666666667,135.3658333333333,376.0,190.0,4.0,21.0,12.0,2020.0,92.0,32.657,8.006,24.349,10.0,2018.0,2.5,11.142857142857142,31.0,460.0,233.66564885496183,8.0,13.0,allrounder,51.91040718050453,42.57752152219365,47.24396435134909,False,True,False,False,417.3333333333333,134.4,10.333333333333334,8.89
Shanthakumaran Sreesanth,32.0,0.0,78.17,6.0,0.0,0.0,0.0,2.0,2010.0,40.0,36.188,8.202,26.086000000000002,5.0,2013.0,2.5,13.333333333333334,15.0,0.0,0.0,0.0,0.0,bowler,4.029272946859903,32.64298884175933,32.64298884175933,False,True,False,False,16.0,78.17,5.0,8.013333333333334
Shardul Thakur,173.0,5.214285714285714,130.24714285714285,12.0,8.0,0.0,0.0,7.0,2022.0,82.0,30.4,9.51142857142857,19.232857142857142,7.0,2022.0,2.75,10.222222222222221,25.0,300.0,201.45125000000002,3.0,4.0,allrounder,9.249793224674697,39.06835536958488,24.159074297129788,False,False,False,False,45.666666666666664,98.35666666666667,15.333333333333334,9.026666666666666
Shashank Singh,69.0,17.25,146.8,5.0,4.0,0.0,0.0,1.0,2022.0,0.0,0.0,0.0,0.0,0.0,0.0,0.0,0.0,0.0,416.66,214.61,3.0,2.0,batter,13.867131005599994,0.0,13.867131005599994,False,True,False,False,69.0,146.8,0.0,0.0
Shaun Marsh,2477.0,38.614444444444445,131.62222222222223,266.0,78.0,1.0,20.0,9.0,2017.0,0.0,0.0,0.0,0.0,0.0,0.0,0.0,0.0,0.0,500.0,203.0060606060606,7.0,14.0,batter,38.095611380402815,0.0,38.095611380402815,False,True,False,True,168.0,131.46,0.0,0.0
Shaun Pollock,147.0,18.37,132.43,12.0,8.0,0.0,0.0,1.0,2008.0,11.0,27.36,6.54,25.09,1.0,2008.0,2.25,13.0,7.0,475.0,309.4433333333333,3.0,3.0,allrounder,13.954667409818578,24.73931464710153,19.346991028460053,True,True,False,False,147.0,132.43,11.0,6.54
Shaun Tait,22.0,11.0,96.15,1.0,1.0,0.0,0.0,2.0,2011.0,23.0,42.68,8.36,29.09,4.0,2013.0,3.25,12.0,10.0,0.0,0.0,0.0,0.0,bowler,8.843259401451903,28.60345255837059,28.60345255837059,False,True,False,False,11.0,96.15,4.333333333333333,8.323333333333332
Sheldon Cottrell,0.0,0.0,0.0,0.0,0.0,0.0,0.0,1.0,2020.0,6.0,29.33,8.8,20.0,1.0,2020.0,5.0,13.0,5.0,0.0,0.0,0.0,0.0,bowler,0.0,29.78827524934082,29.78827524934082,False,True,False,False,0.0,0.0,6.0,8.8
Sheldon Jackson,61.0,12.375,105.52,5.0,1.0,0.0,0.0,2.0,2022.0,0.0,0.0,0.0,0.0,0.0,0.0,0.0,0.0,0.0,100.0,100.0,1.0,0.0,batter,9.949541029937897,0.0,9.949541029937897,False,True,False,False,30.5,105.52,0.0,0.0
Sherfane Rutherford,106.0,15.55,100.59,3.0,8.0,0.0,0.0,2.0,2022.0,1.0,59.0,8.63,41.0,1.0,2019.0,0.0,0.0,0.0,215.38,118.46,3.0,1.0,allrounder,11.201772402133319,0.19125683060109291,5.696514616367206,False,True,False,False,53.0,100.59,1.0,8.63
Shikhar Dhawan,6284.0,32.236875,121.08,704.0,136.0,2.0,47.0,15.0,2022.0,4.0,14.665,7.33,12.0,2.0,2012.0,4.0,4.0,1.0,433.33,165.5026119402985,5.0,14.0,allrounder,58.78588811313004,15.166251098628146,36.9760696058791,False,True,False,False,555.0,130.67000000000002,2.0,7.33
Shimron Hetmyer,831.0,30.1375,148.3125,55.0,52.0,0.0,3.0,4.0,2022.0,0.0,0.0,0.0,0.0,0.0,0.0,0.0,0.0,0.0,533.33,221.552,6.0,5.0,batter,23.316917692337647,0.0,23.316917692337647,False,True,True,False,247.0,156.65666666666667,0.0,0.0
Shivam Dube,688.0,22.35,129.86,46.0,38.0,0.0,3.0,4.0,2022.0,4.0,6.083333333333333,7.57,4.5,3.0,2021.0,5.0,7.0,2.0,380.0,179.78727272727272,8.0,6.0,allrounder,18.68391062795958,21.394397951775,20.03915428986729,False,True,False,False,216.0,132.74333333333334,1.3333333333333333,7.57
Shivam Mavi,51.0,5.8325,81.4825,4.0,2.0,0.0,0.0,4.0,2022.0,30.0,36.0325,8.835,23.7175,4.0,2022.0,3.25,11.555555555555555,10.0,340.0,246.92000000000002,2.0,1.0,bowler,6.403621175993638,29.386694817022683,29.386694817022683,False,True,False,False,12.666666666666666,79.75666666666667,8.333333333333334,8.566666666666668
Shivam Sharma,5.0,5.0,166.66,1.0,0.0,0.0,0.0,1.0,2014.0,4.0,42.165,11.11,25.0,2.0,2015.0,0.0,0.0,0.0,0.0,0.0,0.0,0.0,bowler,10.135832952948643,0.7650273224043717,0.7650273224043717,False,False,False,False,5.0,166.66,2.0,11.11
Shivil Kaushik,0.0,0.0,0.0,0.0,0.0,0.0,0.0,1.0,2016.0,6.0,32.0,8.34,23.0,1.0,2016.0,5.0,10.0,5.0,0.0,0.0,0.0,0.0,bowler,0.0,26.03827524934082,26.03827524934082,False,True,False,False,0.0,0.0,6.0,8.34
Shivnarine Chanderpaul,25.0,8.33,80.64,4.0,0.0,0.0,0.0,1.0,2008.0,0.0,0.0,0.0,0.0,0.0,0.0,0.0,0.0,0.0,0.0,0.0,0.0,0.0,batter,7.098434856617272,0.0,7.098434856617272,False,True,False,False,25.0,80.64,0.0,0.0
Shoaib Ahmed,1.0,0.5,16.66,0.0,0.0,0.0,0.0,1.0,2009.0,5.0,30.4,8.94,20.4,1.0,2009.0,5.0,14.0,2.0,0.0,0.0,0.0,0.0,bowler,1.0151703725895505,30.335654782376093,30.335654782376093,False,True,False,False,1.0,16.66,5.0,8.94
Shoaib Akhtar,2.0,2.0,28.57,0.0,0.0,0.0,0.0,1.0,2008.0,5.0,10.8,7.71,8.4,1.0,2008.0,3.66,12.0,4.0,0.0,0.0,0.0,0.0,bowler,2.149633181179458,25.084256180977494,25.084256180977494,False,True,False,False,2.0,28.57,5.0,7.71
Shoaib Malik,52.0,13.0,110.63,5.0,0.0,0.0,0.0,1.0,2008.0,2.0,42.5,10.0,25.5,1.0,2008.0,0.0,0.0,0.0,0.0,0.0,0.0,0.0,bowler,10.366057706651983,0.38251366120218583,0.38251366120218583,False,False,False,False,52.0,110.63,2.0,10.0
Shoaib Shaikh,6.0,6.0,85.71,1.0,0.0,0.0,0.0,1.0,2009.0,0.0,0.0,0.0,0.0,0.0,0.0,0.0,0.0,0.0,0.0,0.0,0.0,0.0,batter,6.4488995435383725,0.0,6.4488995435383725,False,True,False,False,6.0,85.71,0.0,0.0
Shreevats Goswami,293.0,14.315714285714284,85.39714285714285,32.0,3.0,0.0,1.0,7.0,2020.0,0.0,0.0,0.0,0.0,0.0,0.0,0.0,0.0,0.0,300.0,181.98000000000002,1.0,7.0,batter,10.752641809258805,0.0,10.752641809258805,False,True,False,False,40.333333333333336,77.66000000000001,0.0,0.0
Shreyas Gopal,180.0,7.7075,104.25,19.0,2.0,0.0,0.0,8.0,2022.0,49.0,19.666249999999998,8.9225,13.2875,8.0,2022.0,3.0,10.2,17.0,200.0,164.285,0.0,4.0,allrounder,8.697847935523292,31.942388895257746,20.320118415390517,False,True,False,False,17.666666666666668,121.14666666666666,3.6666666666666665,10.623333333333333
Shreyas Iyer,2776.0,30.15375,118.73625000000001,237.0,99.0,0.0,19.0,8.0,2022.0,0.0,0.0,0.0,0.0,0.0,0.0,0.0,0.0,0.0,466.66,185.1769014084507,10.0,15.0,batter,33.46412331935838,0.0,33.46412331935838,False,True,False,False,365.0,120.05333333333333,0.0,0.0
Shrikant Wagh,0.0,0.0,0.0,0.0,0.0,0.0,0.0,0.0,0.0,5.0,23.125,11.78,15.0,2.0,2011.0,4.5,8.0,4.0,0.0,0.0,0.0,0.0,bowler,0.0,22.022717719439033,22.022717719439033,False,False,False,False,0.0,0.0,2.5,11.78
Shubham Agarwal,0.0,0.0,0.0,0.0,0.0,0.0,0.0,0.0,0.0,1.0,42.0,10.5,24.0,1.0,2017.0,0.0,0.0,0.0,0.0,0.0,0.0,0.0,bowler,0.0,0.19125683060109291,0.19125683060109291,False,False,False,False,0.0,0.0,1.0,10.5
Shubman Gill,1900.0,32.632,127.91599999999998,188.0,47.0,0.0,14.0,5.0,2022.0,0.0,0.0,0.0,0.0,0.0,0.0,0.0,0.0,0.0,320.0,154.12692307692308,4.0,11.0,batter,29.118663694607257,0.0,29.118663694607257,False,True,False,False,467.0,123.05999999999999,0.0,0.0
Siddarth Kaul,20.0,0.16666666666666666,49.865,1.0,0.0,0.0,0.0,6.0,2021.0,58.0,36.84285714285714,9.62142857142857,24.09714285714286,7.0,2021.0,4.0,9.333333333333334,12.0,0.0,0.0,0.0,0.0,bowler,2.6281984977874995,34.03578661775383,34.03578661775383,False,False,False,False,3.6666666666666665,40.473333333333336,5.0,11.063333333333333
Siddharth Chitnis,99.0,11.5,115.3625,10.0,2.0,0.0,0.0,4.0,2012.0,2.0,30.0,10.0,18.0,1.0,2008.0,0.0,0.0,0.0,325.0,221.875,1.0,5.0,bowler,10.300901727315516,0.38251366120218583,0.38251366120218583,False,False,False,False,27.0,93.81666666666666,2.0,10.0
Siddharth Trivedi,42.0,4.5,72.138,3.0,1.0,0.0,0.0,5.0,2013.0,65.0,28.89,7.645,22.80333333333333,6.0,2013.0,2.66,10.615384615384615,22.0,0.0,0.0,0.0,0.0,bowler,5.398991659237022,35.589386296763344,35.589386296763344,False,True,False,False,9.333333333333334,89.67666666666666,11.666666666666666,7.546666666666667
Siddhesh Lad,15.0,15.0,115.38,1.0,1.0,0.0,0.0,1.0,2019.0,0.0,0.0,0.0,0.0,0.0,0.0,0.0,0.0,0.0,0.0,0.0,0.0,0.0,batter,11.205510063327726,0.0,11.205510063327726,False,True,False,False,15.0,115.38,0.0,0.0
Simarjeet Singh,7.0,7.0,87.5,0.0,0.0,0.0,0.0,1.0,2022.0,4.0,34.5,7.66,27.0,1.0,2022.0,5.5,14.5,3.0,0.0,0.0,0.0,0.0,bowler,6.898966134128102,32.0936986510757,32.0936986510757,False,True,False,False,7.0,87.5,4.0,7.66
Simon Katich,241.0,56.055,131.53,26.0,8.0,0.0,2.0,2.0,2009.0,0.0,0.0,0.0,0.0,0.0,0.0,0.0,0.0,0.0,360.0,213.9611111111111,4.0,11.0,batter,28.080531262263356,0.0,28.080531262263356,False,True,False,True,120.5,131.53,0.0,0.0
Simran Singh,14.0,14.0,127.27,2.0,0.0,0.0,0.0,1.0,2022.0,0.0,0.0,0.0,0.0,0.0,0.0,0.0,0.0,0.0,127.27,127.27,0.0,2.0,batter,11.411432268256203,0.0,11.411432268256203,False,True,False,False,14.0,127.27,0.0,0.0
Sohail Tanvir,36.0,12.0,124.13,3.0,1.0,0.0,0.0,1.0,2008.0,22.0,12.09,6.46,11.22,1.0,2008.0,2.5,15.5,13.0,0.0,0.0,0.0,0.0,bowler,10.651890001703466,31.567790133363903,31.567790133363903,True,True,False,False,36.0,124.13,22.0,6.46
Sourav Ganguly,1349.0,25.407999999999998,101.25399999999999,137.0,42.0,0.0,7.0,5.0,2012.0,10.0,29.3325,8.682500000000001,21.5,4.0,2012.0,2.33,9.666666666666666,3.0,450.0,193.565625,6.0,11.0,allrounder,21.692183639491457,19.884188352630975,20.788185996061216,False,True,False,False,270.3333333333333,100.42999999999999,1.3333333333333333,9.443333333333333
Sreenath Aravind,59.0,2.0,104.375,7.0,0.0,0.0,0.0,4.0,2017.0,45.0,21.73,9.548,15.828,5.0,2017.0,3.5,11.11111111111111,13.0,0.0,0.0,0.0,0.0,bowler,6.15500999277366,32.78827843377024,32.78827843377024,False,False,False,False,15.333333333333334,85.0,8.0,7.913333333333334
Sridharan Sriram,31.0,15.5,75.12,3.0,0.0,0.0,0.0,2.0,2011.0,0.0,0.0,18.5,0.0,2.0,2011.0,0.0,0.0,0.0,0.0,0.0,0.0,0.0,bowler,9.403281550276063,0.0,0.0,False,False,False,False,15.5,75.12,0.0,18.5
Srikar Bharat,8.0,4.0,114.28,2.0,0.0,0.0,0.0,1.0,2022.0,0.0,0.0,0.0,0.0,0.0,0.0,0.0,0.0,0.0,160.0,160.0,0.0,2.0,batter,7.171362980716403,0.0,7.171362980716403,False,True,False,False,8.0,114.28,0.0,0.0
Srikkanth Anirudha,106.0,6.1875,114.465,7.0,5.0,0.0,1.0,4.0,2014.0,0.0,0.0,0.0,0.0,0.0,0.0,0.0,0.0,0.0,300.0,198.18,2.0,6.0,batter,8.656204791819786,0.0,8.656204791819786,False,True,False,False,35.0,147.86,0.0,0.0
Stephen Fleming,196.0,21.77,119.51,27.0,3.0,0.0,0.0,1.0,2008.0,0.0,0.0,0.0,0.0,0.0,0.0,0.0,0.0,0.0,260.0,181.83599999999998,2.0,7.0,batter,14.566639244690053,0.0,14.566639244690053,False,True,False,False,196.0,119.51,0.0,0.0
Steve Smith,2485.0,35.42111111111111,128.60000000000002,225.0,60.0,1.0,11.0,9.0,2021.0,0.0,0.0,15.0,0.0,1.0,2012.0,0.0,0.0,0.0,420.0,204.37660714285715,5.0,9.0,allrounder,34.664467979706615,0.0,17.332233989853307,False,False,False,True,260.6666666666667,119.93666666666668,0.0,15.0
Stuart Binny,880.0,19.958,132.66500000000002,66.0,35.0,0.0,0.0,10.0,2019.0,22.0,29.982999999999997,8.801,24.35,10.0,2019.0,1.5,7.2,5.0,400.0,261.2911764705882,3.0,4.0,allrounder,18.05576163320521,17.521461462035234,17.78861154762022,False,True,False,False,64.0,130.15,1.6666666666666667,10.37
Subramaniam Badrinath,1441.0,31.05,118.39333333333333,154.0,28.0,0.0,11.0,6.0,2013.0,0.0,0.0,0.0,0.0,0.0,0.0,0.0,0.0,0.0,425.0,191.56833333333333,3.0,9.0,batter,25.257979330290006,0.0,25.257979330290006,False,True,False,False,238.66666666666666,112.42,0.0,0.0
Sudeep Tyagi,3.0,0.0,75.0,0.0,0.0,0.0,0.0,1.0,2010.0,6.0,93.1,8.594999999999999,58.9,2.0,2010.0,4.0,8.75,1.0,0.0,0.0,0.0,0.0,bowler,3.7613224637681157,21.486264759830334,21.486264759830334,False,True,False,False,3.0,75.0,3.0,8.594999999999999
Sudhesan Midhun,0.0,0.0,0.0,0.0,0.0,0.0,0.0,0.0,0.0,0.0,0.0,13.5,0.0,1.0,2019.0,0.0,0.0,0.0,0.0,0.0,0.0,0.0,bowler,0.0,0.0,0.0,False,False,False,False,0.0,0.0,0.0,13.5
Sumit Narwal,37.0,15.0,134.995,6.0,0.0,0.0,0.0,2.0,2013.0,5.0,18.5,10.15,9.4,2.0,2013.0,0.0,0.0,0.0,153.33,153.33,0.0,4.0,bowler,12.241280259812116,0.9562841530054645,0.9562841530054645,False,False,False,False,18.5,134.995,2.5,10.15
Sunil Joshi,6.0,3.0,42.85,0.0,0.0,0.0,0.0,1.0,2008.0,1.0,82.0,8.94,55.0,1.0,2008.0,5.0,5.0,0.0,0.0,0.0,0.0,0.0,bowler,3.235522235537302,17.97971836906263,17.97971836906263,False,True,False,False,6.0,42.85,1.0,8.94
Sunil Narine,1025.0,10.498181818181818,122.23363636363636,112.0,63.0,0.0,4.0,11.0,2022.0,152.0,30.074545454545454,6.734545454545454,26.25,11.0,2022.0,2.72,11.0,88.0,480.0,270.06781818181815,5.0,9.0,allrounder,16.231308759865527,64.0979613282892,40.164635044077365,True,True,False,False,84.66666666666667,150.58666666666667,10.0,6.6499999999999995
Sunny Gupta,0.0,0.0,0.0,0.0,0.0,0.0,0.0,0.0,0.0,0.0,0.0,15.66,0.0,1.0,2012.0,0.0,0.0,0.0,0.0,0.0,0.0,0.0,bowler,0.0,0.0,0.0,False,False,False,False,0.0,0.0,0.0,15.66
Sunny Singh,43.0,10.75,138.7,6.0,1.0,0.0,0.0,1.0,2011.0,0.0,0.0,0.0,0.0,0.0,0.0,0.0,0.0,0.0,0.0,0.0,0.0,0.0,batter,10.960818538828622,0.0,10.960818538828622,False,True,False,False,43.0,138.7,0.0,0.0
Sunny Sohal,368.0,13.756666666666666,101.33666666666666,34.0,18.0,0.0,2.0,3.0,2011.0,0.0,0.0,0.0,0.0,0.0,0.0,0.0,0.0,0.0,433.33,201.3225,4.0,8.0,batter,12.23856888450977,0.0,12.23856888450977,False,True,False,False,122.66666666666667,101.33666666666666,0.0,0.0
Suraj Randiv,0.0,0.0,0.0,0.0,0.0,0.0,0.0,0.0,0.0,6.0,37.16,7.68,29.0,1.0,2011.0,0.0,0.0,0.0,0.0,0.0,0.0,0.0,bowler,0.0,1.1475409836065573,1.1475409836065573,False,True,False,False,0.0,0.0,6.0,7.68
Suresh Raina,5528.0,32.963846153846156,135.91615384615386,506.0,203.0,1.0,39.0,13.0,2021.0,25.0,44.666363636363634,7.869999999999999,34.43545454545454,11.0,2019.0,3.0,6.928571428571429,9.0,457.14,213.594375,6.0,12.0,allrounder,54.82908196355391,21.899302882909442,38.36419242323168,False,True,False,False,329.3333333333333,126.46999999999998,0.3333333333333333,7.5666666666666655
Suryakumar Yadav,2644.0,29.872222222222224,135.99777777777777,284.0,84.0,0.0,16.0,9.0,2022.0,0.0,0.0,8.0,0.0,1.0,2014.0,0.0,0.0,0.0,400.0,174.72661538461537,6.0,13.0,allrounder,32.752840698032614,0.0,16.376420349016307,False,True,False,False,366.6666666666667,144.70333333333332,0.0,8.0
Suyash S Prabhudessai,67.0,13.4,113.55,7.0,2.0,0.0,0.0,1.0,2022.0,0.0,0.0,0.0,0.0,0.0,0.0,0.0,0.0,0.0,188.88,136.774,1.0,5.0,batter,10.76740940885629,0.0,10.76740940885629,False,True,False,False,67.0,113.55,0.0,0.0
Swapnil Asnodkar,423.0,14.575,115.96000000000001,56.0,10.0,0.0,2.0,4.0,2011.0,0.0,0.0,0.0,0.0,0.0,0.0,0.0,0.0,0.0,280.0,172.79384615384618,2.0,10.0,batter,13.245199561197849,0.0,13.245199561197849,False,True,False,False,37.333333333333336,110.12333333333333,0.0,0.0
Swapnil Singh,12.0,3.0,31.575,0.0,0.0,0.0,0.0,2.0,2017.0,1.0,30.5,9.185,21.0,2.0,2017.0,0.0,0.0,0.0,0.0,0.0,0.0,0.0,bowler,2.6944171630735343,0.19125683060109291,0.19125683060109291,False,False,False,False,6.0,31.575,0.5,9.185
Syed Mohammad,29.0,1.6666666666666667,200.64,4.0,0.0,0.0,0.0,3.0,2013.0,8.0,18.576666666666664,8.946666666666667,12.666666666666666,3.0,2013.0,5.0,9.0,3.0,0.0,0.0,0.0,0.0,bowler,10.736104543092383,24.82987981963392,24.82987981963392,False,True,False,False,9.666666666666666,200.64,2.6666666666666665,8.946666666666667
T Natarajan,3.0,0.0,60.0,0.0,0.0,0.0,0.0,1.0,2020.0,38.0,36.5125,8.7875,24.9725,4.0,2022.0,2.75,8.0,16.0,0.0,0.0,0.0,0.0,bowler,3.0113224637681157,26.341186136268103,26.341186136268103,False,True,False,False,3.0,60.0,12.0,8.693333333333333
TP Sudhindra,0.0,0.0,0.0,0.0,0.0,0.0,0.0,0.0,0.0,1.0,136.0,11.65,70.0,1.0,2012.0,0.0,0.0,0.0,0.0,0.0,0.0,0.0,bowler,0.0,0.19125683060109291,0.19125683060109291,False,False,False,False,0.0,0.0,1.0,11.65
Tabraiz Shamsi,2.0,0.0,50.0,0.0,0.0,0.0,0.0,1.0,2021.0,3.0,24.5,8.84,16.0,2.0,2021.0,5.25,9.0,1.0,0.0,0.0,0.0,0.0,bowler,2.507548309178744,24.10960965264244,24.10960965264244,False,True,False,False,2.0,50.0,1.5,8.84
Tanmay Srivastava,8.0,4.0,40.0,0.0,0.0,0.0,0.0,2.0,2009.0,0.0,0.0,0.0,0.0,0.0,0.0,0.0,0.0,0.0,0.0,0.0,0.0,0.0,batter,3.457362980716403,0.0,3.457362980716403,False,True,False,False,4.0,40.0,0.0,0.0
Taruwar Kohli,11.0,3.0,45.83,0.0,1.0,0.0,0.0,2.0,2009.0,0.0,0.0,0.0,0.0,0.0,0.0,0.0,0.0,0.0,0.0,0.0,0.0,0.0,batter,3.4314042129659548,0.0,3.4314042129659548,False,True,False,False,5.5,45.83,0.0,0.0
Tatenda Taibu,31.0,10.33,119.23,3.0,0.0,0.0,0.0,1.0,2008.0,0.0,0.0,0.0,0.0,0.0,0.0,0.0,0.0,0.0,0.0,0.0,0.0,0.0,batter,9.764164656154218,0.0,9.764164656154218,False,True,False,False,31.0,119.23,0.0,0.0
Tejas Baroka,0.0,0.0,0.0,0.0,0.0,0.0,0.0,0.0,0.0,0.0,0.0,9.42,0.0,1.0,2017.0,0.0,0.0,0.0,0.0,0.0,0.0,0.0,bowler,0.0,0.0,0.0,False,False,False,False,0.0,0.0,0.0,9.42
Thalaivan Sargunam,10.0,10.0,58.82,0.0,0.0,0.0,0.0,1.0,2013.0,0.0,0.0,0.0,0.0,0.0,0.0,0.0,0.0,0.0,0.0,0.0,0.0,0.0,batter,6.546665905897289,0.0,6.546665905897289,False,True,False,False,10.0,58.82,0.0,0.0
Thilan Thushara,12.0,6.0,59.735,0.0,0.0,0.0,0.0,2.0,2010.0,8.0,20.1,7.23,16.7,2.0,2010.0,0.0,0.0,0.0,0.0,0.0,0.0,0.0,bowler,5.172794471074605,1.5300546448087433,1.5300546448087433,False,True,False,False,6.0,59.735,4.0,7.23
Thisara Perera,422.0,13.244,102.77000000000001,23.0,26.0,0.0,0.0,5.0,2016.0,31.0,28.645,10.785000000000002,19.825,6.0,2016.0,3.47,11.25,6.0,475.0,278.02153846153846,4.0,3.0,allrounder,12.184843575630314,29.02188132905346,20.603362452341887,False,False,False,False,131.66666666666666,128.07666666666668,9.666666666666666,8.996666666666668
Tilak Varma,397.0,36.09,131.02,29.0,16.0,0.0,2.0,1.0,2022.0,0.0,0.0,0.0,0.0,0.0,0.0,0.0,0.0,0.0,184.84,136.66727272727272,5.0,4.0,batter,21.744528029312608,0.0,21.744528029312608,False,True,False,True,397.0,131.02,0.0,0.0
Tillakaratne Dilshan,735.0,20.746,106.22200000000001,98.0,11.0,0.0,5.0,5.0,2013.0,5.0,26.865999999999996,8.314,18.866,5.0,2013.0,4.75,11.0,1.0,333.33,159.96733333333336,2.0,10.0,allrounder,16.721168675677454,25.838277159998473,21.279722917837965,False,True,False,False,195.66666666666666,105.48666666666668,0.3333333333333333,10.0
Tim David,187.0,19.1,124.80000000000001,12.0,16.0,0.0,0.0,2.0,2022.0,0.0,0.0,0.0,0.0,0.0,0.0,0.0,0.0,0.0,309.09,228.70636363636365,4.0,3.0,batter,14.20868170752806,0.0,14.20868170752806,False,True,False,False,93.5,124.80000000000001,0.0,0.0
Tim Paine,10.0,5.0,38.46,0.0,0.0,0.0,0.0,1.0,2011.0,0.0,0.0,0.0,0.0,0.0,0.0,0.0,0.0,0.0,0.0,0.0,0.0,0.0,batter,3.744703725895504,0.0,3.744703725895504,False,True,False,False,10.0,38.46,0.0,0.0
Tim Seifert,26.0,7.0,88.155,4.0,0.0,0.0,0.0,2.0,2022.0,0.0,0.0,0.0,0.0,0.0,0.0,0.0,0.0,0.0,150.0,150.0,0.0,4.0,batter,7.00342507132617,0.0,7.00342507132617,False,True,False,False,13.0,88.155,0.0,0.0
Tim Southee,120.0,7.9375,115.67,8.0,4.0,0.0,0.0,8.0,2022.0,45.0,41.41222222222222,8.918888888888889,25.88444444444444,9.0,2022.0,5.0,10.538461538461538,19.0,227.27,227.27,2.0,1.0,allrounder,9.180483329404641,36.556732202224005,22.868607765814325,False,True,False,False,4.666666666666667,58.88666666666666,6.0,9.623333333333333
Tirumalasetti Suman,676.0,17.308,108.04400000000001,55.0,26.0,0.0,2.0,5.0,2013.0,6.0,9.15,8.7575,7.5,4.0,2013.0,3.5,11.0,2.0,350.0,186.44,3.0,6.0,allrounder,15.227553671606618,23.315373151438724,19.27146341152267,False,True,False,False,44.0,98.68,0.3333333333333333,9.276666666666666
Tom Banton,18.0,9.0,90.0,1.0,1.0,0.0,0.0,1.0,2020.0,0.0,0.0,0.0,0.0,0.0,0.0,0.0,0.0,0.0,0.0,0.0,0.0,0.0,batter,7.8070779110937,0.0,7.8070779110937,False,True,False,False,18.0,90.0,0.0,0.0
Tom Curran,127.0,37.22,113.17666666666666,10.0,3.0,0.0,1.0,3.0,2021.0,13.0,38.33,10.736666666666666,21.16333333333333,3.0,2021.0,0.0,0.0,0.0,333.33,241.665,3.0,2.0,allrounder,19.687184232747423,2.486338797814208,11.086761515280816,False,False,False,True,42.333333333333336,113.17666666666666,4.333333333333333,10.736666666666666
Travis Birt,75.0,15.0,129.31,9.0,2.0,0.0,0.0,1.0,2011.0,0.0,0.0,0.0,0.0,0.0,0.0,0.0,0.0,0.0,300.0,240.0,1.0,5.0,batter,12.156470543171837,0.0,12.156470543171837,False,True,False,False,75.0,129.31,0.0,0.0
Travis Head,205.0,28.6,137.405,12.0,8.0,0.0,1.0,2.0,2017.0,2.0,40.5,10.12,24.0,1.0,2017.0,0.0,0.0,0.0,425.0,246.24333333333334,5.0,3.0,allrounder,18.25749018147099,0.38251366120218583,9.320001921336587,False,False,False,False,102.5,137.405,2.0,10.12
Trent Boult,53.0,4.5,66.73833333333333,2.0,2.0,0.0,0.0,6.0,2022.0,92.0,30.895,8.555,21.53875,8.0,2022.0,3.5,12.045454545454545,31.0,188.88,173.01,1.0,2.0,bowler,5.198535230868573,46.01346058313271,46.01346058313271,False,True,False,False,13.666666666666666,54.31,18.0,7.933333333333334
Tristan Stubbs,2.0,1.0,50.0,0.0,0.0,0.0,0.0,1.0,2022.0,0.0,0.0,0.0,0.0,0.0,0.0,0.0,0.0,0.0,0.0,0.0,0.0,0.0,batter,2.864340745179101,0.0,2.864340745179101,False,True,False,False,2.0,50.0,0.0,0.0
Tushar Deshpande,21.0,21.0,175.0,2.0,1.0,0.0,0.0,1.0,2020.0,4.0,63.5,10.145,38.0,2.0,2022.0,10.0,9.0,1.0,325.0,325.0,1.0,1.0,bowler,16.3499096068661,35.26240494478199,35.26240494478199,False,False,False,False,21.0,175.0,2.0,10.145
Tymal Mills,8.0,2.66,72.72,0.0,1.0,0.0,0.0,1.0,2017.0,11.0,31.130000000000003,9.870000000000001,19.2,2.0,2022.0,8.75,8.0,3.0,0.0,0.0,0.0,0.0,bowler,4.643272320957718,32.80749646528334,32.80749646528334,False,False,False,False,8.0,72.72,5.5,9.870000000000001
Tyron Henderson,11.0,5.5,68.75,0.0,1.0,0.0,0.0,1.0,2009.0,1.0,40.0,6.66,36.0,1.0,2009.0,5.0,5.0,0.0,0.0,0.0,0.0,0.0,bowler,5.469385302966847,17.97971836906263,17.97971836906263,False,True,False,False,11.0,68.75,1.0,6.66
Udit Birla,7.0,7.0,50.0,1.0,0.0,0.0,0.0,1.0,2013.0,0.0,0.0,0.0,0.0,0.0,0.0,0.0,0.0,0.0,0.0,0.0,0.0,0.0,batter,5.023966134128102,0.0,5.023966134128102,False,True,False,False,7.0,50.0,0.0,0.0
Umar Gul,39.0,13.0,205.26,1.0,5.0,0.0,0.0,1.0,2008.0,12.0,15.33,8.17,11.25,1.0,2008.0,5.75,13.0,4.0,218.18,218.18,3.0,1.0,bowler,15.18854971939911,32.49613091826207,32.49613091826207,False,True,False,False,39.0,205.26,12.0,8.17
Umesh Yadav,174.0,10.5,95.383,15.0,8.0,0.0,0.0,10.0,2022.0,135.0,31.522499999999997,8.708333333333334,21.97583333333333,12.0,2022.0,2.75,11.533333333333333,50.0,360.0,193.10500000000002,2.0,4.0,allrounder,9.396263112408812,55.105219916695326,32.25074151455207,False,True,False,False,26.666666666666668,79.16666666666667,8.0,9.57
Umran Malik,4.0,4.0,50.0,0.0,0.0,0.0,0.0,1.0,2022.0,24.0,34.09,8.515,24.7,2.0,2022.0,3.25,11.9,19.0,0.0,0.0,0.0,0.0,bowler,3.9422663623589154,30.203800298062593,30.203800298062593,False,True,False,False,4.0,50.0,12.0,8.515
Unmukt Chand,298.0,11.59,70.19800000000001,32.0,9.0,0.0,1.0,5.0,2016.0,0.0,0.0,0.0,0.0,0.0,0.0,0.0,0.0,0.0,340.0,217.83333333333334,2.0,8.0,batter,9.207108426398307,0.0,9.207108426398307,False,True,False,False,34.666666666666664,48.370000000000005,0.0,0.0
Usman Khawaja,127.0,21.16,127.0,14.0,3.0,0.0,0.0,1.0,2016.0,0.0,0.0,0.0,0.0,0.0,0.0,0.0,0.0,0.0,260.0,203.075,0.0,4.0,batter,14.46307919206317,0.0,14.46307919206317,False,True,False,False,127.0,127.0,0.0,0.0
VVS Laxman,282.0,15.565000000000001,96.6025,33.0,5.0,0.0,1.0,4.0,2011.0,0.0,0.0,0.0,0.0,0.0,0.0,0.0,0.0,0.0,280.0,161.156,2.0,8.0,batter,11.773152068142602,0.0,11.773152068142602,False,True,False,False,42.333333333333336,89.66333333333334,0.0,0.0
Vaibhav Arora,5.0,2.5,38.46,0.0,0.0,0.0,0.0,1.0,2022.0,3.0,54.66,9.19,35.66,1.0,2022.0,5.25,9.333333333333334,3.0,0.0,0.0,0.0,0.0,bowler,2.833851862947752,24.867185410218198,24.867185410218198,False,False,False,False,5.0,38.46,3.0,9.19
Varun Aaron,49.0,2.2,79.158,2.0,2.0,0.0,0.0,5.0,2020.0,44.0,38.25888888888889,9.275555555555556,25.422222222222224,9.0,2022.0,1.5,10.9,18.0,0.0,0.0,0.0,0.0,bowler,4.983799343043597,28.570020826168367,28.570020826168367,False,False,False,False,2.6666666666666665,30.95,2.0,10.603333333333333
Varun Chakaravarthy,24.0,2.3333333333333335,61.10666666666666,2.0,0.0,0.0,0.0,3.0,2022.0,42.0,34.0375,8.3975,24.5025,4.0,2022.0,3.25,10.470588235294118,22.0,62.5,62.5,0.0,2.0,bowler,3.9784287274790935,32.37102217936355,32.37102217936355,False,True,False,False,8.0,61.10666666666666,13.666666666666666,7.31
Veer Pratap Singh,0.0,0.0,0.0,0.0,0.0,0.0,0.0,0.0,0.0,10.0,29.6,8.7,20.4,1.0,2012.0,0.0,0.0,0.0,0.0,0.0,0.0,0.0,bowler,0.0,1.912568306010929,1.912568306010929,False,True,False,False,0.0,0.0,10.0,8.7
Venkatesh Iyer,552.0,28.83,118.08,54.0,21.0,0.0,5.0,2.0,2022.0,3.0,23.0,8.11,17.0,1.0,2021.0,0.0,0.0,0.0,350.0,156.41272727272727,4.0,9.0,allrounder,19.787820483267197,0.5737704918032787,10.180795487535239,False,True,False,False,276.0,118.08,3.0,8.11
Venugopal Rao,985.0,21.57166666666667,110.40333333333332,77.0,37.0,0.0,3.0,6.0,2014.0,6.0,16.5,10.318333333333333,10.75,6.0,2014.0,4.0,7.0,1.0,425.0,209.2045,6.0,5.0,allrounder,18.526286557167655,19.298764759830334,18.912525658498993,False,False,False,False,179.66666666666666,112.48333333333335,0.0,11.333333333333334
Vidyut Sivaramakrishnan,145.0,18.12,133.02,21.0,3.0,0.0,1.0,1.0,2008.0,1.0,22.0,11.0,12.0,1.0,2008.0,0.0,0.0,0.0,173.91,159.925,1.0,7.0,allrounder,13.932550154415965,0.19125683060109291,7.061903492508529,False,False,False,False,145.0,133.02,1.0,11.0
Vijay Shankar,731.0,27.405,111.86166666666668,46.0,28.0,0.0,3.0,6.0,2022.0,9.0,36.366,10.931999999999999,23.95,5.0,2021.0,5.0,8.666666666666666,3.0,380.0,215.13250000000002,5.0,9.0,allrounder,19.469756327799782,24.604469983568347,22.037113155684064,False,False,False,False,58.0,88.95,2.6666666666666665,8.020000000000001
Vijay Zol,29.0,14.5,111.53,3.0,1.0,0.0,0.0,1.0,2014.0,0.0,0.0,0.0,0.0,0.0,0.0,0.0,0.0,0.0,0.0,0.0,0.0,0.0,batter,10.887452009578755,0.0,10.887452009578755,False,True,False,False,29.0,111.53,0.0,0.0
Vikram Singh,4.0,2.0,133.33,1.0,0.0,0.0,0.0,1.0,2008.0,12.0,60.09,8.93,40.09,2.0,2009.0,3.75,9.5,1.0,0.0,0.0,0.0,0.0,bowler,7.395181490358203,22.994382666513815,22.994382666513815,False,True,False,False,4.0,133.33,6.0,8.93
Vikramjeet Malik,7.0,3.0,85.0,1.0,0.0,0.0,0.0,2.0,2014.0,6.0,33.9,7.774000000000001,25.4,5.0,2014.0,4.66,12.0,2.0,0.0,0.0,0.0,0.0,bowler,5.346796390126674,27.2422962283618,27.2422962283618,False,True,False,False,3.5,85.0,1.0,7.353333333333334
Vikrant Yeligati,2.0,2.0,100.0,0.0,0.0,0.0,0.0,1.0,2008.0,0.0,0.0,11.8,0.0,1.0,2008.0,0.0,0.0,0.0,0.0,0.0,0.0,0.0,bowler,5.721133181179457,0.0,0.0,False,False,False,False,2.0,100.0,0.0,11.8
Vinay Kumar,310.0,13.141,105.494,21.0,9.0,0.0,0.0,10.0,2018.0,105.0,29.80909090909091,9.159999999999998,20.482727272727274,11.0,2018.0,4.33,9.76923076923077,16.0,366.66,366.66,3.0,0.0,allrounder,11.385398164522137,45.013086094233635,28.199242129377886,False,False,False,False,6.333333333333333,102.77666666666669,2.3333333333333335,11.463333333333333
Virat Kohli,6624.0,36.378,126.54666666666667,578.0,218.0,5.0,44.0,15.0,2022.0,4.0,14.285714285714286,9.704285714285714,10.571428571428571,7.0,2016.0,0.0,0.0,0.0,500.0,197.87111764705884,8.0,12.0,allrounder,71.06131929533328,0.7650273224043717,35.91317330886883,False,False,False,True,404.0,118.93,0.0,11.593333333333334
Virat Singh,15.0,7.5,57.69,1.0,0.0,0.0,0.0,1.0,2021.0,0.0,0.0,0.0,0.0,0.0,0.0,0.0,0.0,0.0,0.0,0.0,0.0,0.0,batter,5.617055588843256,0.0,5.617055588843256,False,True,False,False,15.0,57.69,0.0,0.0
Virender Sehwag,2530.0,27.785714285714285,153.51714285714283,310.0,99.0,2.0,15.0,7.0,2015.0,6.0,12.997499999999999,9.0975,8.3325,4.0,2013.0,4.5,13.0,2.0,500.0,241.69645569620255,8.0,13.0,allrounder,37.689087961453424,28.12306545913103,32.906076710292226,False,False,True,False,283.0,129.63,1.0,8.1
Vishnu Vinod,19.0,6.33,73.07,1.0,1.0,0.0,0.0,1.0,2017.0,0.0,0.0,0.0,0.0,0.0,0.0,0.0,0.0,0.0,0.0,0.0,0.0,0.0,batter,6.011716261562119,0.0,6.011716261562119,False,True,False,False,19.0,73.07,0.0,0.0
Wanindu Hasaranga,39.0,3.215,69.185,4.0,1.0,0.0,0.0,2.0,2022.0,26.0,8.265,8.77,6.575,2.0,2022.0,3.75,10.25,23.0,233.33,136.805,1.0,2.0,bowler,4.781540915208447,30.359478294929115,30.359478294929115,False,True,False,False,19.5,69.185,13.0,8.77
Washington Sundar,318.0,11.973333333333334,101.42333333333333,26.0,9.0,0.0,0.0,6.0,2022.0,33.0,34.33833333333333,7.640000000000001,27.25,6.0,2022.0,3.0,8.777777777777779,18.0,285.71,191.22333333333333,3.0,5.0,allrounder,10.795443433467362,27.274956373317032,19.035199903392197,False,True,False,False,81.0,109.72000000000001,5.666666666666667,7.286666666666666
Wasim Jaffer,130.0,13.33,99.4,14.0,3.0,0.0,1.0,2.0,2009.0,0.0,0.0,0.0,0.0,0.0,0.0,0.0,0.0,0.0,151.51,140.64333333333332,2.0,6.0,batter,10.485902067133678,0.0,10.485902067133678,False,True,False,False,65.0,99.4,0.0,0.0
Wayne Parnell,63.0,6.02,84.165,4.0,1.0,0.0,0.0,4.0,2014.0,26.0,27.3125,7.4925,22.435000000000002,4.0,2014.0,3.0,13.0,8.0,0.0,0.0,0.0,0.0,bowler,6.621923408334375,29.5093908823417,29.5093908823417,False,True,False,False,8.666666666666666,80.59666666666668,5.666666666666667,7.57
Wilkin Mota,56.0,16.0,79.39500000000001,2.0,0.0,0.0,0.0,2.0,2009.0,4.0,28.165,9.385,18.0,2.0,2009.0,4.0,4.0,1.0,0.0,0.0,0.0,0.0,bowler,9.889781633010541,15.166251098628146,15.166251098628146,False,False,False,False,28.0,79.39500000000001,2.0,9.385
Wriddhiman Saha,2427.0,28.365333333333336,124.88866666666667,231.0,76.0,1.0,11.0,15.0,2022.0,0.0,0.0,0.0,0.0,0.0,0.0,0.0,0.0,0.0,375.0,187.72420289855071,8.0,12.0,batter,32.19073147735454,0.0,32.19073147735454,False,True,False,False,220.66666666666666,118.60666666666667,0.0,0.0
Y Gnaneswara Rao,19.0,19.0,111.76,3.0,0.0,0.0,0.0,1.0,2011.0,0.0,0.0,7.0,0.0,1.0,2011.0,0.0,0.0,0.0,0.0,0.0,0.0,0.0,bowler,12.438765221204848,0.0,0.0,False,True,False,False,19.0,111.76,0.0,7.0
Yash Dayal,0.0,0.0,0.0,0.0,0.0,0.0,0.0,0.0,0.0,11.0,26.9,9.25,17.45,1.0,2022.0,6.0,9.333333333333334,8.0,0.0,0.0,0.0,0.0,bowler,0.0,28.980282013068898,28.980282013068898,False,False,False,False,0.0,0.0,11.0,9.25
Yashasvi Jaiswal,547.0,21.343333333333334,124.03000000000002,62.0,22.0,0.0,3.0,3.0,2022.0,0.0,0.0,0.0,0.0,0.0,0.0,0.0,0.0,0.0,366.66,161.50653846153847,3.0,9.0,batter,17.052904506909087,0.0,17.052904506909087,False,True,False,False,182.33333333333334,124.03000000000002,0.0,0.0
Yashpal Singh,47.0,11.75,71.21,5.0,0.0,0.0,0.0,1.0,2009.0,0.0,0.0,0.0,0.0,0.0,0.0,0.0,0.0,0.0,111.11,111.11,0.0,3.0,batter,7.930196388704676,0.0,7.930196388704676,False,True,False,False,47.0,71.21,0.0,0.0
Yo Mahesh,15.0,7.5,55.55,0.0,0.0,0.0,0.0,1.0,2008.0,20.0,24.373333333333335,8.366666666666667,17.49,3.0,2012.0,5.25,9.5,3.0,0.0,0.0,0.0,0.0,bowler,5.510055588843256,28.326884863770108,28.326884863770108,False,True,False,False,15.0,55.55,6.666666666666667,8.366666666666667
Yogesh Nagar,263.0,23.125,112.64,19.0,9.0,0.0,0.0,2.0,2012.0,1.0,33.5,11.7,15.0,2.0,2012.0,0.0,0.0,0.0,320.0,205.60500000000002,2.0,2.0,allrounder,15.127528579849216,0.19125683060109291,7.659392705225154,False,False,False,False,131.5,112.64,0.5,11.7
Yogesh Takawale,104.0,20.8,114.28,17.0,1.0,0.0,0.0,1.0,2014.0,0.0,0.0,0.0,0.0,0.0,0.0,0.0,0.0,0.0,280.0,182.61666666666667,1.0,8.0,batter,13.5558059505839,0.0,13.5558059505839,False,True,False,False,104.0,114.28,0.0,0.0
Younis Khan,3.0,3.0,42.85,0.0,0.0,0.0,0.0,1.0,2008.0,0.0,0.0,0.0,0.0,0.0,0.0,0.0,0.0,0.0,0.0,0.0,0.0,0.0,batter,3.2241997717691864,0.0,3.2241997717691864,False,True,False,False,3.0,42.85,0.0,0.0
Yusuf Abdulla,0.0,0.0,0.0,0.0,0.0,0.0,0.0,0.0,0.0,15.0,41.605000000000004,9.125,26.5,2.0,2010.0,4.75,14.5,5.0,0.0,0.0,0.0,0.0,bowler,0.0,32.80766364782758,32.80766364782758,False,False,False,False,0.0,0.0,7.5,9.125
Yusuf Pathan,3204.0,30.2975,138.13583333333335,262.0,158.0,1.0,13.0,12.0,2019.0,42.0,33.42666666666667,7.938333333333333,25.826666666666668,12.0,2019.0,1.5,8.2,17.0,480.0,248.24073684210526,8.0,9.0,allrounder,39.14227951626596,24.642052619511638,31.892166067888798,False,True,False,False,147.66666666666666,114.40666666666668,0.6666666666666666,8.416666666666666
Yuvraj Singh,2750.0,24.50090909090909,128.20000000000002,217.0,149.0,0.0,13.0,11.0,2019.0,36.0,25.977999999999998,8.362,20.012999999999998,10.0,2018.0,3.25,7.833333333333333,15.0,600.0,229.58329545454546,9.0,11.0,allrounder,32.11174103473621,26.73373075012419,29.422735892430204,False,True,False,False,138.33333333333334,120.69,0.3333333333333333,10.31
Yuzvendra Chahal,37.0,1.66625,52.545,0.0,0.0,0.0,0.0,8.0,2022.0,166.0,20.432,7.712999999999999,16.293,10.0,2022.0,1.5,9.254901960784315,79.0,0.0,0.0,0.0,0.0,bowler,3.361399116292358,60.24470888320937,60.24470888320937,False,True,False,False,5.333333333333333,44.28666666666667,22.0,7.293333333333333
Zaheer Khan,117.0,9.0,85.7075,11.0,2.0,0.0,0.0,8.0,2017.0,102.0,26.119999999999997,7.459999999999999,21.117,10.0,2017.0,2.25,11.80952380952381,31.0,320.0,287.775,1.0,3.0,allrounder,7.994105419923319,44.74650008461484,26.370302752269076,False,True,False,False,6.0,63.73000000000001,9.0,7.316666666666666
